ISO-10303-21;
HEADER;
FILE_DESCRIPTION(('KiCad electronic assembly'),'2;1');
FILE_NAME('LearnSAT-BoBa_haircut_pcb.step','2026-04-09T16:47:49',(
    'Pcbnew'),('Kicad'),'Open CASCADE STEP processor 7.8',
  'KiCad to STEP converter','Unknown');
FILE_SCHEMA(('AUTOMOTIVE_DESIGN { 1 0 10303 214 1 1 1 1 }'));
ENDSEC;
DATA;
#1 = APPLICATION_PROTOCOL_DEFINITION('international standard',
  'automotive_design',2000,#2);
#2 = APPLICATION_CONTEXT(
  'core data for automotive mechanical design processes');
#3 = SHAPE_DEFINITION_REPRESENTATION(#4,#10);
#4 = PRODUCT_DEFINITION_SHAPE('','',#5);
#5 = PRODUCT_DEFINITION('design','',#6,#9);
#6 = PRODUCT_DEFINITION_FORMATION('','',#7);
#7 = PRODUCT('LearnSAT-BoBa_haircut_pcb 1','LearnSAT-BoBa_haircut_pcb 1'
  ,'',(#8));
#8 = PRODUCT_CONTEXT('',#2,'mechanical');
#9 = PRODUCT_DEFINITION_CONTEXT('part definition',#2,'design');
#10 = SHAPE_REPRESENTATION('',(#11,#15),#19);
#11 = AXIS2_PLACEMENT_3D('',#12,#13,#14);
#12 = CARTESIAN_POINT('',(0.,0.,0.));
#13 = DIRECTION('',(0.,0.,1.));
#14 = DIRECTION('',(1.,0.,-0.));
#15 = AXIS2_PLACEMENT_3D('',#16,#17,#18);
#16 = CARTESIAN_POINT('',(0.,0.,0.));
#17 = DIRECTION('',(0.,0.,1.));
#18 = DIRECTION('',(1.,0.,-0.));
#19 = ( GEOMETRIC_REPRESENTATION_CONTEXT(3) 
GLOBAL_UNCERTAINTY_ASSIGNED_CONTEXT((#23)) GLOBAL_UNIT_ASSIGNED_CONTEXT(
(#20,#21,#22)) REPRESENTATION_CONTEXT('Context #1',
  '3D Context with UNIT and UNCERTAINTY') );
#20 = ( LENGTH_UNIT() NAMED_UNIT(*) SI_UNIT(.MILLI.,.METRE.) );
#21 = ( NAMED_UNIT(*) PLANE_ANGLE_UNIT() SI_UNIT($,.RADIAN.) );
#22 = ( NAMED_UNIT(*) SI_UNIT($,.STERADIAN.) SOLID_ANGLE_UNIT() );
#23 = UNCERTAINTY_MEASURE_WITH_UNIT(LENGTH_MEASURE(1.E-07),#20,
  'distance_accuracy_value','confusion accuracy');
#24 = PRODUCT_RELATED_PRODUCT_CATEGORY('part',$,(#7));
#25 = SHAPE_DEFINITION_REPRESENTATION(#26,#32);
#26 = PRODUCT_DEFINITION_SHAPE('','',#27);
#27 = PRODUCT_DEFINITION('design','',#28,#31);
#28 = PRODUCT_DEFINITION_FORMATION('','',#29);
#29 = PRODUCT('LearnSAT-BoBa_updatedboardfix_pcb_PCB',
  'LearnSAT-BoBa_updatedboardfix_pcb_PCB','',(#30));
#30 = PRODUCT_CONTEXT('',#2,'mechanical');
#31 = PRODUCT_DEFINITION_CONTEXT('part definition',#2,'design');
#32 = ADVANCED_BREP_SHAPE_REPRESENTATION('',(#11,#33),#6903);
#33 = MANIFOLD_SOLID_BREP('',#34);
#34 = CLOSED_SHELL('',(#35,#77,#108,#139,#1985,#3831,#3848,#3865,#3882,
    #3899,#3916,#3933,#3950,#3967,#3984,#4001,#4018,#4035,#4052,#4069,
    #4086,#4103,#4120,#4137,#4154,#4171,#4188,#4205,#4222,#4239,#4256,
    #4273,#4290,#4307,#4324,#4341,#4358,#4375,#4392,#4409,#4426,#4443,
    #4455,#4472,#4494,#4511,#4528,#4540,#4557,#4579,#4596,#4613,#4625,
    #4647,#4664,#4681,#4693,#4715,#4732,#4749,#4761,#4778,#4795,#4812,
    #4834,#4851,#4868,#4880,#4897,#4914,#4931,#4948,#4965,#4982,#4999,
    #5016,#5033,#5050,#5067,#5084,#5101,#5118,#5135,#5152,#5169,#5191,
    #5208,#5225,#5237,#5254,#5271,#5288,#5305,#5322,#5339,#5356,#5373,
    #5390,#5407,#5424,#5441,#5458,#5475,#5492,#5509,#5526,#5543,#5560,
    #5577,#5594,#5611,#5628,#5645,#5662,#5679,#5696,#5713,#5730,#5747,
    #5764,#5781,#5798,#5815,#5832,#5849,#5871,#5888,#5905,#5917,#5934,
    #5951,#5968,#5985,#6002,#6019,#6036,#6053,#6070,#6087,#6104,#6121,
    #6138,#6155,#6172,#6189,#6206,#6223,#6240,#6257,#6274,#6291,#6308,
    #6325,#6342,#6359,#6376,#6393,#6410,#6427,#6444,#6461,#6483,#6500,
    #6517,#6529,#6546,#6563,#6580,#6597,#6614,#6631,#6648,#6665,#6682,
    #6699,#6716,#6733,#6750,#6767,#6784,#6801,#6818,#6835,#6852,#6869,
    #6886));
#35 = ADVANCED_FACE('',(#36),#72,.T.);
#36 = FACE_BOUND('',#37,.T.);
#37 = EDGE_LOOP('',(#38,#48,#57,#65));
#38 = ORIENTED_EDGE('',*,*,#39,.T.);
#39 = EDGE_CURVE('',#40,#42,#44,.T.);
#40 = VERTEX_POINT('',#41);
#41 = CARTESIAN_POINT('',(248.35,186.97201,0.));
#42 = VERTEX_POINT('',#43);
#43 = CARTESIAN_POINT('',(248.35,186.97201,1.299358));
#44 = LINE('',#45,#46);
#45 = CARTESIAN_POINT('',(248.35,186.97201,0.));
#46 = VECTOR('',#47,1.);
#47 = DIRECTION('',(0.,0.,1.));
#48 = ORIENTED_EDGE('',*,*,#49,.T.);
#49 = EDGE_CURVE('',#42,#50,#52,.T.);
#50 = VERTEX_POINT('',#51);
#51 = CARTESIAN_POINT('',(249.82201,185.5,1.299358));
#52 = CIRCLE('',#53,1.47201086371);
#53 = AXIS2_PLACEMENT_3D('',#54,#55,#56);
#54 = CARTESIAN_POINT('',(248.34999913629,185.49999913629,1.299358));
#55 = DIRECTION('',(0.,0.,-1.));
#56 = DIRECTION('',(5.867547167577E-07,1.,0.));
#57 = ORIENTED_EDGE('',*,*,#58,.F.);
#58 = EDGE_CURVE('',#59,#50,#61,.T.);
#59 = VERTEX_POINT('',#60);
#60 = CARTESIAN_POINT('',(249.82201,185.5,0.));
#61 = LINE('',#62,#63);
#62 = CARTESIAN_POINT('',(249.82201,185.5,0.));
#63 = VECTOR('',#64,1.);
#64 = DIRECTION('',(0.,0.,1.));
#65 = ORIENTED_EDGE('',*,*,#66,.F.);
#66 = EDGE_CURVE('',#40,#59,#67,.T.);
#67 = CIRCLE('',#68,1.47201086371);
#68 = AXIS2_PLACEMENT_3D('',#69,#70,#71);
#69 = CARTESIAN_POINT('',(248.34999913629,185.49999913629,0.));
#70 = DIRECTION('',(0.,0.,-1.));
#71 = DIRECTION('',(5.867547167577E-07,1.,0.));
#72 = CYLINDRICAL_SURFACE('',#73,1.47201086371);
#73 = AXIS2_PLACEMENT_3D('',#74,#75,#76);
#74 = CARTESIAN_POINT('',(248.34999913629,185.49999913629,0.));
#75 = DIRECTION('',(0.,0.,-1.));
#76 = DIRECTION('',(5.867547167577E-07,1.,0.));
#77 = ADVANCED_FACE('',(#78),#103,.T.);
#78 = FACE_BOUND('',#79,.T.);
#79 = EDGE_LOOP('',(#80,#90,#96,#97));
#80 = ORIENTED_EDGE('',*,*,#81,.T.);
#81 = EDGE_CURVE('',#82,#84,#86,.T.);
#82 = VERTEX_POINT('',#83);
#83 = CARTESIAN_POINT('',(165.906351,186.942064,0.));
#84 = VERTEX_POINT('',#85);
#85 = CARTESIAN_POINT('',(165.906351,186.942064,1.299358));
#86 = LINE('',#87,#88);
#87 = CARTESIAN_POINT('',(165.906351,186.942064,0.));
#88 = VECTOR('',#89,1.);
#89 = DIRECTION('',(0.,0.,1.));
#90 = ORIENTED_EDGE('',*,*,#91,.T.);
#91 = EDGE_CURVE('',#84,#42,#92,.T.);
#92 = LINE('',#93,#94);
#93 = CARTESIAN_POINT('',(165.906351,186.942064,1.299358));
#94 = VECTOR('',#95,1.);
#95 = DIRECTION('',(0.999999934032,3.632298956654E-04,0.));
#96 = ORIENTED_EDGE('',*,*,#39,.F.);
#97 = ORIENTED_EDGE('',*,*,#98,.F.);
#98 = EDGE_CURVE('',#82,#40,#99,.T.);
#99 = LINE('',#100,#101);
#100 = CARTESIAN_POINT('',(165.906351,186.942064,0.));
#101 = VECTOR('',#102,1.);
#102 = DIRECTION('',(0.999999934032,3.632298956654E-04,0.));
#103 = PLANE('',#104);
#104 = AXIS2_PLACEMENT_3D('',#105,#106,#107);
#105 = CARTESIAN_POINT('',(165.906351,186.942064,0.));
#106 = DIRECTION('',(-3.632298956654E-04,0.999999934032,0.));
#107 = DIRECTION('',(0.999999934032,3.632298956654E-04,0.));
#108 = ADVANCED_FACE('',(#109),#134,.T.);
#109 = FACE_BOUND('',#110,.T.);
#110 = EDGE_LOOP('',(#111,#112,#120,#128));
#111 = ORIENTED_EDGE('',*,*,#58,.T.);
#112 = ORIENTED_EDGE('',*,*,#113,.T.);
#113 = EDGE_CURVE('',#50,#114,#116,.T.);
#114 = VERTEX_POINT('',#115);
#115 = CARTESIAN_POINT('',(249.82201,166.917475,1.299358));
#116 = LINE('',#117,#118);
#117 = CARTESIAN_POINT('',(249.82201,185.5,1.299358));
#118 = VECTOR('',#119,1.);
#119 = DIRECTION('',(0.,-1.,0.));
#120 = ORIENTED_EDGE('',*,*,#121,.F.);
#121 = EDGE_CURVE('',#122,#114,#124,.T.);
#122 = VERTEX_POINT('',#123);
#123 = CARTESIAN_POINT('',(249.82201,166.917475,0.));
#124 = LINE('',#125,#126);
#125 = CARTESIAN_POINT('',(249.82201,166.917475,0.));
#126 = VECTOR('',#127,1.);
#127 = DIRECTION('',(0.,0.,1.));
#128 = ORIENTED_EDGE('',*,*,#129,.F.);
#129 = EDGE_CURVE('',#59,#122,#130,.T.);
#130 = LINE('',#131,#132);
#131 = CARTESIAN_POINT('',(249.82201,185.5,0.));
#132 = VECTOR('',#133,1.);
#133 = DIRECTION('',(0.,-1.,0.));
#134 = PLANE('',#135);
#135 = AXIS2_PLACEMENT_3D('',#136,#137,#138);
#136 = CARTESIAN_POINT('',(249.82201,185.5,0.));
#137 = DIRECTION('',(1.,0.,-0.));
#138 = DIRECTION('',(0.,-1.,0.));
#139 = ADVANCED_FACE('',(#140,#460,#471,#507,#518,#554,#590,#626,#637,
    #648,#659,#695,#706,#717,#728,#739,#750,#761,#772,#783,#794,#805,
    #816,#827,#838,#849,#860,#871,#882,#918,#929,#940,#951,#962,#973,
    #984,#995,#1006,#1017,#1028,#1039,#1050,#1061,#1072,#1083,#1094,
    #1105,#1116,#1127,#1138,#1149,#1160,#1171,#1182,#1193,#1204,#1215,
    #1226,#1237,#1248,#1259,#1270,#1281,#1292,#1303,#1314,#1350,#1361,
    #1372,#1383,#1394,#1405,#1416,#1427,#1438,#1449,#1460,#1471,#1482,
    #1493,#1504,#1515,#1526,#1537,#1548,#1559,#1570,#1581,#1592,#1603,
    #1614,#1625,#1636,#1647,#1658,#1669,#1680,#1691,#1702,#1738,#1749,
    #1760,#1771,#1782,#1793,#1804,#1815,#1826,#1837,#1848,#1859,#1870,
    #1881,#1892,#1903,#1914,#1925,#1936,#1947,#1958,#1969),#1980,.F.);
#140 = FACE_BOUND('',#141,.F.);
#141 = EDGE_LOOP('',(#142,#143,#144,#153,#161,#170,#179,#187,#196,#204,
    #213,#221,#230,#238,#247,#255,#264,#272,#281,#290,#298,#307,#316,
    #324,#333,#341,#350,#358,#367,#375,#384,#392,#401,#409,#418,#427,
    #435,#444,#452,#459));
#142 = ORIENTED_EDGE('',*,*,#66,.F.);
#143 = ORIENTED_EDGE('',*,*,#98,.F.);
#144 = ORIENTED_EDGE('',*,*,#145,.F.);
#145 = EDGE_CURVE('',#146,#82,#148,.T.);
#146 = VERTEX_POINT('',#147);
#147 = CARTESIAN_POINT('',(164.07201,185.114075,0.));
#148 = CIRCLE('',#149,1.828007085304);
#149 = AXIS2_PLACEMENT_3D('',#150,#151,#152);
#150 = CARTESIAN_POINT('',(165.90001708529,185.11406788801,0.));
#151 = DIRECTION('',(0.,0.,-1.));
#152 = DIRECTION('',(-0.999999999992,3.890569397206E-06,0.));
#153 = ORIENTED_EDGE('',*,*,#154,.F.);
#154 = EDGE_CURVE('',#155,#146,#157,.T.);
#155 = VERTEX_POINT('',#156);
#156 = CARTESIAN_POINT('',(164.07201,152.417475,0.));
#157 = LINE('',#158,#159);
#158 = CARTESIAN_POINT('',(164.07201,152.417475,0.));
#159 = VECTOR('',#160,1.);
#160 = DIRECTION('',(0.,1.,0.));
#161 = ORIENTED_EDGE('',*,*,#162,.F.);
#162 = EDGE_CURVE('',#163,#155,#165,.T.);
#163 = VERTEX_POINT('',#164);
#164 = CARTESIAN_POINT('',(165.57201,150.917488,0.));
#165 = CIRCLE('',#166,1.499992050942);
#166 = AXIS2_PLACEMENT_3D('',#167,#168,#169);
#167 = CARTESIAN_POINT('',(165.57200205093,152.41748005092,0.));
#168 = DIRECTION('',(0.,0.,-1.));
#169 = DIRECTION('',(5.299406025032E-06,-0.999999999986,0.));
#170 = ORIENTED_EDGE('',*,*,#171,.F.);
#171 = EDGE_CURVE('',#172,#163,#174,.T.);
#172 = VERTEX_POINT('',#173);
#173 = CARTESIAN_POINT('',(167.07201,149.417475,0.));
#174 = CIRCLE('',#175,1.500033022322);
#175 = AXIS2_PLACEMENT_3D('',#176,#177,#178);
#176 = CARTESIAN_POINT('',(165.57197697781,149.41745497804,0.));
#177 = DIRECTION('',(0.,0.,1.));
#178 = DIRECTION('',(0.999999999911,1.334767831883E-05,-0.));
#179 = ORIENTED_EDGE('',*,*,#180,.F.);
#180 = EDGE_CURVE('',#181,#172,#183,.T.);
#181 = VERTEX_POINT('',#182);
#182 = CARTESIAN_POINT('',(167.07201,131.735575,0.));
#183 = LINE('',#184,#185);
#184 = CARTESIAN_POINT('',(167.07201,131.735575,0.));
#185 = VECTOR('',#186,1.);
#186 = DIRECTION('',(0.,1.,0.));
#187 = ORIENTED_EDGE('',*,*,#188,.F.);
#188 = EDGE_CURVE('',#189,#181,#191,.T.);
#189 = VERTEX_POINT('',#190);
#190 = CARTESIAN_POINT('',(166.020817,130.684375,0.));
#191 = CIRCLE('',#192,1.051174900558);
#192 = AXIS2_PLACEMENT_3D('',#193,#194,#195);
#193 = CARTESIAN_POINT('',(166.02083509974,131.7355499004,0.));
#194 = DIRECTION('',(0.,0.,1.));
#195 = DIRECTION('',(-1.721858200398E-05,-0.999999999852,0.));
#196 = ORIENTED_EDGE('',*,*,#197,.F.);
#197 = EDGE_CURVE('',#198,#189,#200,.T.);
#198 = VERTEX_POINT('',#199);
#199 = CARTESIAN_POINT('',(165.875398,130.684374,0.));
#200 = LINE('',#201,#202);
#201 = CARTESIAN_POINT('',(165.875398,130.684374,0.));
#202 = VECTOR('',#203,1.);
#203 = DIRECTION('',(0.999999999976,6.87668047127E-06,0.));
#204 = ORIENTED_EDGE('',*,*,#205,.F.);
#205 = EDGE_CURVE('',#206,#198,#208,.T.);
#206 = VERTEX_POINT('',#207);
#207 = CARTESIAN_POINT('',(164.07201,128.880975,0.));
#208 = CIRCLE('',#209,1.803438818559);
#209 = AXIS2_PLACEMENT_3D('',#210,#211,#212);
#210 = CARTESIAN_POINT('',(165.87544881812,128.88093518215,0.));
#211 = DIRECTION('',(0.,0.,-1.));
#212 = DIRECTION('',(-0.999999999756,2.207884333839E-05,0.));
#213 = ORIENTED_EDGE('',*,*,#214,.F.);
#214 = EDGE_CURVE('',#215,#206,#217,.T.);
#215 = VERTEX_POINT('',#216);
#216 = CARTESIAN_POINT('',(164.07201,95.417475,0.));
#217 = LINE('',#218,#219);
#218 = CARTESIAN_POINT('',(164.07201,95.417475,0.));
#219 = VECTOR('',#220,1.);
#220 = DIRECTION('',(0.,1.,0.));
#221 = ORIENTED_EDGE('',*,*,#222,.F.);
#222 = EDGE_CURVE('',#223,#215,#225,.T.);
#223 = VERTEX_POINT('',#224);
#224 = CARTESIAN_POINT('',(165.822008,93.667485,0.));
#225 = CIRCLE('',#226,1.749979061121);
#226 = AXIS2_PLACEMENT_3D('',#227,#228,#229);
#227 = CARTESIAN_POINT('',(165.82198906108,95.417464061019,0.));
#228 = DIRECTION('',(0.,0.,-1.));
#229 = DIRECTION('',(1.082236550745E-05,-0.999999999941,0.));
#230 = ORIENTED_EDGE('',*,*,#231,.F.);
#231 = EDGE_CURVE('',#232,#223,#234,.T.);
#232 = VERTEX_POINT('',#233);
#233 = CARTESIAN_POINT('',(175.572111,93.667475,0.));
#234 = LINE('',#235,#236);
#235 = CARTESIAN_POINT('',(175.572111,93.667475,0.));
#236 = VECTOR('',#237,1.);
#237 = DIRECTION('',(-0.999999999999,1.025630191104E-06,0.));
#238 = ORIENTED_EDGE('',*,*,#239,.F.);
#239 = EDGE_CURVE('',#240,#232,#242,.T.);
#240 = VERTEX_POINT('',#241);
#241 = CARTESIAN_POINT('',(176.395724,93.326279,0.));
#242 = CIRCLE('',#243,1.164568759822);
#243 = AXIS2_PLACEMENT_3D('',#244,#245,#246);
#244 = CARTESIAN_POINT('',(175.57214783734,92.502906240761,0.));
#245 = DIRECTION('',(0.,0.,1.));
#246 = DIRECTION('',(0.707194105724,0.707019445863,-0.));
#247 = ORIENTED_EDGE('',*,*,#248,.F.);
#248 = EDGE_CURVE('',#249,#240,#251,.T.);
#249 = VERTEX_POINT('',#250);
#250 = CARTESIAN_POINT('',(176.8654,92.856605,0.));
#251 = LINE('',#252,#253);
#252 = CARTESIAN_POINT('',(176.8654,92.856605,0.));
#253 = VECTOR('',#254,1.);
#254 = DIRECTION('',(-0.707108286709,0.707105275661,0.));
#255 = ORIENTED_EDGE('',*,*,#256,.F.);
#256 = EDGE_CURVE('',#257,#249,#259,.T.);
#257 = VERTEX_POINT('',#258);
#258 = CARTESIAN_POINT('',(177.32201,92.667475,0.));
#259 = CIRCLE('',#260,0.645815794731);
#260 = AXIS2_PLACEMENT_3D('',#261,#262,#263);
#261 = CARTESIAN_POINT('',(177.3220356601,93.313290794222,0.));
#262 = DIRECTION('',(0.,0.,-1.));
#263 = DIRECTION('',(-3.973285650836E-05,-0.999999999211,-0.));
#264 = ORIENTED_EDGE('',*,*,#265,.F.);
#265 = EDGE_CURVE('',#266,#257,#268,.T.);
#266 = VERTEX_POINT('',#267);
#267 = CARTESIAN_POINT('',(199.07201,92.667475,0.));
#268 = LINE('',#269,#270);
#269 = CARTESIAN_POINT('',(199.07201,92.667475,0.));
#270 = VECTOR('',#271,1.);
#271 = DIRECTION('',(-1.,0.,0.));
#272 = ORIENTED_EDGE('',*,*,#273,.F.);
#273 = EDGE_CURVE('',#274,#266,#276,.T.);
#274 = VERTEX_POINT('',#275);
#275 = CARTESIAN_POINT('',(200.07201,93.667475,0.));
#276 = CIRCLE('',#277,0.999999252925);
#277 = AXIS2_PLACEMENT_3D('',#278,#279,#280);
#278 = CARTESIAN_POINT('',(199.07201074707,93.667474252925,0.));
#279 = DIRECTION('',(0.,0.,-1.));
#280 = DIRECTION('',(1.,7.470757491648E-07,0.));
#281 = ORIENTED_EDGE('',*,*,#282,.F.);
#282 = EDGE_CURVE('',#283,#274,#285,.T.);
#283 = VERTEX_POINT('',#284);
#284 = CARTESIAN_POINT('',(201.57201,95.167475,0.));
#285 = CIRCLE('',#286,1.500024486656);
#286 = AXIS2_PLACEMENT_3D('',#287,#288,#289);
#287 = CARTESIAN_POINT('',(201.57203448645,93.667450513544,0.));
#288 = DIRECTION('',(0.,0.,1.));
#289 = DIRECTION('',(-1.632403748061E-05,0.999999999867,0.));
#290 = ORIENTED_EDGE('',*,*,#291,.F.);
#291 = EDGE_CURVE('',#292,#283,#294,.T.);
#292 = VERTEX_POINT('',#293);
#293 = CARTESIAN_POINT('',(219.57201,95.167475,0.));
#294 = LINE('',#295,#296);
#295 = CARTESIAN_POINT('',(219.57201,95.167475,0.));
#296 = VECTOR('',#297,1.);
#297 = DIRECTION('',(-1.,0.,0.));
#298 = ORIENTED_EDGE('',*,*,#299,.F.);
#299 = EDGE_CURVE('',#300,#292,#302,.T.);
#300 = VERTEX_POINT('',#301);
#301 = CARTESIAN_POINT('',(220.57201,94.167475,0.));
#302 = CIRCLE('',#303,1.000009495719);
#303 = AXIS2_PLACEMENT_3D('',#304,#305,#306);
#304 = CARTESIAN_POINT('',(219.57200050432,94.167465504326,0.));
#305 = DIRECTION('',(0.,0.,1.));
#306 = DIRECTION('',(0.999999999955,9.495583512858E-06,-0.));
#307 = ORIENTED_EDGE('',*,*,#308,.F.);
#308 = EDGE_CURVE('',#309,#300,#311,.T.);
#309 = VERTEX_POINT('',#310);
#310 = CARTESIAN_POINT('',(222.07201,92.667475,0.));
#311 = CIRCLE('',#312,1.500000586493);
#312 = AXIS2_PLACEMENT_3D('',#313,#314,#315);
#313 = CARTESIAN_POINT('',(222.07201058649,94.167475586493,0.));
#314 = DIRECTION('',(0.,0.,-1.));
#315 = DIRECTION('',(-3.909953331848E-07,-1.,-0.));
#316 = ORIENTED_EDGE('',*,*,#317,.F.);
#317 = EDGE_CURVE('',#318,#309,#320,.T.);
#318 = VERTEX_POINT('',#319);
#319 = CARTESIAN_POINT('',(241.00001,92.667475,0.));
#320 = LINE('',#321,#322);
#321 = CARTESIAN_POINT('',(241.00001,92.667475,0.));
#322 = VECTOR('',#323,1.);
#323 = DIRECTION('',(-1.,0.,0.));
#324 = ORIENTED_EDGE('',*,*,#325,.F.);
#325 = EDGE_CURVE('',#326,#318,#328,.T.);
#326 = VERTEX_POINT('',#327);
#327 = CARTESIAN_POINT('',(241.56578,92.889273,0.));
#328 = CIRCLE('',#329,0.83251434244);
#329 = AXIS2_PLACEMENT_3D('',#330,#331,#332);
#330 = CARTESIAN_POINT('',(241.00000117439,93.499989342393,0.));
#331 = DIRECTION('',(0.,0.,-1.));
#332 = DIRECTION('',(0.679602496632,-0.733580565835,0.));
#333 = ORIENTED_EDGE('',*,*,#334,.F.);
#334 = EDGE_CURVE('',#335,#326,#337,.T.);
#335 = VERTEX_POINT('',#336);
#336 = CARTESIAN_POINT('',(242.460632,93.561166,0.));
#337 = LINE('',#338,#339);
#338 = CARTESIAN_POINT('',(242.460632,93.561166,0.));
#339 = VECTOR('',#340,1.);
#340 = DIRECTION('',(-0.799676457213,-0.600431148242,0.));
#341 = ORIENTED_EDGE('',*,*,#342,.F.);
#342 = EDGE_CURVE('',#343,#335,#345,.T.);
#343 = VERTEX_POINT('',#344);
#344 = CARTESIAN_POINT('',(242.82201,93.667455,0.));
#345 = CIRCLE('',#346,0.66740096735);
#346 = AXIS2_PLACEMENT_3D('',#347,#348,#349);
#347 = CARTESIAN_POINT('',(242.82198696642,93.000054033048,0.));
#348 = DIRECTION('',(0.,0.,1.));
#349 = DIRECTION('',(3.45123440967E-05,0.999999999404,-0.));
#350 = ORIENTED_EDGE('',*,*,#351,.F.);
#351 = EDGE_CURVE('',#352,#343,#354,.T.);
#352 = VERTEX_POINT('',#353);
#353 = CARTESIAN_POINT('',(252.51861,93.667475,0.));
#354 = LINE('',#355,#356);
#355 = CARTESIAN_POINT('',(252.51861,93.667475,0.));
#356 = VECTOR('',#357,1.);
#357 = DIRECTION('',(-0.999999999998,-2.062578634995E-06,0.));
#358 = ORIENTED_EDGE('',*,*,#359,.F.);
#359 = EDGE_CURVE('',#360,#352,#362,.T.);
#360 = VERTEX_POINT('',#361);
#361 = CARTESIAN_POINT('',(254.32201,95.470875,0.));
#362 = CIRCLE('',#363,1.803406381818);
#363 = AXIS2_PLACEMENT_3D('',#364,#365,#366);
#364 = CARTESIAN_POINT('',(252.51860361819,95.470881381807,0.));
#365 = DIRECTION('',(0.,0.,-1.));
#366 = DIRECTION('',(0.999999999994,-3.53875137469E-06,0.));
#367 = ORIENTED_EDGE('',*,*,#368,.F.);
#368 = EDGE_CURVE('',#369,#360,#371,.T.);
#369 = VERTEX_POINT('',#370);
#370 = CARTESIAN_POINT('',(254.32201,129.417475,0.));
#371 = LINE('',#372,#373);
#372 = CARTESIAN_POINT('',(254.32201,129.417475,0.));
#373 = VECTOR('',#374,1.);
#374 = DIRECTION('',(0.,-1.,0.));
#375 = ORIENTED_EDGE('',*,*,#376,.F.);
#376 = EDGE_CURVE('',#377,#369,#379,.T.);
#377 = VERTEX_POINT('',#378);
#378 = CARTESIAN_POINT('',(253.32201,130.417475,0.));
#379 = CIRCLE('',#380,0.99998901049);
#380 = AXIS2_PLACEMENT_3D('',#381,#382,#383);
#381 = CARTESIAN_POINT('',(253.32202098957,129.41748598957,0.));
#382 = DIRECTION('',(0.,0.,-1.));
#383 = DIRECTION('',(-1.098969153939E-05,0.99999999994,0.));
#384 = ORIENTED_EDGE('',*,*,#385,.F.);
#385 = EDGE_CURVE('',#386,#377,#388,.T.);
#386 = VERTEX_POINT('',#387);
#387 = CARTESIAN_POINT('',(252.57201,130.417475,0.));
#388 = LINE('',#389,#390);
#389 = CARTESIAN_POINT('',(252.57201,130.417475,0.));
#390 = VECTOR('',#391,1.);
#391 = DIRECTION('',(1.,0.,0.));
#392 = ORIENTED_EDGE('',*,*,#393,.F.);
#393 = EDGE_CURVE('',#394,#386,#396,.T.);
#394 = VERTEX_POINT('',#395);
#395 = CARTESIAN_POINT('',(251.57201,131.417475,0.));
#396 = CIRCLE('',#397,0.99998901049);
#397 = AXIS2_PLACEMENT_3D('',#398,#399,#400);
#398 = CARTESIAN_POINT('',(252.57199901042,131.41746401042,0.));
#399 = DIRECTION('',(0.,0.,1.));
#400 = DIRECTION('',(-0.99999999994,1.098969153939E-05,0.));
#401 = ORIENTED_EDGE('',*,*,#402,.F.);
#402 = EDGE_CURVE('',#403,#394,#405,.T.);
#403 = VERTEX_POINT('',#404);
#404 = CARTESIAN_POINT('',(251.57201,149.417475,0.));
#405 = LINE('',#406,#407);
#406 = CARTESIAN_POINT('',(251.57201,149.417475,0.));
#407 = VECTOR('',#408,1.);
#408 = DIRECTION('',(0.,-1.,0.));
#409 = ORIENTED_EDGE('',*,*,#410,.F.);
#410 = EDGE_CURVE('',#411,#403,#413,.T.);
#411 = VERTEX_POINT('',#412);
#412 = CARTESIAN_POINT('',(252.57201,150.417475,0.));
#413 = CIRCLE('',#414,1.000023153312);
#414 = AXIS2_PLACEMENT_3D('',#415,#416,#417);
#415 = CARTESIAN_POINT('',(252.57203315304,149.41745184695,0.));
#416 = DIRECTION('',(0.,0.,1.));
#417 = DIRECTION('',(-2.315250833823E-05,0.999999999732,0.));
#418 = ORIENTED_EDGE('',*,*,#419,.F.);
#419 = EDGE_CURVE('',#420,#411,#422,.T.);
#420 = VERTEX_POINT('',#421);
#421 = CARTESIAN_POINT('',(254.27217,152.117674,0.));
#422 = CIRCLE('',#423,1.700158857397);
#423 = AXIS2_PLACEMENT_3D('',#424,#425,#426);
#424 = CARTESIAN_POINT('',(252.57201114307,152.11763385739,0.));
#425 = DIRECTION('',(0.,0.,-1.));
#426 = DIRECTION('',(0.999999999721,2.361108990666E-05,0.));
#427 = ORIENTED_EDGE('',*,*,#428,.F.);
#428 = EDGE_CURVE('',#429,#420,#431,.T.);
#429 = VERTEX_POINT('',#430);
#430 = CARTESIAN_POINT('',(254.27218,164.224824,0.));
#431 = LINE('',#432,#433);
#432 = CARTESIAN_POINT('',(254.27218,164.224824,0.));
#433 = VECTOR('',#434,1.);
#434 = DIRECTION('',(-8.259582150358E-07,-1.,0.));
#435 = ORIENTED_EDGE('',*,*,#436,.F.);
#436 = EDGE_CURVE('',#437,#429,#439,.T.);
#437 = VERTEX_POINT('',#438);
#438 = CARTESIAN_POINT('',(253.32201,165.167475,0.));
#439 = CIRCLE('',#440,0.95022719396);
#440 = AXIS2_PLACEMENT_3D('',#441,#442,#443);
#441 = CARTESIAN_POINT('',(253.32198300914,164.21724780642,0.));
#442 = DIRECTION('',(0.,0.,-1.));
#443 = DIRECTION('',(2.840463413214E-05,0.999999999597,0.));
#444 = ORIENTED_EDGE('',*,*,#445,.F.);
#445 = EDGE_CURVE('',#446,#437,#448,.T.);
#446 = VERTEX_POINT('',#447);
#447 = CARTESIAN_POINT('',(251.57201,165.167475,0.));
#448 = LINE('',#449,#450);
#449 = CARTESIAN_POINT('',(251.57201,165.167475,0.));
#450 = VECTOR('',#451,1.);
#451 = DIRECTION('',(1.,0.,0.));
#452 = ORIENTED_EDGE('',*,*,#453,.F.);
#453 = EDGE_CURVE('',#122,#446,#454,.T.);
#454 = CIRCLE('',#455,1.749989303642);
#455 = AXIS2_PLACEMENT_3D('',#456,#457,#458);
#456 = CARTESIAN_POINT('',(251.5719993036,166.9174643036,0.));
#457 = DIRECTION('',(0.,0.,1.));
#458 = DIRECTION('',(-0.999999999981,6.11226083747E-06,0.));
#459 = ORIENTED_EDGE('',*,*,#129,.F.);
#460 = FACE_BOUND('',#461,.F.);
#461 = EDGE_LOOP('',(#462));
#462 = ORIENTED_EDGE('',*,*,#463,.T.);
#463 = EDGE_CURVE('',#464,#464,#466,.T.);
#464 = VERTEX_POINT('',#465);
#465 = CARTESIAN_POINT('',(169.57201,96.829965,0.));
#466 = CIRCLE('',#467,1.5875);
#467 = AXIS2_PLACEMENT_3D('',#468,#469,#470);
#468 = CARTESIAN_POINT('',(169.57201,98.417465,0.));
#469 = DIRECTION('',(-0.,0.,-1.));
#470 = DIRECTION('',(-0.,-1.,0.));
#471 = FACE_BOUND('',#472,.F.);
#472 = EDGE_LOOP('',(#473,#484,#492,#501));
#473 = ORIENTED_EDGE('',*,*,#474,.T.);
#474 = EDGE_CURVE('',#475,#477,#479,.T.);
#475 = VERTEX_POINT('',#476);
#476 = CARTESIAN_POINT('',(186.45851,103.057195,0.));
#477 = VERTEX_POINT('',#478);
#478 = CARTESIAN_POINT('',(186.45851,102.295195,0.));
#479 = CIRCLE('',#480,0.381);
#480 = AXIS2_PLACEMENT_3D('',#481,#482,#483);
#481 = CARTESIAN_POINT('',(186.45851,102.676195,0.));
#482 = DIRECTION('',(-0.,0.,-1.));
#483 = DIRECTION('',(-0.,-1.,0.));
#484 = ORIENTED_EDGE('',*,*,#485,.T.);
#485 = EDGE_CURVE('',#477,#486,#488,.T.);
#486 = VERTEX_POINT('',#487);
#487 = CARTESIAN_POINT('',(178.33051,102.295195,0.));
#488 = LINE('',#489,#490);
#489 = CARTESIAN_POINT('',(89.165255,102.295195,0.));
#490 = VECTOR('',#491,1.);
#491 = DIRECTION('',(-1.,0.,0.));
#492 = ORIENTED_EDGE('',*,*,#493,.T.);
#493 = EDGE_CURVE('',#486,#494,#496,.T.);
#494 = VERTEX_POINT('',#495);
#495 = CARTESIAN_POINT('',(178.33051,103.057195,0.));
#496 = CIRCLE('',#497,0.381);
#497 = AXIS2_PLACEMENT_3D('',#498,#499,#500);
#498 = CARTESIAN_POINT('',(178.33051,102.676195,0.));
#499 = DIRECTION('',(-0.,0.,-1.));
#500 = DIRECTION('',(0.,1.,0.));
#501 = ORIENTED_EDGE('',*,*,#502,.T.);
#502 = EDGE_CURVE('',#494,#475,#503,.T.);
#503 = LINE('',#504,#505);
#504 = CARTESIAN_POINT('',(93.229255,103.057195,0.));
#505 = VECTOR('',#506,1.);
#506 = DIRECTION('',(1.,0.,-0.));
#507 = FACE_BOUND('',#508,.F.);
#508 = EDGE_LOOP('',(#509));
#509 = ORIENTED_EDGE('',*,*,#510,.T.);
#510 = EDGE_CURVE('',#511,#511,#513,.T.);
#511 = VERTEX_POINT('',#512);
#512 = CARTESIAN_POINT('',(167.24701,109.030005,0.));
#513 = CIRCLE('',#514,1.5875);
#514 = AXIS2_PLACEMENT_3D('',#515,#516,#517);
#515 = CARTESIAN_POINT('',(167.24701,110.617505,0.));
#516 = DIRECTION('',(-0.,0.,-1.));
#517 = DIRECTION('',(-0.,-1.,0.));
#518 = FACE_BOUND('',#519,.F.);
#519 = EDGE_LOOP('',(#520,#531,#539,#548));
#520 = ORIENTED_EDGE('',*,*,#521,.T.);
#521 = EDGE_CURVE('',#522,#524,#526,.T.);
#522 = VERTEX_POINT('',#523);
#523 = CARTESIAN_POINT('',(203.51303,103.081475,0.));
#524 = VERTEX_POINT('',#525);
#525 = CARTESIAN_POINT('',(203.51303,102.319475,0.));
#526 = CIRCLE('',#527,0.381);
#527 = AXIS2_PLACEMENT_3D('',#528,#529,#530);
#528 = CARTESIAN_POINT('',(203.51303,102.700475,0.));
#529 = DIRECTION('',(-0.,0.,-1.));
#530 = DIRECTION('',(-7.459766254699E-14,-1.,0.));
#531 = ORIENTED_EDGE('',*,*,#532,.T.);
#532 = EDGE_CURVE('',#524,#533,#535,.T.);
#533 = VERTEX_POINT('',#534);
#534 = CARTESIAN_POINT('',(195.38503,102.319475,0.));
#535 = LINE('',#536,#537);
#536 = CARTESIAN_POINT('',(97.692515,102.319475,0.));
#537 = VECTOR('',#538,1.);
#538 = DIRECTION('',(-1.,0.,0.));
#539 = ORIENTED_EDGE('',*,*,#540,.T.);
#540 = EDGE_CURVE('',#533,#541,#543,.T.);
#541 = VERTEX_POINT('',#542);
#542 = CARTESIAN_POINT('',(195.38503,103.081475,0.));
#543 = CIRCLE('',#544,0.381);
#544 = AXIS2_PLACEMENT_3D('',#545,#546,#547);
#545 = CARTESIAN_POINT('',(195.38503,102.700475,0.));
#546 = DIRECTION('',(0.,-0.,-1.));
#547 = DIRECTION('',(7.459766254699E-14,1.,-0.));
#548 = ORIENTED_EDGE('',*,*,#549,.T.);
#549 = EDGE_CURVE('',#541,#522,#550,.T.);
#550 = LINE('',#551,#552);
#551 = CARTESIAN_POINT('',(101.756515,103.081475,0.));
#552 = VECTOR('',#553,1.);
#553 = DIRECTION('',(1.,0.,-0.));
#554 = FACE_BOUND('',#555,.F.);
#555 = EDGE_LOOP('',(#556,#567,#575,#584));
#556 = ORIENTED_EDGE('',*,*,#557,.T.);
#557 = EDGE_CURVE('',#558,#560,#562,.T.);
#558 = VERTEX_POINT('',#559);
#559 = CARTESIAN_POINT('',(223.38604,103.208475,0.));
#560 = VERTEX_POINT('',#561);
#561 = CARTESIAN_POINT('',(223.38604,102.446475,0.));
#562 = CIRCLE('',#563,0.381);
#563 = AXIS2_PLACEMENT_3D('',#564,#565,#566);
#564 = CARTESIAN_POINT('',(223.38604,102.827475,0.));
#565 = DIRECTION('',(-0.,0.,-1.));
#566 = DIRECTION('',(-7.459766254699E-14,-1.,0.));
#567 = ORIENTED_EDGE('',*,*,#568,.T.);
#568 = EDGE_CURVE('',#560,#569,#571,.T.);
#569 = VERTEX_POINT('',#570);
#570 = CARTESIAN_POINT('',(215.25804,102.446475,0.));
#571 = LINE('',#572,#573);
#572 = CARTESIAN_POINT('',(107.62902,102.446475,0.));
#573 = VECTOR('',#574,1.);
#574 = DIRECTION('',(-1.,0.,0.));
#575 = ORIENTED_EDGE('',*,*,#576,.T.);
#576 = EDGE_CURVE('',#569,#577,#579,.T.);
#577 = VERTEX_POINT('',#578);
#578 = CARTESIAN_POINT('',(215.25804,103.208475,0.));
#579 = CIRCLE('',#580,0.381);
#580 = AXIS2_PLACEMENT_3D('',#581,#582,#583);
#581 = CARTESIAN_POINT('',(215.25804,102.827475,0.));
#582 = DIRECTION('',(-0.,0.,-1.));
#583 = DIRECTION('',(0.,1.,0.));
#584 = ORIENTED_EDGE('',*,*,#585,.T.);
#585 = EDGE_CURVE('',#577,#558,#586,.T.);
#586 = LINE('',#587,#588);
#587 = CARTESIAN_POINT('',(111.69302,103.208475,0.));
#588 = VECTOR('',#589,1.);
#589 = DIRECTION('',(1.,0.,-0.));
#590 = FACE_BOUND('',#591,.F.);
#591 = EDGE_LOOP('',(#592,#603,#611,#620));
#592 = ORIENTED_EDGE('',*,*,#593,.T.);
#593 = EDGE_CURVE('',#594,#596,#598,.T.);
#594 = VERTEX_POINT('',#595);
#595 = CARTESIAN_POINT('',(242.6235,103.208475,0.));
#596 = VERTEX_POINT('',#597);
#597 = CARTESIAN_POINT('',(242.6235,102.446475,0.));
#598 = CIRCLE('',#599,0.381);
#599 = AXIS2_PLACEMENT_3D('',#600,#601,#602);
#600 = CARTESIAN_POINT('',(242.6235,102.827475,0.));
#601 = DIRECTION('',(-0.,0.,-1.));
#602 = DIRECTION('',(-7.459766254699E-14,-1.,0.));
#603 = ORIENTED_EDGE('',*,*,#604,.T.);
#604 = EDGE_CURVE('',#596,#605,#607,.T.);
#605 = VERTEX_POINT('',#606);
#606 = CARTESIAN_POINT('',(234.4955,102.446475,0.));
#607 = LINE('',#608,#609);
#608 = CARTESIAN_POINT('',(117.24775,102.446475,0.));
#609 = VECTOR('',#610,1.);
#610 = DIRECTION('',(-1.,0.,0.));
#611 = ORIENTED_EDGE('',*,*,#612,.T.);
#612 = EDGE_CURVE('',#605,#613,#615,.T.);
#613 = VERTEX_POINT('',#614);
#614 = CARTESIAN_POINT('',(234.4955,103.208475,0.));
#615 = CIRCLE('',#616,0.381);
#616 = AXIS2_PLACEMENT_3D('',#617,#618,#619);
#617 = CARTESIAN_POINT('',(234.4955,102.827475,0.));
#618 = DIRECTION('',(-0.,0.,-1.));
#619 = DIRECTION('',(0.,1.,0.));
#620 = ORIENTED_EDGE('',*,*,#621,.T.);
#621 = EDGE_CURVE('',#613,#594,#622,.T.);
#622 = LINE('',#623,#624);
#623 = CARTESIAN_POINT('',(121.31175,103.208475,0.));
#624 = VECTOR('',#625,1.);
#625 = DIRECTION('',(1.,0.,-0.));
#626 = FACE_BOUND('',#627,.F.);
#627 = EDGE_LOOP('',(#628));
#628 = ORIENTED_EDGE('',*,*,#629,.T.);
#629 = EDGE_CURVE('',#630,#630,#632,.T.);
#630 = VERTEX_POINT('',#631);
#631 = CARTESIAN_POINT('',(248.822,96.329995,0.));
#632 = CIRCLE('',#633,1.5875);
#633 = AXIS2_PLACEMENT_3D('',#634,#635,#636);
#634 = CARTESIAN_POINT('',(248.822,97.917495,0.));
#635 = DIRECTION('',(-0.,0.,-1.));
#636 = DIRECTION('',(-0.,-1.,0.));
#637 = FACE_BOUND('',#638,.F.);
#638 = EDGE_LOOP('',(#639));
#639 = ORIENTED_EDGE('',*,*,#640,.T.);
#640 = EDGE_CURVE('',#641,#641,#643,.T.);
#641 = VERTEX_POINT('',#642);
#642 = CARTESIAN_POINT('',(251.14702,109.030005,0.));
#643 = CIRCLE('',#644,1.5875);
#644 = AXIS2_PLACEMENT_3D('',#645,#646,#647);
#645 = CARTESIAN_POINT('',(251.14702,110.617505,0.));
#646 = DIRECTION('',(-0.,0.,-1.));
#647 = DIRECTION('',(-0.,-1.,0.));
#648 = FACE_BOUND('',#649,.F.);
#649 = EDGE_LOOP('',(#650));
#650 = ORIENTED_EDGE('',*,*,#651,.T.);
#651 = EDGE_CURVE('',#652,#652,#654,.T.);
#652 = VERTEX_POINT('',#653);
#653 = CARTESIAN_POINT('',(167.24701,168.379895,0.));
#654 = CIRCLE('',#655,1.5875);
#655 = AXIS2_PLACEMENT_3D('',#656,#657,#658);
#656 = CARTESIAN_POINT('',(167.24701,169.967395,0.));
#657 = DIRECTION('',(-0.,0.,-1.));
#658 = DIRECTION('',(-0.,-1.,0.));
#659 = FACE_BOUND('',#660,.F.);
#660 = EDGE_LOOP('',(#661,#672,#680,#689));
#661 = ORIENTED_EDGE('',*,*,#662,.T.);
#662 = EDGE_CURVE('',#663,#665,#667,.T.);
#663 = VERTEX_POINT('',#664);
#664 = CARTESIAN_POINT('',(183.38602,172.307685,0.));
#665 = VERTEX_POINT('',#666);
#666 = CARTESIAN_POINT('',(183.38602,171.545685,0.));
#667 = CIRCLE('',#668,0.381);
#668 = AXIS2_PLACEMENT_3D('',#669,#670,#671);
#669 = CARTESIAN_POINT('',(183.38602,171.926685,0.));
#670 = DIRECTION('',(-0.,0.,-1.));
#671 = DIRECTION('',(-0.,-1.,0.));
#672 = ORIENTED_EDGE('',*,*,#673,.T.);
#673 = EDGE_CURVE('',#665,#674,#676,.T.);
#674 = VERTEX_POINT('',#675);
#675 = CARTESIAN_POINT('',(175.25802,171.545685,0.));
#676 = LINE('',#677,#678);
#677 = CARTESIAN_POINT('',(87.62901,171.545685,0.));
#678 = VECTOR('',#679,1.);
#679 = DIRECTION('',(-1.,0.,0.));
#680 = ORIENTED_EDGE('',*,*,#681,.T.);
#681 = EDGE_CURVE('',#674,#682,#684,.T.);
#682 = VERTEX_POINT('',#683);
#683 = CARTESIAN_POINT('',(175.25802,172.307685,0.));
#684 = CIRCLE('',#685,0.381);
#685 = AXIS2_PLACEMENT_3D('',#686,#687,#688);
#686 = CARTESIAN_POINT('',(175.25802,171.926685,0.));
#687 = DIRECTION('',(-0.,0.,-1.));
#688 = DIRECTION('',(-7.459766254699E-14,1.,0.));
#689 = ORIENTED_EDGE('',*,*,#690,.T.);
#690 = EDGE_CURVE('',#682,#663,#691,.T.);
#691 = LINE('',#692,#693);
#692 = CARTESIAN_POINT('',(91.69301,172.307685,0.));
#693 = VECTOR('',#694,1.);
#694 = DIRECTION('',(1.,0.,-0.));
#695 = FACE_BOUND('',#696,.F.);
#696 = EDGE_LOOP('',(#697));
#697 = ORIENTED_EDGE('',*,*,#698,.T.);
#698 = EDGE_CURVE('',#699,#699,#701,.T.);
#699 = VERTEX_POINT('',#700);
#700 = CARTESIAN_POINT('',(173.32202,181.079985,0.));
#701 = CIRCLE('',#702,1.5875);
#702 = AXIS2_PLACEMENT_3D('',#703,#704,#705);
#703 = CARTESIAN_POINT('',(173.32202,182.667485,0.));
#704 = DIRECTION('',(-0.,0.,-1.));
#705 = DIRECTION('',(-0.,-1.,0.));
#706 = FACE_BOUND('',#707,.F.);
#707 = EDGE_LOOP('',(#708));
#708 = ORIENTED_EDGE('',*,*,#709,.T.);
#709 = EDGE_CURVE('',#710,#710,#712,.T.);
#710 = VERTEX_POINT('',#711);
#711 = CARTESIAN_POINT('',(177.66101,175.139475,0.));
#712 = CIRCLE('',#713,0.51);
#713 = AXIS2_PLACEMENT_3D('',#714,#715,#716);
#714 = CARTESIAN_POINT('',(177.66101,175.649475,0.));
#715 = DIRECTION('',(-0.,0.,-1.));
#716 = DIRECTION('',(-0.,-1.,0.));
#717 = FACE_BOUND('',#718,.F.);
#718 = EDGE_LOOP('',(#719));
#719 = ORIENTED_EDGE('',*,*,#720,.T.);
#720 = EDGE_CURVE('',#721,#721,#723,.T.);
#721 = VERTEX_POINT('',#722);
#722 = CARTESIAN_POINT('',(180.20101,175.139475,0.));
#723 = CIRCLE('',#724,0.51);
#724 = AXIS2_PLACEMENT_3D('',#725,#726,#727);
#725 = CARTESIAN_POINT('',(180.20101,175.649475,0.));
#726 = DIRECTION('',(-0.,0.,-1.));
#727 = DIRECTION('',(-0.,-1.,0.));
#728 = FACE_BOUND('',#729,.F.);
#729 = EDGE_LOOP('',(#730));
#730 = ORIENTED_EDGE('',*,*,#731,.T.);
#731 = EDGE_CURVE('',#732,#732,#734,.T.);
#732 = VERTEX_POINT('',#733);
#733 = CARTESIAN_POINT('',(177.66101,177.679475,0.));
#734 = CIRCLE('',#735,0.51);
#735 = AXIS2_PLACEMENT_3D('',#736,#737,#738);
#736 = CARTESIAN_POINT('',(177.66101,178.189475,0.));
#737 = DIRECTION('',(-0.,0.,-1.));
#738 = DIRECTION('',(-0.,-1.,0.));
#739 = FACE_BOUND('',#740,.F.);
#740 = EDGE_LOOP('',(#741));
#741 = ORIENTED_EDGE('',*,*,#742,.T.);
#742 = EDGE_CURVE('',#743,#743,#745,.T.);
#743 = VERTEX_POINT('',#744);
#744 = CARTESIAN_POINT('',(180.20101,177.679475,0.));
#745 = CIRCLE('',#746,0.51);
#746 = AXIS2_PLACEMENT_3D('',#747,#748,#749);
#747 = CARTESIAN_POINT('',(180.20101,178.189475,0.));
#748 = DIRECTION('',(-0.,0.,-1.));
#749 = DIRECTION('',(-0.,-1.,0.));
#750 = FACE_BOUND('',#751,.F.);
#751 = EDGE_LOOP('',(#752));
#752 = ORIENTED_EDGE('',*,*,#753,.T.);
#753 = EDGE_CURVE('',#754,#754,#756,.T.);
#754 = VERTEX_POINT('',#755);
#755 = CARTESIAN_POINT('',(182.74101,175.139475,0.));
#756 = CIRCLE('',#757,0.51);
#757 = AXIS2_PLACEMENT_3D('',#758,#759,#760);
#758 = CARTESIAN_POINT('',(182.74101,175.649475,0.));
#759 = DIRECTION('',(-0.,0.,-1.));
#760 = DIRECTION('',(-5.57288420204E-14,-1.,0.));
#761 = FACE_BOUND('',#762,.F.);
#762 = EDGE_LOOP('',(#763));
#763 = ORIENTED_EDGE('',*,*,#764,.T.);
#764 = EDGE_CURVE('',#765,#765,#767,.T.);
#765 = VERTEX_POINT('',#766);
#766 = CARTESIAN_POINT('',(185.28101,175.139475,0.));
#767 = CIRCLE('',#768,0.51);
#768 = AXIS2_PLACEMENT_3D('',#769,#770,#771);
#769 = CARTESIAN_POINT('',(185.28101,175.649475,0.));
#770 = DIRECTION('',(-0.,0.,-1.));
#771 = DIRECTION('',(5.57288420204E-14,-1.,-0.));
#772 = FACE_BOUND('',#773,.F.);
#773 = EDGE_LOOP('',(#774));
#774 = ORIENTED_EDGE('',*,*,#775,.T.);
#775 = EDGE_CURVE('',#776,#776,#778,.T.);
#776 = VERTEX_POINT('',#777);
#777 = CARTESIAN_POINT('',(182.74101,177.679475,0.));
#778 = CIRCLE('',#779,0.51);
#779 = AXIS2_PLACEMENT_3D('',#780,#781,#782);
#780 = CARTESIAN_POINT('',(182.74101,178.189475,0.));
#781 = DIRECTION('',(-0.,0.,-1.));
#782 = DIRECTION('',(-5.57288420204E-14,-1.,0.));
#783 = FACE_BOUND('',#784,.F.);
#784 = EDGE_LOOP('',(#785));
#785 = ORIENTED_EDGE('',*,*,#786,.T.);
#786 = EDGE_CURVE('',#787,#787,#789,.T.);
#787 = VERTEX_POINT('',#788);
#788 = CARTESIAN_POINT('',(185.28101,177.679475,0.));
#789 = CIRCLE('',#790,0.51);
#790 = AXIS2_PLACEMENT_3D('',#791,#792,#793);
#791 = CARTESIAN_POINT('',(185.28101,178.189475,0.));
#792 = DIRECTION('',(-0.,0.,-1.));
#793 = DIRECTION('',(5.57288420204E-14,-1.,-0.));
#794 = FACE_BOUND('',#795,.F.);
#795 = EDGE_LOOP('',(#796));
#796 = ORIENTED_EDGE('',*,*,#797,.T.);
#797 = EDGE_CURVE('',#798,#798,#800,.T.);
#798 = VERTEX_POINT('',#799);
#799 = CARTESIAN_POINT('',(177.66101,180.665445,0.));
#800 = CIRCLE('',#801,0.51);
#801 = AXIS2_PLACEMENT_3D('',#802,#803,#804);
#802 = CARTESIAN_POINT('',(177.66101,181.175445,0.));
#803 = DIRECTION('',(-0.,0.,-1.));
#804 = DIRECTION('',(-0.,-1.,0.));
#805 = FACE_BOUND('',#806,.F.);
#806 = EDGE_LOOP('',(#807));
#807 = ORIENTED_EDGE('',*,*,#808,.T.);
#808 = EDGE_CURVE('',#809,#809,#811,.T.);
#809 = VERTEX_POINT('',#810);
#810 = CARTESIAN_POINT('',(180.20101,180.665445,0.));
#811 = CIRCLE('',#812,0.51);
#812 = AXIS2_PLACEMENT_3D('',#813,#814,#815);
#813 = CARTESIAN_POINT('',(180.20101,181.175445,0.));
#814 = DIRECTION('',(-0.,0.,-1.));
#815 = DIRECTION('',(-0.,-1.,0.));
#816 = FACE_BOUND('',#817,.F.);
#817 = EDGE_LOOP('',(#818));
#818 = ORIENTED_EDGE('',*,*,#819,.T.);
#819 = EDGE_CURVE('',#820,#820,#822,.T.);
#820 = VERTEX_POINT('',#821);
#821 = CARTESIAN_POINT('',(177.66101,183.205445,0.));
#822 = CIRCLE('',#823,0.51);
#823 = AXIS2_PLACEMENT_3D('',#824,#825,#826);
#824 = CARTESIAN_POINT('',(177.66101,183.715445,0.));
#825 = DIRECTION('',(-0.,0.,-1.));
#826 = DIRECTION('',(-0.,-1.,0.));
#827 = FACE_BOUND('',#828,.F.);
#828 = EDGE_LOOP('',(#829));
#829 = ORIENTED_EDGE('',*,*,#830,.T.);
#830 = EDGE_CURVE('',#831,#831,#833,.T.);
#831 = VERTEX_POINT('',#832);
#832 = CARTESIAN_POINT('',(180.20101,183.205445,0.));
#833 = CIRCLE('',#834,0.51);
#834 = AXIS2_PLACEMENT_3D('',#835,#836,#837);
#835 = CARTESIAN_POINT('',(180.20101,183.715445,0.));
#836 = DIRECTION('',(-0.,0.,-1.));
#837 = DIRECTION('',(-0.,-1.,0.));
#838 = FACE_BOUND('',#839,.F.);
#839 = EDGE_LOOP('',(#840));
#840 = ORIENTED_EDGE('',*,*,#841,.T.);
#841 = EDGE_CURVE('',#842,#842,#844,.T.);
#842 = VERTEX_POINT('',#843);
#843 = CARTESIAN_POINT('',(182.74101,180.665445,0.));
#844 = CIRCLE('',#845,0.51);
#845 = AXIS2_PLACEMENT_3D('',#846,#847,#848);
#846 = CARTESIAN_POINT('',(182.74101,181.175445,0.));
#847 = DIRECTION('',(-0.,0.,-1.));
#848 = DIRECTION('',(-5.57288420204E-14,-1.,0.));
#849 = FACE_BOUND('',#850,.F.);
#850 = EDGE_LOOP('',(#851));
#851 = ORIENTED_EDGE('',*,*,#852,.T.);
#852 = EDGE_CURVE('',#853,#853,#855,.T.);
#853 = VERTEX_POINT('',#854);
#854 = CARTESIAN_POINT('',(185.28101,180.665445,0.));
#855 = CIRCLE('',#856,0.51);
#856 = AXIS2_PLACEMENT_3D('',#857,#858,#859);
#857 = CARTESIAN_POINT('',(185.28101,181.175445,0.));
#858 = DIRECTION('',(-0.,0.,-1.));
#859 = DIRECTION('',(5.57288420204E-14,-1.,-0.));
#860 = FACE_BOUND('',#861,.F.);
#861 = EDGE_LOOP('',(#862));
#862 = ORIENTED_EDGE('',*,*,#863,.T.);
#863 = EDGE_CURVE('',#864,#864,#866,.T.);
#864 = VERTEX_POINT('',#865);
#865 = CARTESIAN_POINT('',(182.74101,183.205445,0.));
#866 = CIRCLE('',#867,0.51);
#867 = AXIS2_PLACEMENT_3D('',#868,#869,#870);
#868 = CARTESIAN_POINT('',(182.74101,183.715445,0.));
#869 = DIRECTION('',(-0.,0.,-1.));
#870 = DIRECTION('',(-5.57288420204E-14,-1.,0.));
#871 = FACE_BOUND('',#872,.F.);
#872 = EDGE_LOOP('',(#873));
#873 = ORIENTED_EDGE('',*,*,#874,.T.);
#874 = EDGE_CURVE('',#875,#875,#877,.T.);
#875 = VERTEX_POINT('',#876);
#876 = CARTESIAN_POINT('',(185.28101,183.205445,0.));
#877 = CIRCLE('',#878,0.51);
#878 = AXIS2_PLACEMENT_3D('',#879,#880,#881);
#879 = CARTESIAN_POINT('',(185.28101,183.715445,0.));
#880 = DIRECTION('',(-0.,0.,-1.));
#881 = DIRECTION('',(5.57288420204E-14,-1.,-0.));
#882 = FACE_BOUND('',#883,.F.);
#883 = EDGE_LOOP('',(#884,#895,#903,#912));
#884 = ORIENTED_EDGE('',*,*,#885,.T.);
#885 = EDGE_CURVE('',#886,#888,#890,.T.);
#886 = VERTEX_POINT('',#887);
#887 = CARTESIAN_POINT('',(201.53701,172.334715,0.));
#888 = VERTEX_POINT('',#889);
#889 = CARTESIAN_POINT('',(201.53701,171.572715,0.));
#890 = CIRCLE('',#891,0.381);
#891 = AXIS2_PLACEMENT_3D('',#892,#893,#894);
#892 = CARTESIAN_POINT('',(201.53701,171.953715,0.));
#893 = DIRECTION('',(-0.,0.,-1.));
#894 = DIRECTION('',(-0.,-1.,0.));
#895 = ORIENTED_EDGE('',*,*,#896,.T.);
#896 = EDGE_CURVE('',#888,#897,#899,.T.);
#897 = VERTEX_POINT('',#898);
#898 = CARTESIAN_POINT('',(193.40901,171.572715,0.));
#899 = LINE('',#900,#901);
#900 = CARTESIAN_POINT('',(96.704505,171.572715,0.));
#901 = VECTOR('',#902,1.);
#902 = DIRECTION('',(-1.,0.,0.));
#903 = ORIENTED_EDGE('',*,*,#904,.T.);
#904 = EDGE_CURVE('',#897,#905,#907,.T.);
#905 = VERTEX_POINT('',#906);
#906 = CARTESIAN_POINT('',(193.40901,172.334715,0.));
#907 = CIRCLE('',#908,0.381);
#908 = AXIS2_PLACEMENT_3D('',#909,#910,#911);
#909 = CARTESIAN_POINT('',(193.40901,171.953715,0.));
#910 = DIRECTION('',(0.,-0.,-1.));
#911 = DIRECTION('',(7.459766254699E-14,1.,-0.));
#912 = ORIENTED_EDGE('',*,*,#913,.T.);
#913 = EDGE_CURVE('',#905,#886,#914,.T.);
#914 = LINE('',#915,#916);
#915 = CARTESIAN_POINT('',(100.768505,172.334715,0.));
#916 = VECTOR('',#917,1.);
#917 = DIRECTION('',(1.,0.,-0.));
#918 = FACE_BOUND('',#919,.F.);
#919 = EDGE_LOOP('',(#920));
#920 = ORIENTED_EDGE('',*,*,#921,.T.);
#921 = EDGE_CURVE('',#922,#922,#924,.T.);
#922 = VERTEX_POINT('',#923);
#923 = CARTESIAN_POINT('',(187.82101,175.139475,0.));
#924 = CIRCLE('',#925,0.51);
#925 = AXIS2_PLACEMENT_3D('',#926,#927,#928);
#926 = CARTESIAN_POINT('',(187.82101,175.649475,0.));
#927 = DIRECTION('',(-0.,0.,-1.));
#928 = DIRECTION('',(-0.,-1.,0.));
#929 = FACE_BOUND('',#930,.F.);
#930 = EDGE_LOOP('',(#931));
#931 = ORIENTED_EDGE('',*,*,#932,.T.);
#932 = EDGE_CURVE('',#933,#933,#935,.T.);
#933 = VERTEX_POINT('',#934);
#934 = CARTESIAN_POINT('',(190.36101,175.139475,0.));
#935 = CIRCLE('',#936,0.51);
#936 = AXIS2_PLACEMENT_3D('',#937,#938,#939);
#937 = CARTESIAN_POINT('',(190.36101,175.649475,0.));
#938 = DIRECTION('',(-0.,0.,-1.));
#939 = DIRECTION('',(-5.57288420204E-14,-1.,0.));
#940 = FACE_BOUND('',#941,.F.);
#941 = EDGE_LOOP('',(#942));
#942 = ORIENTED_EDGE('',*,*,#943,.T.);
#943 = EDGE_CURVE('',#944,#944,#946,.T.);
#944 = VERTEX_POINT('',#945);
#945 = CARTESIAN_POINT('',(187.82101,177.679475,0.));
#946 = CIRCLE('',#947,0.51);
#947 = AXIS2_PLACEMENT_3D('',#948,#949,#950);
#948 = CARTESIAN_POINT('',(187.82101,178.189475,0.));
#949 = DIRECTION('',(-0.,0.,-1.));
#950 = DIRECTION('',(-0.,-1.,0.));
#951 = FACE_BOUND('',#952,.F.);
#952 = EDGE_LOOP('',(#953));
#953 = ORIENTED_EDGE('',*,*,#954,.T.);
#954 = EDGE_CURVE('',#955,#955,#957,.T.);
#955 = VERTEX_POINT('',#956);
#956 = CARTESIAN_POINT('',(190.36101,177.679475,0.));
#957 = CIRCLE('',#958,0.51);
#958 = AXIS2_PLACEMENT_3D('',#959,#960,#961);
#959 = CARTESIAN_POINT('',(190.36101,178.189475,0.));
#960 = DIRECTION('',(-0.,0.,-1.));
#961 = DIRECTION('',(-5.57288420204E-14,-1.,0.));
#962 = FACE_BOUND('',#963,.F.);
#963 = EDGE_LOOP('',(#964));
#964 = ORIENTED_EDGE('',*,*,#965,.T.);
#965 = EDGE_CURVE('',#966,#966,#968,.T.);
#966 = VERTEX_POINT('',#967);
#967 = CARTESIAN_POINT('',(192.90101,175.139475,0.));
#968 = CIRCLE('',#969,0.51);
#969 = AXIS2_PLACEMENT_3D('',#970,#971,#972);
#970 = CARTESIAN_POINT('',(192.90101,175.649475,0.));
#971 = DIRECTION('',(-0.,0.,-1.));
#972 = DIRECTION('',(5.57288420204E-14,-1.,-0.));
#973 = FACE_BOUND('',#974,.F.);
#974 = EDGE_LOOP('',(#975));
#975 = ORIENTED_EDGE('',*,*,#976,.T.);
#976 = EDGE_CURVE('',#977,#977,#979,.T.);
#977 = VERTEX_POINT('',#978);
#978 = CARTESIAN_POINT('',(195.44101,175.139475,0.));
#979 = CIRCLE('',#980,0.51);
#980 = AXIS2_PLACEMENT_3D('',#981,#982,#983);
#981 = CARTESIAN_POINT('',(195.44101,175.649475,0.));
#982 = DIRECTION('',(-0.,0.,-1.));
#983 = DIRECTION('',(-0.,-1.,0.));
#984 = FACE_BOUND('',#985,.F.);
#985 = EDGE_LOOP('',(#986));
#986 = ORIENTED_EDGE('',*,*,#987,.T.);
#987 = EDGE_CURVE('',#988,#988,#990,.T.);
#988 = VERTEX_POINT('',#989);
#989 = CARTESIAN_POINT('',(197.98101,175.139475,0.));
#990 = CIRCLE('',#991,0.51);
#991 = AXIS2_PLACEMENT_3D('',#992,#993,#994);
#992 = CARTESIAN_POINT('',(197.98101,175.649475,0.));
#993 = DIRECTION('',(-0.,0.,-1.));
#994 = DIRECTION('',(-0.,-1.,0.));
#995 = FACE_BOUND('',#996,.F.);
#996 = EDGE_LOOP('',(#997));
#997 = ORIENTED_EDGE('',*,*,#998,.T.);
#998 = EDGE_CURVE('',#999,#999,#1001,.T.);
#999 = VERTEX_POINT('',#1000);
#1000 = CARTESIAN_POINT('',(192.90101,177.679475,0.));
#1001 = CIRCLE('',#1002,0.51);
#1002 = AXIS2_PLACEMENT_3D('',#1003,#1004,#1005);
#1003 = CARTESIAN_POINT('',(192.90101,178.189475,0.));
#1004 = DIRECTION('',(-0.,0.,-1.));
#1005 = DIRECTION('',(5.57288420204E-14,-1.,-0.));
#1006 = FACE_BOUND('',#1007,.F.);
#1007 = EDGE_LOOP('',(#1008));
#1008 = ORIENTED_EDGE('',*,*,#1009,.T.);
#1009 = EDGE_CURVE('',#1010,#1010,#1012,.T.);
#1010 = VERTEX_POINT('',#1011);
#1011 = CARTESIAN_POINT('',(195.44101,177.679475,0.));
#1012 = CIRCLE('',#1013,0.51);
#1013 = AXIS2_PLACEMENT_3D('',#1014,#1015,#1016);
#1014 = CARTESIAN_POINT('',(195.44101,178.189475,0.));
#1015 = DIRECTION('',(-0.,0.,-1.));
#1016 = DIRECTION('',(-0.,-1.,0.));
#1017 = FACE_BOUND('',#1018,.F.);
#1018 = EDGE_LOOP('',(#1019));
#1019 = ORIENTED_EDGE('',*,*,#1020,.T.);
#1020 = EDGE_CURVE('',#1021,#1021,#1023,.T.);
#1021 = VERTEX_POINT('',#1022);
#1022 = CARTESIAN_POINT('',(197.98101,177.679475,0.));
#1023 = CIRCLE('',#1024,0.51);
#1024 = AXIS2_PLACEMENT_3D('',#1025,#1026,#1027);
#1025 = CARTESIAN_POINT('',(197.98101,178.189475,0.));
#1026 = DIRECTION('',(-0.,0.,-1.));
#1027 = DIRECTION('',(-0.,-1.,0.));
#1028 = FACE_BOUND('',#1029,.F.);
#1029 = EDGE_LOOP('',(#1030));
#1030 = ORIENTED_EDGE('',*,*,#1031,.T.);
#1031 = EDGE_CURVE('',#1032,#1032,#1034,.T.);
#1032 = VERTEX_POINT('',#1033);
#1033 = CARTESIAN_POINT('',(187.82101,180.665445,0.));
#1034 = CIRCLE('',#1035,0.51);
#1035 = AXIS2_PLACEMENT_3D('',#1036,#1037,#1038);
#1036 = CARTESIAN_POINT('',(187.82101,181.175445,0.));
#1037 = DIRECTION('',(-0.,0.,-1.));
#1038 = DIRECTION('',(-0.,-1.,0.));
#1039 = FACE_BOUND('',#1040,.F.);
#1040 = EDGE_LOOP('',(#1041));
#1041 = ORIENTED_EDGE('',*,*,#1042,.T.);
#1042 = EDGE_CURVE('',#1043,#1043,#1045,.T.);
#1043 = VERTEX_POINT('',#1044);
#1044 = CARTESIAN_POINT('',(190.36101,180.665445,0.));
#1045 = CIRCLE('',#1046,0.51);
#1046 = AXIS2_PLACEMENT_3D('',#1047,#1048,#1049);
#1047 = CARTESIAN_POINT('',(190.36101,181.175445,0.));
#1048 = DIRECTION('',(-0.,0.,-1.));
#1049 = DIRECTION('',(-5.57288420204E-14,-1.,0.));
#1050 = FACE_BOUND('',#1051,.F.);
#1051 = EDGE_LOOP('',(#1052));
#1052 = ORIENTED_EDGE('',*,*,#1053,.T.);
#1053 = EDGE_CURVE('',#1054,#1054,#1056,.T.);
#1054 = VERTEX_POINT('',#1055);
#1055 = CARTESIAN_POINT('',(187.82101,183.205445,0.));
#1056 = CIRCLE('',#1057,0.51);
#1057 = AXIS2_PLACEMENT_3D('',#1058,#1059,#1060);
#1058 = CARTESIAN_POINT('',(187.82101,183.715445,0.));
#1059 = DIRECTION('',(-0.,0.,-1.));
#1060 = DIRECTION('',(-0.,-1.,0.));
#1061 = FACE_BOUND('',#1062,.F.);
#1062 = EDGE_LOOP('',(#1063));
#1063 = ORIENTED_EDGE('',*,*,#1064,.T.);
#1064 = EDGE_CURVE('',#1065,#1065,#1067,.T.);
#1065 = VERTEX_POINT('',#1066);
#1066 = CARTESIAN_POINT('',(190.36101,183.205445,0.));
#1067 = CIRCLE('',#1068,0.51);
#1068 = AXIS2_PLACEMENT_3D('',#1069,#1070,#1071);
#1069 = CARTESIAN_POINT('',(190.36101,183.715445,0.));
#1070 = DIRECTION('',(-0.,0.,-1.));
#1071 = DIRECTION('',(-5.57288420204E-14,-1.,0.));
#1072 = FACE_BOUND('',#1073,.F.);
#1073 = EDGE_LOOP('',(#1074));
#1074 = ORIENTED_EDGE('',*,*,#1075,.T.);
#1075 = EDGE_CURVE('',#1076,#1076,#1078,.T.);
#1076 = VERTEX_POINT('',#1077);
#1077 = CARTESIAN_POINT('',(192.90101,180.665445,0.));
#1078 = CIRCLE('',#1079,0.51);
#1079 = AXIS2_PLACEMENT_3D('',#1080,#1081,#1082);
#1080 = CARTESIAN_POINT('',(192.90101,181.175445,0.));
#1081 = DIRECTION('',(-0.,0.,-1.));
#1082 = DIRECTION('',(5.57288420204E-14,-1.,-0.));
#1083 = FACE_BOUND('',#1084,.F.);
#1084 = EDGE_LOOP('',(#1085));
#1085 = ORIENTED_EDGE('',*,*,#1086,.T.);
#1086 = EDGE_CURVE('',#1087,#1087,#1089,.T.);
#1087 = VERTEX_POINT('',#1088);
#1088 = CARTESIAN_POINT('',(195.44101,180.665445,0.));
#1089 = CIRCLE('',#1090,0.51);
#1090 = AXIS2_PLACEMENT_3D('',#1091,#1092,#1093);
#1091 = CARTESIAN_POINT('',(195.44101,181.175445,0.));
#1092 = DIRECTION('',(-0.,0.,-1.));
#1093 = DIRECTION('',(-0.,-1.,0.));
#1094 = FACE_BOUND('',#1095,.F.);
#1095 = EDGE_LOOP('',(#1096));
#1096 = ORIENTED_EDGE('',*,*,#1097,.T.);
#1097 = EDGE_CURVE('',#1098,#1098,#1100,.T.);
#1098 = VERTEX_POINT('',#1099);
#1099 = CARTESIAN_POINT('',(197.98101,180.665445,0.));
#1100 = CIRCLE('',#1101,0.51);
#1101 = AXIS2_PLACEMENT_3D('',#1102,#1103,#1104);
#1102 = CARTESIAN_POINT('',(197.98101,181.175445,0.));
#1103 = DIRECTION('',(-0.,0.,-1.));
#1104 = DIRECTION('',(-0.,-1.,0.));
#1105 = FACE_BOUND('',#1106,.F.);
#1106 = EDGE_LOOP('',(#1107));
#1107 = ORIENTED_EDGE('',*,*,#1108,.T.);
#1108 = EDGE_CURVE('',#1109,#1109,#1111,.T.);
#1109 = VERTEX_POINT('',#1110);
#1110 = CARTESIAN_POINT('',(192.90101,183.205445,0.));
#1111 = CIRCLE('',#1112,0.51);
#1112 = AXIS2_PLACEMENT_3D('',#1113,#1114,#1115);
#1113 = CARTESIAN_POINT('',(192.90101,183.715445,0.));
#1114 = DIRECTION('',(-0.,0.,-1.));
#1115 = DIRECTION('',(5.57288420204E-14,-1.,-0.));
#1116 = FACE_BOUND('',#1117,.F.);
#1117 = EDGE_LOOP('',(#1118));
#1118 = ORIENTED_EDGE('',*,*,#1119,.T.);
#1119 = EDGE_CURVE('',#1120,#1120,#1122,.T.);
#1120 = VERTEX_POINT('',#1121);
#1121 = CARTESIAN_POINT('',(195.44101,183.205445,0.));
#1122 = CIRCLE('',#1123,0.51);
#1123 = AXIS2_PLACEMENT_3D('',#1124,#1125,#1126);
#1124 = CARTESIAN_POINT('',(195.44101,183.715445,0.));
#1125 = DIRECTION('',(-0.,0.,-1.));
#1126 = DIRECTION('',(-0.,-1.,0.));
#1127 = FACE_BOUND('',#1128,.F.);
#1128 = EDGE_LOOP('',(#1129));
#1129 = ORIENTED_EDGE('',*,*,#1130,.T.);
#1130 = EDGE_CURVE('',#1131,#1131,#1133,.T.);
#1131 = VERTEX_POINT('',#1132);
#1132 = CARTESIAN_POINT('',(197.98101,183.205445,0.));
#1133 = CIRCLE('',#1134,0.51);
#1134 = AXIS2_PLACEMENT_3D('',#1135,#1136,#1137);
#1135 = CARTESIAN_POINT('',(197.98101,183.715445,0.));
#1136 = DIRECTION('',(-0.,0.,-1.));
#1137 = DIRECTION('',(-0.,-1.,0.));
#1138 = FACE_BOUND('',#1139,.F.);
#1139 = EDGE_LOOP('',(#1140));
#1140 = ORIENTED_EDGE('',*,*,#1141,.T.);
#1141 = EDGE_CURVE('',#1142,#1142,#1144,.T.);
#1142 = VERTEX_POINT('',#1143);
#1143 = CARTESIAN_POINT('',(200.52101,175.139475,0.));
#1144 = CIRCLE('',#1145,0.51);
#1145 = AXIS2_PLACEMENT_3D('',#1146,#1147,#1148);
#1146 = CARTESIAN_POINT('',(200.52101,175.649475,0.));
#1147 = DIRECTION('',(-0.,0.,-1.));
#1148 = DIRECTION('',(-0.,-1.,0.));
#1149 = FACE_BOUND('',#1150,.F.);
#1150 = EDGE_LOOP('',(#1151));
#1151 = ORIENTED_EDGE('',*,*,#1152,.T.);
#1152 = EDGE_CURVE('',#1153,#1153,#1155,.T.);
#1153 = VERTEX_POINT('',#1154);
#1154 = CARTESIAN_POINT('',(203.06101,175.139475,0.));
#1155 = CIRCLE('',#1156,0.51);
#1156 = AXIS2_PLACEMENT_3D('',#1157,#1158,#1159);
#1157 = CARTESIAN_POINT('',(203.06101,175.649475,0.));
#1158 = DIRECTION('',(-0.,0.,-1.));
#1159 = DIRECTION('',(-0.,-1.,0.));
#1160 = FACE_BOUND('',#1161,.F.);
#1161 = EDGE_LOOP('',(#1162));
#1162 = ORIENTED_EDGE('',*,*,#1163,.T.);
#1163 = EDGE_CURVE('',#1164,#1164,#1166,.T.);
#1164 = VERTEX_POINT('',#1165);
#1165 = CARTESIAN_POINT('',(200.52101,177.679475,0.));
#1166 = CIRCLE('',#1167,0.51);
#1167 = AXIS2_PLACEMENT_3D('',#1168,#1169,#1170);
#1168 = CARTESIAN_POINT('',(200.52101,178.189475,0.));
#1169 = DIRECTION('',(-0.,0.,-1.));
#1170 = DIRECTION('',(-0.,-1.,0.));
#1171 = FACE_BOUND('',#1172,.F.);
#1172 = EDGE_LOOP('',(#1173));
#1173 = ORIENTED_EDGE('',*,*,#1174,.T.);
#1174 = EDGE_CURVE('',#1175,#1175,#1177,.T.);
#1175 = VERTEX_POINT('',#1176);
#1176 = CARTESIAN_POINT('',(203.06101,177.679475,0.));
#1177 = CIRCLE('',#1178,0.51);
#1178 = AXIS2_PLACEMENT_3D('',#1179,#1180,#1181);
#1179 = CARTESIAN_POINT('',(203.06101,178.189475,0.));
#1180 = DIRECTION('',(-0.,0.,-1.));
#1181 = DIRECTION('',(-0.,-1.,0.));
#1182 = FACE_BOUND('',#1183,.F.);
#1183 = EDGE_LOOP('',(#1184));
#1184 = ORIENTED_EDGE('',*,*,#1185,.T.);
#1185 = EDGE_CURVE('',#1186,#1186,#1188,.T.);
#1186 = VERTEX_POINT('',#1187);
#1187 = CARTESIAN_POINT('',(205.60101,175.139475,0.));
#1188 = CIRCLE('',#1189,0.51);
#1189 = AXIS2_PLACEMENT_3D('',#1190,#1191,#1192);
#1190 = CARTESIAN_POINT('',(205.60101,175.649475,0.));
#1191 = DIRECTION('',(-0.,0.,-1.));
#1192 = DIRECTION('',(-0.,-1.,0.));
#1193 = FACE_BOUND('',#1194,.F.);
#1194 = EDGE_LOOP('',(#1195));
#1195 = ORIENTED_EDGE('',*,*,#1196,.T.);
#1196 = EDGE_CURVE('',#1197,#1197,#1199,.T.);
#1197 = VERTEX_POINT('',#1198);
#1198 = CARTESIAN_POINT('',(208.14101,175.139475,0.));
#1199 = CIRCLE('',#1200,0.51);
#1200 = AXIS2_PLACEMENT_3D('',#1201,#1202,#1203);
#1201 = CARTESIAN_POINT('',(208.14101,175.649475,0.));
#1202 = DIRECTION('',(-0.,0.,-1.));
#1203 = DIRECTION('',(-0.,-1.,0.));
#1204 = FACE_BOUND('',#1205,.F.);
#1205 = EDGE_LOOP('',(#1206));
#1206 = ORIENTED_EDGE('',*,*,#1207,.T.);
#1207 = EDGE_CURVE('',#1208,#1208,#1210,.T.);
#1208 = VERTEX_POINT('',#1209);
#1209 = CARTESIAN_POINT('',(205.60101,177.679475,0.));
#1210 = CIRCLE('',#1211,0.51);
#1211 = AXIS2_PLACEMENT_3D('',#1212,#1213,#1214);
#1212 = CARTESIAN_POINT('',(205.60101,178.189475,0.));
#1213 = DIRECTION('',(-0.,0.,-1.));
#1214 = DIRECTION('',(-0.,-1.,0.));
#1215 = FACE_BOUND('',#1216,.F.);
#1216 = EDGE_LOOP('',(#1217));
#1217 = ORIENTED_EDGE('',*,*,#1218,.T.);
#1218 = EDGE_CURVE('',#1219,#1219,#1221,.T.);
#1219 = VERTEX_POINT('',#1220);
#1220 = CARTESIAN_POINT('',(208.14101,177.679475,0.));
#1221 = CIRCLE('',#1222,0.51);
#1222 = AXIS2_PLACEMENT_3D('',#1223,#1224,#1225);
#1223 = CARTESIAN_POINT('',(208.14101,178.189475,0.));
#1224 = DIRECTION('',(-0.,0.,-1.));
#1225 = DIRECTION('',(-0.,-1.,0.));
#1226 = FACE_BOUND('',#1227,.F.);
#1227 = EDGE_LOOP('',(#1228));
#1228 = ORIENTED_EDGE('',*,*,#1229,.T.);
#1229 = EDGE_CURVE('',#1230,#1230,#1232,.T.);
#1230 = VERTEX_POINT('',#1231);
#1231 = CARTESIAN_POINT('',(200.52101,180.665445,0.));
#1232 = CIRCLE('',#1233,0.51);
#1233 = AXIS2_PLACEMENT_3D('',#1234,#1235,#1236);
#1234 = CARTESIAN_POINT('',(200.52101,181.175445,0.));
#1235 = DIRECTION('',(-0.,0.,-1.));
#1236 = DIRECTION('',(-0.,-1.,0.));
#1237 = FACE_BOUND('',#1238,.F.);
#1238 = EDGE_LOOP('',(#1239));
#1239 = ORIENTED_EDGE('',*,*,#1240,.T.);
#1240 = EDGE_CURVE('',#1241,#1241,#1243,.T.);
#1241 = VERTEX_POINT('',#1242);
#1242 = CARTESIAN_POINT('',(203.06101,180.665445,0.));
#1243 = CIRCLE('',#1244,0.51);
#1244 = AXIS2_PLACEMENT_3D('',#1245,#1246,#1247);
#1245 = CARTESIAN_POINT('',(203.06101,181.175445,0.));
#1246 = DIRECTION('',(-0.,0.,-1.));
#1247 = DIRECTION('',(-0.,-1.,0.));
#1248 = FACE_BOUND('',#1249,.F.);
#1249 = EDGE_LOOP('',(#1250));
#1250 = ORIENTED_EDGE('',*,*,#1251,.T.);
#1251 = EDGE_CURVE('',#1252,#1252,#1254,.T.);
#1252 = VERTEX_POINT('',#1253);
#1253 = CARTESIAN_POINT('',(200.52101,183.205445,0.));
#1254 = CIRCLE('',#1255,0.51);
#1255 = AXIS2_PLACEMENT_3D('',#1256,#1257,#1258);
#1256 = CARTESIAN_POINT('',(200.52101,183.715445,0.));
#1257 = DIRECTION('',(-0.,0.,-1.));
#1258 = DIRECTION('',(-0.,-1.,0.));
#1259 = FACE_BOUND('',#1260,.F.);
#1260 = EDGE_LOOP('',(#1261));
#1261 = ORIENTED_EDGE('',*,*,#1262,.T.);
#1262 = EDGE_CURVE('',#1263,#1263,#1265,.T.);
#1263 = VERTEX_POINT('',#1264);
#1264 = CARTESIAN_POINT('',(203.06101,183.205445,0.));
#1265 = CIRCLE('',#1266,0.51);
#1266 = AXIS2_PLACEMENT_3D('',#1267,#1268,#1269);
#1267 = CARTESIAN_POINT('',(203.06101,183.715445,0.));
#1268 = DIRECTION('',(-0.,0.,-1.));
#1269 = DIRECTION('',(-0.,-1.,0.));
#1270 = FACE_BOUND('',#1271,.F.);
#1271 = EDGE_LOOP('',(#1272));
#1272 = ORIENTED_EDGE('',*,*,#1273,.T.);
#1273 = EDGE_CURVE('',#1274,#1274,#1276,.T.);
#1274 = VERTEX_POINT('',#1275);
#1275 = CARTESIAN_POINT('',(205.60101,180.665445,0.));
#1276 = CIRCLE('',#1277,0.51);
#1277 = AXIS2_PLACEMENT_3D('',#1278,#1279,#1280);
#1278 = CARTESIAN_POINT('',(205.60101,181.175445,0.));
#1279 = DIRECTION('',(-0.,0.,-1.));
#1280 = DIRECTION('',(-0.,-1.,0.));
#1281 = FACE_BOUND('',#1282,.F.);
#1282 = EDGE_LOOP('',(#1283));
#1283 = ORIENTED_EDGE('',*,*,#1284,.T.);
#1284 = EDGE_CURVE('',#1285,#1285,#1287,.T.);
#1285 = VERTEX_POINT('',#1286);
#1286 = CARTESIAN_POINT('',(208.14101,180.665445,0.));
#1287 = CIRCLE('',#1288,0.51);
#1288 = AXIS2_PLACEMENT_3D('',#1289,#1290,#1291);
#1289 = CARTESIAN_POINT('',(208.14101,181.175445,0.));
#1290 = DIRECTION('',(-0.,0.,-1.));
#1291 = DIRECTION('',(-0.,-1.,0.));
#1292 = FACE_BOUND('',#1293,.F.);
#1293 = EDGE_LOOP('',(#1294));
#1294 = ORIENTED_EDGE('',*,*,#1295,.T.);
#1295 = EDGE_CURVE('',#1296,#1296,#1298,.T.);
#1296 = VERTEX_POINT('',#1297);
#1297 = CARTESIAN_POINT('',(205.60101,183.205445,0.));
#1298 = CIRCLE('',#1299,0.51);
#1299 = AXIS2_PLACEMENT_3D('',#1300,#1301,#1302);
#1300 = CARTESIAN_POINT('',(205.60101,183.715445,0.));
#1301 = DIRECTION('',(-0.,0.,-1.));
#1302 = DIRECTION('',(-0.,-1.,0.));
#1303 = FACE_BOUND('',#1304,.F.);
#1304 = EDGE_LOOP('',(#1305));
#1305 = ORIENTED_EDGE('',*,*,#1306,.T.);
#1306 = EDGE_CURVE('',#1307,#1307,#1309,.T.);
#1307 = VERTEX_POINT('',#1308);
#1308 = CARTESIAN_POINT('',(208.14101,183.205445,0.));
#1309 = CIRCLE('',#1310,0.51);
#1310 = AXIS2_PLACEMENT_3D('',#1311,#1312,#1313);
#1311 = CARTESIAN_POINT('',(208.14101,183.715445,0.));
#1312 = DIRECTION('',(-0.,0.,-1.));
#1313 = DIRECTION('',(-0.,-1.,0.));
#1314 = FACE_BOUND('',#1315,.F.);
#1315 = EDGE_LOOP('',(#1316,#1327,#1335,#1344));
#1316 = ORIENTED_EDGE('',*,*,#1317,.T.);
#1317 = EDGE_CURVE('',#1318,#1320,#1322,.T.);
#1318 = VERTEX_POINT('',#1319);
#1319 = CARTESIAN_POINT('',(224.09841,172.017215,0.));
#1320 = VERTEX_POINT('',#1321);
#1321 = CARTESIAN_POINT('',(224.09841,171.255215,0.));
#1322 = CIRCLE('',#1323,0.381);
#1323 = AXIS2_PLACEMENT_3D('',#1324,#1325,#1326);
#1324 = CARTESIAN_POINT('',(224.09841,171.636215,0.));
#1325 = DIRECTION('',(-0.,0.,-1.));
#1326 = DIRECTION('',(-0.,-1.,0.));
#1327 = ORIENTED_EDGE('',*,*,#1328,.T.);
#1328 = EDGE_CURVE('',#1320,#1329,#1331,.T.);
#1329 = VERTEX_POINT('',#1330);
#1330 = CARTESIAN_POINT('',(215.97041,171.255215,0.));
#1331 = LINE('',#1332,#1333);
#1332 = CARTESIAN_POINT('',(107.985205,171.255215,0.));
#1333 = VECTOR('',#1334,1.);
#1334 = DIRECTION('',(-1.,0.,0.));
#1335 = ORIENTED_EDGE('',*,*,#1336,.T.);
#1336 = EDGE_CURVE('',#1329,#1337,#1339,.T.);
#1337 = VERTEX_POINT('',#1338);
#1338 = CARTESIAN_POINT('',(215.97041,172.017215,0.));
#1339 = CIRCLE('',#1340,0.381);
#1340 = AXIS2_PLACEMENT_3D('',#1341,#1342,#1343);
#1341 = CARTESIAN_POINT('',(215.97041,171.636215,0.));
#1342 = DIRECTION('',(0.,-0.,-1.));
#1343 = DIRECTION('',(7.459766254699E-14,1.,-0.));
#1344 = ORIENTED_EDGE('',*,*,#1345,.T.);
#1345 = EDGE_CURVE('',#1337,#1318,#1346,.T.);
#1346 = LINE('',#1347,#1348);
#1347 = CARTESIAN_POINT('',(112.049205,172.017215,0.));
#1348 = VECTOR('',#1349,1.);
#1349 = DIRECTION('',(1.,0.,-0.));
#1350 = FACE_BOUND('',#1351,.F.);
#1351 = EDGE_LOOP('',(#1352));
#1352 = ORIENTED_EDGE('',*,*,#1353,.T.);
#1353 = EDGE_CURVE('',#1354,#1354,#1356,.T.);
#1354 = VERTEX_POINT('',#1355);
#1355 = CARTESIAN_POINT('',(210.68101,175.139475,0.));
#1356 = CIRCLE('',#1357,0.51);
#1357 = AXIS2_PLACEMENT_3D('',#1358,#1359,#1360);
#1358 = CARTESIAN_POINT('',(210.68101,175.649475,0.));
#1359 = DIRECTION('',(-0.,0.,-1.));
#1360 = DIRECTION('',(-5.57288420204E-14,-1.,0.));
#1361 = FACE_BOUND('',#1362,.F.);
#1362 = EDGE_LOOP('',(#1363));
#1363 = ORIENTED_EDGE('',*,*,#1364,.T.);
#1364 = EDGE_CURVE('',#1365,#1365,#1367,.T.);
#1365 = VERTEX_POINT('',#1366);
#1366 = CARTESIAN_POINT('',(213.22101,175.139475,0.));
#1367 = CIRCLE('',#1368,0.51);
#1368 = AXIS2_PLACEMENT_3D('',#1369,#1370,#1371);
#1369 = CARTESIAN_POINT('',(213.22101,175.649475,0.));
#1370 = DIRECTION('',(-0.,0.,-1.));
#1371 = DIRECTION('',(5.57288420204E-14,-1.,-0.));
#1372 = FACE_BOUND('',#1373,.F.);
#1373 = EDGE_LOOP('',(#1374));
#1374 = ORIENTED_EDGE('',*,*,#1375,.T.);
#1375 = EDGE_CURVE('',#1376,#1376,#1378,.T.);
#1376 = VERTEX_POINT('',#1377);
#1377 = CARTESIAN_POINT('',(210.68101,177.679475,0.));
#1378 = CIRCLE('',#1379,0.51);
#1379 = AXIS2_PLACEMENT_3D('',#1380,#1381,#1382);
#1380 = CARTESIAN_POINT('',(210.68101,178.189475,0.));
#1381 = DIRECTION('',(-0.,0.,-1.));
#1382 = DIRECTION('',(-5.57288420204E-14,-1.,0.));
#1383 = FACE_BOUND('',#1384,.F.);
#1384 = EDGE_LOOP('',(#1385));
#1385 = ORIENTED_EDGE('',*,*,#1386,.T.);
#1386 = EDGE_CURVE('',#1387,#1387,#1389,.T.);
#1387 = VERTEX_POINT('',#1388);
#1388 = CARTESIAN_POINT('',(213.22101,177.679475,0.));
#1389 = CIRCLE('',#1390,0.51);
#1390 = AXIS2_PLACEMENT_3D('',#1391,#1392,#1393);
#1391 = CARTESIAN_POINT('',(213.22101,178.189475,0.));
#1392 = DIRECTION('',(-0.,0.,-1.));
#1393 = DIRECTION('',(5.57288420204E-14,-1.,-0.));
#1394 = FACE_BOUND('',#1395,.F.);
#1395 = EDGE_LOOP('',(#1396));
#1396 = ORIENTED_EDGE('',*,*,#1397,.T.);
#1397 = EDGE_CURVE('',#1398,#1398,#1400,.T.);
#1398 = VERTEX_POINT('',#1399);
#1399 = CARTESIAN_POINT('',(215.76101,175.139475,0.));
#1400 = CIRCLE('',#1401,0.51);
#1401 = AXIS2_PLACEMENT_3D('',#1402,#1403,#1404);
#1402 = CARTESIAN_POINT('',(215.76101,175.649475,0.));
#1403 = DIRECTION('',(-0.,0.,-1.));
#1404 = DIRECTION('',(-0.,-1.,0.));
#1405 = FACE_BOUND('',#1406,.F.);
#1406 = EDGE_LOOP('',(#1407));
#1407 = ORIENTED_EDGE('',*,*,#1408,.T.);
#1408 = EDGE_CURVE('',#1409,#1409,#1411,.T.);
#1409 = VERTEX_POINT('',#1410);
#1410 = CARTESIAN_POINT('',(218.30101,175.139475,0.));
#1411 = CIRCLE('',#1412,0.51);
#1412 = AXIS2_PLACEMENT_3D('',#1413,#1414,#1415);
#1413 = CARTESIAN_POINT('',(218.30101,175.649475,0.));
#1414 = DIRECTION('',(-0.,0.,-1.));
#1415 = DIRECTION('',(-5.57288420204E-14,-1.,0.));
#1416 = FACE_BOUND('',#1417,.F.);
#1417 = EDGE_LOOP('',(#1418));
#1418 = ORIENTED_EDGE('',*,*,#1419,.T.);
#1419 = EDGE_CURVE('',#1420,#1420,#1422,.T.);
#1420 = VERTEX_POINT('',#1421);
#1421 = CARTESIAN_POINT('',(215.76101,177.679475,0.));
#1422 = CIRCLE('',#1423,0.51);
#1423 = AXIS2_PLACEMENT_3D('',#1424,#1425,#1426);
#1424 = CARTESIAN_POINT('',(215.76101,178.189475,0.));
#1425 = DIRECTION('',(-0.,0.,-1.));
#1426 = DIRECTION('',(-0.,-1.,0.));
#1427 = FACE_BOUND('',#1428,.F.);
#1428 = EDGE_LOOP('',(#1429));
#1429 = ORIENTED_EDGE('',*,*,#1430,.T.);
#1430 = EDGE_CURVE('',#1431,#1431,#1433,.T.);
#1431 = VERTEX_POINT('',#1432);
#1432 = CARTESIAN_POINT('',(218.30101,177.679475,0.));
#1433 = CIRCLE('',#1434,0.51);
#1434 = AXIS2_PLACEMENT_3D('',#1435,#1436,#1437);
#1435 = CARTESIAN_POINT('',(218.30101,178.189475,0.));
#1436 = DIRECTION('',(-0.,0.,-1.));
#1437 = DIRECTION('',(-5.57288420204E-14,-1.,0.));
#1438 = FACE_BOUND('',#1439,.F.);
#1439 = EDGE_LOOP('',(#1440));
#1440 = ORIENTED_EDGE('',*,*,#1441,.T.);
#1441 = EDGE_CURVE('',#1442,#1442,#1444,.T.);
#1442 = VERTEX_POINT('',#1443);
#1443 = CARTESIAN_POINT('',(210.68101,180.665445,0.));
#1444 = CIRCLE('',#1445,0.51);
#1445 = AXIS2_PLACEMENT_3D('',#1446,#1447,#1448);
#1446 = CARTESIAN_POINT('',(210.68101,181.175445,0.));
#1447 = DIRECTION('',(-0.,0.,-1.));
#1448 = DIRECTION('',(-5.57288420204E-14,-1.,0.));
#1449 = FACE_BOUND('',#1450,.F.);
#1450 = EDGE_LOOP('',(#1451));
#1451 = ORIENTED_EDGE('',*,*,#1452,.T.);
#1452 = EDGE_CURVE('',#1453,#1453,#1455,.T.);
#1453 = VERTEX_POINT('',#1454);
#1454 = CARTESIAN_POINT('',(213.22101,180.665445,0.));
#1455 = CIRCLE('',#1456,0.51);
#1456 = AXIS2_PLACEMENT_3D('',#1457,#1458,#1459);
#1457 = CARTESIAN_POINT('',(213.22101,181.175445,0.));
#1458 = DIRECTION('',(-0.,0.,-1.));
#1459 = DIRECTION('',(5.57288420204E-14,-1.,-0.));
#1460 = FACE_BOUND('',#1461,.F.);
#1461 = EDGE_LOOP('',(#1462));
#1462 = ORIENTED_EDGE('',*,*,#1463,.T.);
#1463 = EDGE_CURVE('',#1464,#1464,#1466,.T.);
#1464 = VERTEX_POINT('',#1465);
#1465 = CARTESIAN_POINT('',(210.68101,183.205445,0.));
#1466 = CIRCLE('',#1467,0.51);
#1467 = AXIS2_PLACEMENT_3D('',#1468,#1469,#1470);
#1468 = CARTESIAN_POINT('',(210.68101,183.715445,0.));
#1469 = DIRECTION('',(-0.,0.,-1.));
#1470 = DIRECTION('',(-5.57288420204E-14,-1.,0.));
#1471 = FACE_BOUND('',#1472,.F.);
#1472 = EDGE_LOOP('',(#1473));
#1473 = ORIENTED_EDGE('',*,*,#1474,.T.);
#1474 = EDGE_CURVE('',#1475,#1475,#1477,.T.);
#1475 = VERTEX_POINT('',#1476);
#1476 = CARTESIAN_POINT('',(213.22101,183.205445,0.));
#1477 = CIRCLE('',#1478,0.51);
#1478 = AXIS2_PLACEMENT_3D('',#1479,#1480,#1481);
#1479 = CARTESIAN_POINT('',(213.22101,183.715445,0.));
#1480 = DIRECTION('',(-0.,0.,-1.));
#1481 = DIRECTION('',(5.57288420204E-14,-1.,-0.));
#1482 = FACE_BOUND('',#1483,.F.);
#1483 = EDGE_LOOP('',(#1484));
#1484 = ORIENTED_EDGE('',*,*,#1485,.T.);
#1485 = EDGE_CURVE('',#1486,#1486,#1488,.T.);
#1486 = VERTEX_POINT('',#1487);
#1487 = CARTESIAN_POINT('',(215.76101,180.665445,0.));
#1488 = CIRCLE('',#1489,0.51);
#1489 = AXIS2_PLACEMENT_3D('',#1490,#1491,#1492);
#1490 = CARTESIAN_POINT('',(215.76101,181.175445,0.));
#1491 = DIRECTION('',(-0.,0.,-1.));
#1492 = DIRECTION('',(-0.,-1.,0.));
#1493 = FACE_BOUND('',#1494,.F.);
#1494 = EDGE_LOOP('',(#1495));
#1495 = ORIENTED_EDGE('',*,*,#1496,.T.);
#1496 = EDGE_CURVE('',#1497,#1497,#1499,.T.);
#1497 = VERTEX_POINT('',#1498);
#1498 = CARTESIAN_POINT('',(218.30101,180.665445,0.));
#1499 = CIRCLE('',#1500,0.51);
#1500 = AXIS2_PLACEMENT_3D('',#1501,#1502,#1503);
#1501 = CARTESIAN_POINT('',(218.30101,181.175445,0.));
#1502 = DIRECTION('',(-0.,0.,-1.));
#1503 = DIRECTION('',(-5.57288420204E-14,-1.,0.));
#1504 = FACE_BOUND('',#1505,.F.);
#1505 = EDGE_LOOP('',(#1506));
#1506 = ORIENTED_EDGE('',*,*,#1507,.T.);
#1507 = EDGE_CURVE('',#1508,#1508,#1510,.T.);
#1508 = VERTEX_POINT('',#1509);
#1509 = CARTESIAN_POINT('',(215.76101,183.205445,0.));
#1510 = CIRCLE('',#1511,0.51);
#1511 = AXIS2_PLACEMENT_3D('',#1512,#1513,#1514);
#1512 = CARTESIAN_POINT('',(215.76101,183.715445,0.));
#1513 = DIRECTION('',(-0.,0.,-1.));
#1514 = DIRECTION('',(-0.,-1.,0.));
#1515 = FACE_BOUND('',#1516,.F.);
#1516 = EDGE_LOOP('',(#1517));
#1517 = ORIENTED_EDGE('',*,*,#1518,.T.);
#1518 = EDGE_CURVE('',#1519,#1519,#1521,.T.);
#1519 = VERTEX_POINT('',#1520);
#1520 = CARTESIAN_POINT('',(218.30101,183.205445,0.));
#1521 = CIRCLE('',#1522,0.51);
#1522 = AXIS2_PLACEMENT_3D('',#1523,#1524,#1525);
#1523 = CARTESIAN_POINT('',(218.30101,183.715445,0.));
#1524 = DIRECTION('',(-0.,0.,-1.));
#1525 = DIRECTION('',(-5.57288420204E-14,-1.,0.));
#1526 = FACE_BOUND('',#1527,.F.);
#1527 = EDGE_LOOP('',(#1528));
#1528 = ORIENTED_EDGE('',*,*,#1529,.T.);
#1529 = EDGE_CURVE('',#1530,#1530,#1532,.T.);
#1530 = VERTEX_POINT('',#1531);
#1531 = CARTESIAN_POINT('',(220.84101,175.139475,0.));
#1532 = CIRCLE('',#1533,0.51);
#1533 = AXIS2_PLACEMENT_3D('',#1534,#1535,#1536);
#1534 = CARTESIAN_POINT('',(220.84101,175.649475,0.));
#1535 = DIRECTION('',(-0.,0.,-1.));
#1536 = DIRECTION('',(5.57288420204E-14,-1.,-0.));
#1537 = FACE_BOUND('',#1538,.F.);
#1538 = EDGE_LOOP('',(#1539));
#1539 = ORIENTED_EDGE('',*,*,#1540,.T.);
#1540 = EDGE_CURVE('',#1541,#1541,#1543,.T.);
#1541 = VERTEX_POINT('',#1542);
#1542 = CARTESIAN_POINT('',(223.38101,175.139475,0.));
#1543 = CIRCLE('',#1544,0.51);
#1544 = AXIS2_PLACEMENT_3D('',#1545,#1546,#1547);
#1545 = CARTESIAN_POINT('',(223.38101,175.649475,0.));
#1546 = DIRECTION('',(-0.,0.,-1.));
#1547 = DIRECTION('',(-0.,-1.,0.));
#1548 = FACE_BOUND('',#1549,.F.);
#1549 = EDGE_LOOP('',(#1550));
#1550 = ORIENTED_EDGE('',*,*,#1551,.T.);
#1551 = EDGE_CURVE('',#1552,#1552,#1554,.T.);
#1552 = VERTEX_POINT('',#1553);
#1553 = CARTESIAN_POINT('',(220.84101,177.679475,0.));
#1554 = CIRCLE('',#1555,0.51);
#1555 = AXIS2_PLACEMENT_3D('',#1556,#1557,#1558);
#1556 = CARTESIAN_POINT('',(220.84101,178.189475,0.));
#1557 = DIRECTION('',(-0.,0.,-1.));
#1558 = DIRECTION('',(5.57288420204E-14,-1.,-0.));
#1559 = FACE_BOUND('',#1560,.F.);
#1560 = EDGE_LOOP('',(#1561));
#1561 = ORIENTED_EDGE('',*,*,#1562,.T.);
#1562 = EDGE_CURVE('',#1563,#1563,#1565,.T.);
#1563 = VERTEX_POINT('',#1564);
#1564 = CARTESIAN_POINT('',(223.38101,177.679475,0.));
#1565 = CIRCLE('',#1566,0.51);
#1566 = AXIS2_PLACEMENT_3D('',#1567,#1568,#1569);
#1567 = CARTESIAN_POINT('',(223.38101,178.189475,0.));
#1568 = DIRECTION('',(-0.,0.,-1.));
#1569 = DIRECTION('',(-0.,-1.,0.));
#1570 = FACE_BOUND('',#1571,.F.);
#1571 = EDGE_LOOP('',(#1572));
#1572 = ORIENTED_EDGE('',*,*,#1573,.T.);
#1573 = EDGE_CURVE('',#1574,#1574,#1576,.T.);
#1574 = VERTEX_POINT('',#1575);
#1575 = CARTESIAN_POINT('',(225.92101,175.139475,0.));
#1576 = CIRCLE('',#1577,0.51);
#1577 = AXIS2_PLACEMENT_3D('',#1578,#1579,#1580);
#1578 = CARTESIAN_POINT('',(225.92101,175.649475,0.));
#1579 = DIRECTION('',(-0.,0.,-1.));
#1580 = DIRECTION('',(-0.,-1.,0.));
#1581 = FACE_BOUND('',#1582,.F.);
#1582 = EDGE_LOOP('',(#1583));
#1583 = ORIENTED_EDGE('',*,*,#1584,.T.);
#1584 = EDGE_CURVE('',#1585,#1585,#1587,.T.);
#1585 = VERTEX_POINT('',#1586);
#1586 = CARTESIAN_POINT('',(228.46101,175.139475,0.));
#1587 = CIRCLE('',#1588,0.51);
#1588 = AXIS2_PLACEMENT_3D('',#1589,#1590,#1591);
#1589 = CARTESIAN_POINT('',(228.46101,175.649475,0.));
#1590 = DIRECTION('',(-0.,0.,-1.));
#1591 = DIRECTION('',(-0.,-1.,0.));
#1592 = FACE_BOUND('',#1593,.F.);
#1593 = EDGE_LOOP('',(#1594));
#1594 = ORIENTED_EDGE('',*,*,#1595,.T.);
#1595 = EDGE_CURVE('',#1596,#1596,#1598,.T.);
#1596 = VERTEX_POINT('',#1597);
#1597 = CARTESIAN_POINT('',(225.92101,177.679475,0.));
#1598 = CIRCLE('',#1599,0.51);
#1599 = AXIS2_PLACEMENT_3D('',#1600,#1601,#1602);
#1600 = CARTESIAN_POINT('',(225.92101,178.189475,0.));
#1601 = DIRECTION('',(-0.,0.,-1.));
#1602 = DIRECTION('',(-0.,-1.,0.));
#1603 = FACE_BOUND('',#1604,.F.);
#1604 = EDGE_LOOP('',(#1605));
#1605 = ORIENTED_EDGE('',*,*,#1606,.T.);
#1606 = EDGE_CURVE('',#1607,#1607,#1609,.T.);
#1607 = VERTEX_POINT('',#1608);
#1608 = CARTESIAN_POINT('',(228.46101,177.679475,0.));
#1609 = CIRCLE('',#1610,0.51);
#1610 = AXIS2_PLACEMENT_3D('',#1611,#1612,#1613);
#1611 = CARTESIAN_POINT('',(228.46101,178.189475,0.));
#1612 = DIRECTION('',(-0.,0.,-1.));
#1613 = DIRECTION('',(-0.,-1.,0.));
#1614 = FACE_BOUND('',#1615,.F.);
#1615 = EDGE_LOOP('',(#1616));
#1616 = ORIENTED_EDGE('',*,*,#1617,.T.);
#1617 = EDGE_CURVE('',#1618,#1618,#1620,.T.);
#1618 = VERTEX_POINT('',#1619);
#1619 = CARTESIAN_POINT('',(220.84101,180.665445,0.));
#1620 = CIRCLE('',#1621,0.51);
#1621 = AXIS2_PLACEMENT_3D('',#1622,#1623,#1624);
#1622 = CARTESIAN_POINT('',(220.84101,181.175445,0.));
#1623 = DIRECTION('',(-0.,0.,-1.));
#1624 = DIRECTION('',(5.57288420204E-14,-1.,-0.));
#1625 = FACE_BOUND('',#1626,.F.);
#1626 = EDGE_LOOP('',(#1627));
#1627 = ORIENTED_EDGE('',*,*,#1628,.T.);
#1628 = EDGE_CURVE('',#1629,#1629,#1631,.T.);
#1629 = VERTEX_POINT('',#1630);
#1630 = CARTESIAN_POINT('',(223.38101,180.665445,0.));
#1631 = CIRCLE('',#1632,0.51);
#1632 = AXIS2_PLACEMENT_3D('',#1633,#1634,#1635);
#1633 = CARTESIAN_POINT('',(223.38101,181.175445,0.));
#1634 = DIRECTION('',(-0.,0.,-1.));
#1635 = DIRECTION('',(-0.,-1.,0.));
#1636 = FACE_BOUND('',#1637,.F.);
#1637 = EDGE_LOOP('',(#1638));
#1638 = ORIENTED_EDGE('',*,*,#1639,.T.);
#1639 = EDGE_CURVE('',#1640,#1640,#1642,.T.);
#1640 = VERTEX_POINT('',#1641);
#1641 = CARTESIAN_POINT('',(220.84101,183.205445,0.));
#1642 = CIRCLE('',#1643,0.51);
#1643 = AXIS2_PLACEMENT_3D('',#1644,#1645,#1646);
#1644 = CARTESIAN_POINT('',(220.84101,183.715445,0.));
#1645 = DIRECTION('',(-0.,0.,-1.));
#1646 = DIRECTION('',(5.57288420204E-14,-1.,-0.));
#1647 = FACE_BOUND('',#1648,.F.);
#1648 = EDGE_LOOP('',(#1649));
#1649 = ORIENTED_EDGE('',*,*,#1650,.T.);
#1650 = EDGE_CURVE('',#1651,#1651,#1653,.T.);
#1651 = VERTEX_POINT('',#1652);
#1652 = CARTESIAN_POINT('',(223.38101,183.205445,0.));
#1653 = CIRCLE('',#1654,0.51);
#1654 = AXIS2_PLACEMENT_3D('',#1655,#1656,#1657);
#1655 = CARTESIAN_POINT('',(223.38101,183.715445,0.));
#1656 = DIRECTION('',(-0.,0.,-1.));
#1657 = DIRECTION('',(-0.,-1.,0.));
#1658 = FACE_BOUND('',#1659,.F.);
#1659 = EDGE_LOOP('',(#1660));
#1660 = ORIENTED_EDGE('',*,*,#1661,.T.);
#1661 = EDGE_CURVE('',#1662,#1662,#1664,.T.);
#1662 = VERTEX_POINT('',#1663);
#1663 = CARTESIAN_POINT('',(225.92101,180.665445,0.));
#1664 = CIRCLE('',#1665,0.51);
#1665 = AXIS2_PLACEMENT_3D('',#1666,#1667,#1668);
#1666 = CARTESIAN_POINT('',(225.92101,181.175445,0.));
#1667 = DIRECTION('',(-0.,0.,-1.));
#1668 = DIRECTION('',(-0.,-1.,0.));
#1669 = FACE_BOUND('',#1670,.F.);
#1670 = EDGE_LOOP('',(#1671));
#1671 = ORIENTED_EDGE('',*,*,#1672,.T.);
#1672 = EDGE_CURVE('',#1673,#1673,#1675,.T.);
#1673 = VERTEX_POINT('',#1674);
#1674 = CARTESIAN_POINT('',(228.46101,180.665445,0.));
#1675 = CIRCLE('',#1676,0.51);
#1676 = AXIS2_PLACEMENT_3D('',#1677,#1678,#1679);
#1677 = CARTESIAN_POINT('',(228.46101,181.175445,0.));
#1678 = DIRECTION('',(-0.,0.,-1.));
#1679 = DIRECTION('',(-0.,-1.,0.));
#1680 = FACE_BOUND('',#1681,.F.);
#1681 = EDGE_LOOP('',(#1682));
#1682 = ORIENTED_EDGE('',*,*,#1683,.T.);
#1683 = EDGE_CURVE('',#1684,#1684,#1686,.T.);
#1684 = VERTEX_POINT('',#1685);
#1685 = CARTESIAN_POINT('',(225.92101,183.205445,0.));
#1686 = CIRCLE('',#1687,0.51);
#1687 = AXIS2_PLACEMENT_3D('',#1688,#1689,#1690);
#1688 = CARTESIAN_POINT('',(225.92101,183.715445,0.));
#1689 = DIRECTION('',(-0.,0.,-1.));
#1690 = DIRECTION('',(-0.,-1.,0.));
#1691 = FACE_BOUND('',#1692,.F.);
#1692 = EDGE_LOOP('',(#1693));
#1693 = ORIENTED_EDGE('',*,*,#1694,.T.);
#1694 = EDGE_CURVE('',#1695,#1695,#1697,.T.);
#1695 = VERTEX_POINT('',#1696);
#1696 = CARTESIAN_POINT('',(228.46101,183.205445,0.));
#1697 = CIRCLE('',#1698,0.51);
#1698 = AXIS2_PLACEMENT_3D('',#1699,#1700,#1701);
#1699 = CARTESIAN_POINT('',(228.46101,183.715445,0.));
#1700 = DIRECTION('',(-0.,0.,-1.));
#1701 = DIRECTION('',(-0.,-1.,0.));
#1702 = FACE_BOUND('',#1703,.F.);
#1703 = EDGE_LOOP('',(#1704,#1715,#1723,#1732));
#1704 = ORIENTED_EDGE('',*,*,#1705,.T.);
#1705 = EDGE_CURVE('',#1706,#1708,#1710,.T.);
#1706 = VERTEX_POINT('',#1707);
#1707 = CARTESIAN_POINT('',(243.95501,172.042475,0.));
#1708 = VERTEX_POINT('',#1709);
#1709 = CARTESIAN_POINT('',(243.95501,171.280475,0.));
#1710 = CIRCLE('',#1711,0.381);
#1711 = AXIS2_PLACEMENT_3D('',#1712,#1713,#1714);
#1712 = CARTESIAN_POINT('',(243.95501,171.661475,0.));
#1713 = DIRECTION('',(-0.,0.,-1.));
#1714 = DIRECTION('',(-7.459766254699E-14,-1.,0.));
#1715 = ORIENTED_EDGE('',*,*,#1716,.T.);
#1716 = EDGE_CURVE('',#1708,#1717,#1719,.T.);
#1717 = VERTEX_POINT('',#1718);
#1718 = CARTESIAN_POINT('',(235.82701,171.280475,0.));
#1719 = LINE('',#1720,#1721);
#1720 = CARTESIAN_POINT('',(117.913505,171.280475,0.));
#1721 = VECTOR('',#1722,1.);
#1722 = DIRECTION('',(-1.,0.,0.));
#1723 = ORIENTED_EDGE('',*,*,#1724,.T.);
#1724 = EDGE_CURVE('',#1717,#1725,#1727,.T.);
#1725 = VERTEX_POINT('',#1726);
#1726 = CARTESIAN_POINT('',(235.82701,172.042475,0.));
#1727 = CIRCLE('',#1728,0.381);
#1728 = AXIS2_PLACEMENT_3D('',#1729,#1730,#1731);
#1729 = CARTESIAN_POINT('',(235.82701,171.661475,0.));
#1730 = DIRECTION('',(0.,-0.,-1.));
#1731 = DIRECTION('',(7.459766254699E-14,1.,-0.));
#1732 = ORIENTED_EDGE('',*,*,#1733,.T.);
#1733 = EDGE_CURVE('',#1725,#1706,#1734,.T.);
#1734 = LINE('',#1735,#1736);
#1735 = CARTESIAN_POINT('',(121.977505,172.042475,0.));
#1736 = VECTOR('',#1737,1.);
#1737 = DIRECTION('',(1.,0.,-0.));
#1738 = FACE_BOUND('',#1739,.F.);
#1739 = EDGE_LOOP('',(#1740));
#1740 = ORIENTED_EDGE('',*,*,#1741,.T.);
#1741 = EDGE_CURVE('',#1742,#1742,#1744,.T.);
#1742 = VERTEX_POINT('',#1743);
#1743 = CARTESIAN_POINT('',(246.64703,168.549975,0.));
#1744 = CIRCLE('',#1745,1.5875);
#1745 = AXIS2_PLACEMENT_3D('',#1746,#1747,#1748);
#1746 = CARTESIAN_POINT('',(246.64703,170.137475,0.));
#1747 = DIRECTION('',(-0.,0.,-1.));
#1748 = DIRECTION('',(-0.,-1.,0.));
#1749 = FACE_BOUND('',#1750,.F.);
#1750 = EDGE_LOOP('',(#1751));
#1751 = ORIENTED_EDGE('',*,*,#1752,.T.);
#1752 = EDGE_CURVE('',#1753,#1753,#1755,.T.);
#1753 = VERTEX_POINT('',#1754);
#1754 = CARTESIAN_POINT('',(231.00101,175.139475,0.));
#1755 = CIRCLE('',#1756,0.51);
#1756 = AXIS2_PLACEMENT_3D('',#1757,#1758,#1759);
#1757 = CARTESIAN_POINT('',(231.00101,175.649475,0.));
#1758 = DIRECTION('',(-0.,0.,-1.));
#1759 = DIRECTION('',(-0.,-1.,0.));
#1760 = FACE_BOUND('',#1761,.F.);
#1761 = EDGE_LOOP('',(#1762));
#1762 = ORIENTED_EDGE('',*,*,#1763,.T.);
#1763 = EDGE_CURVE('',#1764,#1764,#1766,.T.);
#1764 = VERTEX_POINT('',#1765);
#1765 = CARTESIAN_POINT('',(233.54101,175.139475,0.));
#1766 = CIRCLE('',#1767,0.51);
#1767 = AXIS2_PLACEMENT_3D('',#1768,#1769,#1770);
#1768 = CARTESIAN_POINT('',(233.54101,175.649475,0.));
#1769 = DIRECTION('',(-0.,0.,-1.));
#1770 = DIRECTION('',(-0.,-1.,0.));
#1771 = FACE_BOUND('',#1772,.F.);
#1772 = EDGE_LOOP('',(#1773));
#1773 = ORIENTED_EDGE('',*,*,#1774,.T.);
#1774 = EDGE_CURVE('',#1775,#1775,#1777,.T.);
#1775 = VERTEX_POINT('',#1776);
#1776 = CARTESIAN_POINT('',(236.08101,175.139475,0.));
#1777 = CIRCLE('',#1778,0.51);
#1778 = AXIS2_PLACEMENT_3D('',#1779,#1780,#1781);
#1779 = CARTESIAN_POINT('',(236.08101,175.649475,0.));
#1780 = DIRECTION('',(-0.,0.,-1.));
#1781 = DIRECTION('',(-0.,-1.,0.));
#1782 = FACE_BOUND('',#1783,.F.);
#1783 = EDGE_LOOP('',(#1784));
#1784 = ORIENTED_EDGE('',*,*,#1785,.T.);
#1785 = EDGE_CURVE('',#1786,#1786,#1788,.T.);
#1786 = VERTEX_POINT('',#1787);
#1787 = CARTESIAN_POINT('',(231.00101,177.679475,0.));
#1788 = CIRCLE('',#1789,0.51);
#1789 = AXIS2_PLACEMENT_3D('',#1790,#1791,#1792);
#1790 = CARTESIAN_POINT('',(231.00101,178.189475,0.));
#1791 = DIRECTION('',(-0.,0.,-1.));
#1792 = DIRECTION('',(-0.,-1.,0.));
#1793 = FACE_BOUND('',#1794,.F.);
#1794 = EDGE_LOOP('',(#1795));
#1795 = ORIENTED_EDGE('',*,*,#1796,.T.);
#1796 = EDGE_CURVE('',#1797,#1797,#1799,.T.);
#1797 = VERTEX_POINT('',#1798);
#1798 = CARTESIAN_POINT('',(233.54101,177.679475,0.));
#1799 = CIRCLE('',#1800,0.51);
#1800 = AXIS2_PLACEMENT_3D('',#1801,#1802,#1803);
#1801 = CARTESIAN_POINT('',(233.54101,178.189475,0.));
#1802 = DIRECTION('',(-0.,0.,-1.));
#1803 = DIRECTION('',(-0.,-1.,0.));
#1804 = FACE_BOUND('',#1805,.F.);
#1805 = EDGE_LOOP('',(#1806));
#1806 = ORIENTED_EDGE('',*,*,#1807,.T.);
#1807 = EDGE_CURVE('',#1808,#1808,#1810,.T.);
#1808 = VERTEX_POINT('',#1809);
#1809 = CARTESIAN_POINT('',(236.08101,177.679475,0.));
#1810 = CIRCLE('',#1811,0.51);
#1811 = AXIS2_PLACEMENT_3D('',#1812,#1813,#1814);
#1812 = CARTESIAN_POINT('',(236.08101,178.189475,0.));
#1813 = DIRECTION('',(-0.,0.,-1.));
#1814 = DIRECTION('',(-0.,-1.,0.));
#1815 = FACE_BOUND('',#1816,.F.);
#1816 = EDGE_LOOP('',(#1817));
#1817 = ORIENTED_EDGE('',*,*,#1818,.T.);
#1818 = EDGE_CURVE('',#1819,#1819,#1821,.T.);
#1819 = VERTEX_POINT('',#1820);
#1820 = CARTESIAN_POINT('',(238.62101,175.139475,0.));
#1821 = CIRCLE('',#1822,0.51);
#1822 = AXIS2_PLACEMENT_3D('',#1823,#1824,#1825);
#1823 = CARTESIAN_POINT('',(238.62101,175.649475,0.));
#1824 = DIRECTION('',(-0.,0.,-1.));
#1825 = DIRECTION('',(-0.,-1.,0.));
#1826 = FACE_BOUND('',#1827,.F.);
#1827 = EDGE_LOOP('',(#1828));
#1828 = ORIENTED_EDGE('',*,*,#1829,.T.);
#1829 = EDGE_CURVE('',#1830,#1830,#1832,.T.);
#1830 = VERTEX_POINT('',#1831);
#1831 = CARTESIAN_POINT('',(241.16101,175.139475,0.));
#1832 = CIRCLE('',#1833,0.51);
#1833 = AXIS2_PLACEMENT_3D('',#1834,#1835,#1836);
#1834 = CARTESIAN_POINT('',(241.16101,175.649475,0.));
#1835 = DIRECTION('',(-0.,0.,-1.));
#1836 = DIRECTION('',(-0.,-1.,0.));
#1837 = FACE_BOUND('',#1838,.F.);
#1838 = EDGE_LOOP('',(#1839));
#1839 = ORIENTED_EDGE('',*,*,#1840,.T.);
#1840 = EDGE_CURVE('',#1841,#1841,#1843,.T.);
#1841 = VERTEX_POINT('',#1842);
#1842 = CARTESIAN_POINT('',(238.62101,177.679475,0.));
#1843 = CIRCLE('',#1844,0.51);
#1844 = AXIS2_PLACEMENT_3D('',#1845,#1846,#1847);
#1845 = CARTESIAN_POINT('',(238.62101,178.189475,0.));
#1846 = DIRECTION('',(-0.,0.,-1.));
#1847 = DIRECTION('',(-0.,-1.,0.));
#1848 = FACE_BOUND('',#1849,.F.);
#1849 = EDGE_LOOP('',(#1850));
#1850 = ORIENTED_EDGE('',*,*,#1851,.T.);
#1851 = EDGE_CURVE('',#1852,#1852,#1854,.T.);
#1852 = VERTEX_POINT('',#1853);
#1853 = CARTESIAN_POINT('',(241.16101,177.679475,0.));
#1854 = CIRCLE('',#1855,0.51);
#1855 = AXIS2_PLACEMENT_3D('',#1856,#1857,#1858);
#1856 = CARTESIAN_POINT('',(241.16101,178.189475,0.));
#1857 = DIRECTION('',(-0.,0.,-1.));
#1858 = DIRECTION('',(-0.,-1.,0.));
#1859 = FACE_BOUND('',#1860,.F.);
#1860 = EDGE_LOOP('',(#1861));
#1861 = ORIENTED_EDGE('',*,*,#1862,.T.);
#1862 = EDGE_CURVE('',#1863,#1863,#1865,.T.);
#1863 = VERTEX_POINT('',#1864);
#1864 = CARTESIAN_POINT('',(231.00101,180.665445,0.));
#1865 = CIRCLE('',#1866,0.51);
#1866 = AXIS2_PLACEMENT_3D('',#1867,#1868,#1869);
#1867 = CARTESIAN_POINT('',(231.00101,181.175445,0.));
#1868 = DIRECTION('',(-0.,0.,-1.));
#1869 = DIRECTION('',(-0.,-1.,0.));
#1870 = FACE_BOUND('',#1871,.F.);
#1871 = EDGE_LOOP('',(#1872));
#1872 = ORIENTED_EDGE('',*,*,#1873,.T.);
#1873 = EDGE_CURVE('',#1874,#1874,#1876,.T.);
#1874 = VERTEX_POINT('',#1875);
#1875 = CARTESIAN_POINT('',(233.54101,180.665445,0.));
#1876 = CIRCLE('',#1877,0.51);
#1877 = AXIS2_PLACEMENT_3D('',#1878,#1879,#1880);
#1878 = CARTESIAN_POINT('',(233.54101,181.175445,0.));
#1879 = DIRECTION('',(-0.,0.,-1.));
#1880 = DIRECTION('',(-0.,-1.,0.));
#1881 = FACE_BOUND('',#1882,.F.);
#1882 = EDGE_LOOP('',(#1883));
#1883 = ORIENTED_EDGE('',*,*,#1884,.T.);
#1884 = EDGE_CURVE('',#1885,#1885,#1887,.T.);
#1885 = VERTEX_POINT('',#1886);
#1886 = CARTESIAN_POINT('',(236.08101,180.665445,0.));
#1887 = CIRCLE('',#1888,0.51);
#1888 = AXIS2_PLACEMENT_3D('',#1889,#1890,#1891);
#1889 = CARTESIAN_POINT('',(236.08101,181.175445,0.));
#1890 = DIRECTION('',(-0.,0.,-1.));
#1891 = DIRECTION('',(-0.,-1.,0.));
#1892 = FACE_BOUND('',#1893,.F.);
#1893 = EDGE_LOOP('',(#1894));
#1894 = ORIENTED_EDGE('',*,*,#1895,.T.);
#1895 = EDGE_CURVE('',#1896,#1896,#1898,.T.);
#1896 = VERTEX_POINT('',#1897);
#1897 = CARTESIAN_POINT('',(231.00101,183.205445,0.));
#1898 = CIRCLE('',#1899,0.51);
#1899 = AXIS2_PLACEMENT_3D('',#1900,#1901,#1902);
#1900 = CARTESIAN_POINT('',(231.00101,183.715445,0.));
#1901 = DIRECTION('',(-0.,0.,-1.));
#1902 = DIRECTION('',(-0.,-1.,0.));
#1903 = FACE_BOUND('',#1904,.F.);
#1904 = EDGE_LOOP('',(#1905));
#1905 = ORIENTED_EDGE('',*,*,#1906,.T.);
#1906 = EDGE_CURVE('',#1907,#1907,#1909,.T.);
#1907 = VERTEX_POINT('',#1908);
#1908 = CARTESIAN_POINT('',(233.54101,183.205445,0.));
#1909 = CIRCLE('',#1910,0.51);
#1910 = AXIS2_PLACEMENT_3D('',#1911,#1912,#1913);
#1911 = CARTESIAN_POINT('',(233.54101,183.715445,0.));
#1912 = DIRECTION('',(-0.,0.,-1.));
#1913 = DIRECTION('',(-0.,-1.,0.));
#1914 = FACE_BOUND('',#1915,.F.);
#1915 = EDGE_LOOP('',(#1916));
#1916 = ORIENTED_EDGE('',*,*,#1917,.T.);
#1917 = EDGE_CURVE('',#1918,#1918,#1920,.T.);
#1918 = VERTEX_POINT('',#1919);
#1919 = CARTESIAN_POINT('',(236.08101,183.205445,0.));
#1920 = CIRCLE('',#1921,0.51);
#1921 = AXIS2_PLACEMENT_3D('',#1922,#1923,#1924);
#1922 = CARTESIAN_POINT('',(236.08101,183.715445,0.));
#1923 = DIRECTION('',(-0.,0.,-1.));
#1924 = DIRECTION('',(-0.,-1.,0.));
#1925 = FACE_BOUND('',#1926,.F.);
#1926 = EDGE_LOOP('',(#1927));
#1927 = ORIENTED_EDGE('',*,*,#1928,.T.);
#1928 = EDGE_CURVE('',#1929,#1929,#1931,.T.);
#1929 = VERTEX_POINT('',#1930);
#1930 = CARTESIAN_POINT('',(238.62101,180.665445,0.));
#1931 = CIRCLE('',#1932,0.51);
#1932 = AXIS2_PLACEMENT_3D('',#1933,#1934,#1935);
#1933 = CARTESIAN_POINT('',(238.62101,181.175445,0.));
#1934 = DIRECTION('',(-0.,0.,-1.));
#1935 = DIRECTION('',(-0.,-1.,0.));
#1936 = FACE_BOUND('',#1937,.F.);
#1937 = EDGE_LOOP('',(#1938));
#1938 = ORIENTED_EDGE('',*,*,#1939,.T.);
#1939 = EDGE_CURVE('',#1940,#1940,#1942,.T.);
#1940 = VERTEX_POINT('',#1941);
#1941 = CARTESIAN_POINT('',(241.16101,180.665445,0.));
#1942 = CIRCLE('',#1943,0.51);
#1943 = AXIS2_PLACEMENT_3D('',#1944,#1945,#1946);
#1944 = CARTESIAN_POINT('',(241.16101,181.175445,0.));
#1945 = DIRECTION('',(-0.,0.,-1.));
#1946 = DIRECTION('',(-0.,-1.,0.));
#1947 = FACE_BOUND('',#1948,.F.);
#1948 = EDGE_LOOP('',(#1949));
#1949 = ORIENTED_EDGE('',*,*,#1950,.T.);
#1950 = EDGE_CURVE('',#1951,#1951,#1953,.T.);
#1951 = VERTEX_POINT('',#1952);
#1952 = CARTESIAN_POINT('',(238.62101,183.205445,0.));
#1953 = CIRCLE('',#1954,0.51);
#1954 = AXIS2_PLACEMENT_3D('',#1955,#1956,#1957);
#1955 = CARTESIAN_POINT('',(238.62101,183.715445,0.));
#1956 = DIRECTION('',(-0.,0.,-1.));
#1957 = DIRECTION('',(-0.,-1.,0.));
#1958 = FACE_BOUND('',#1959,.F.);
#1959 = EDGE_LOOP('',(#1960));
#1960 = ORIENTED_EDGE('',*,*,#1961,.T.);
#1961 = EDGE_CURVE('',#1962,#1962,#1964,.T.);
#1962 = VERTEX_POINT('',#1963);
#1963 = CARTESIAN_POINT('',(241.16101,183.205445,0.));
#1964 = CIRCLE('',#1965,0.51);
#1965 = AXIS2_PLACEMENT_3D('',#1966,#1967,#1968);
#1966 = CARTESIAN_POINT('',(241.16101,183.715445,0.));
#1967 = DIRECTION('',(-0.,0.,-1.));
#1968 = DIRECTION('',(-0.,-1.,0.));
#1969 = FACE_BOUND('',#1970,.F.);
#1970 = EDGE_LOOP('',(#1971));
#1971 = ORIENTED_EDGE('',*,*,#1972,.T.);
#1972 = EDGE_CURVE('',#1973,#1973,#1975,.T.);
#1973 = VERTEX_POINT('',#1974);
#1974 = CARTESIAN_POINT('',(246.64703,181.503975,0.));
#1975 = CIRCLE('',#1976,1.5875);
#1976 = AXIS2_PLACEMENT_3D('',#1977,#1978,#1979);
#1977 = CARTESIAN_POINT('',(246.64703,183.091475,0.));
#1978 = DIRECTION('',(-0.,0.,-1.));
#1979 = DIRECTION('',(-0.,-1.,0.));
#1980 = PLANE('',#1981);
#1981 = AXIS2_PLACEMENT_3D('',#1982,#1983,#1984);
#1982 = CARTESIAN_POINT('',(0.,0.,0.));
#1983 = DIRECTION('',(0.,0.,1.));
#1984 = DIRECTION('',(1.,0.,-0.));
#1985 = ADVANCED_FACE('',(#1986,#2306,#2317,#2353,#2364,#2400,#2436,
    #2472,#2483,#2494,#2505,#2541,#2552,#2563,#2574,#2585,#2596,#2607,
    #2618,#2629,#2640,#2651,#2662,#2673,#2684,#2695,#2706,#2717,#2728,
    #2764,#2775,#2786,#2797,#2808,#2819,#2830,#2841,#2852,#2863,#2874,
    #2885,#2896,#2907,#2918,#2929,#2940,#2951,#2962,#2973,#2984,#2995,
    #3006,#3017,#3028,#3039,#3050,#3061,#3072,#3083,#3094,#3105,#3116,
    #3127,#3138,#3149,#3160,#3196,#3207,#3218,#3229,#3240,#3251,#3262,
    #3273,#3284,#3295,#3306,#3317,#3328,#3339,#3350,#3361,#3372,#3383,
    #3394,#3405,#3416,#3427,#3438,#3449,#3460,#3471,#3482,#3493,#3504,
    #3515,#3526,#3537,#3548,#3584,#3595,#3606,#3617,#3628,#3639,#3650,
    #3661,#3672,#3683,#3694,#3705,#3716,#3727,#3738,#3749,#3760,#3771,
    #3782,#3793,#3804,#3815),#3826,.T.);
#1986 = FACE_BOUND('',#1987,.T.);
#1987 = EDGE_LOOP('',(#1988,#1989,#1990,#1999,#2007,#2016,#2025,#2033,
    #2042,#2050,#2059,#2067,#2076,#2084,#2093,#2101,#2110,#2118,#2127,
    #2136,#2144,#2153,#2162,#2170,#2179,#2187,#2196,#2204,#2213,#2221,
    #2230,#2238,#2247,#2255,#2264,#2273,#2281,#2290,#2298,#2305));
#1988 = ORIENTED_EDGE('',*,*,#49,.F.);
#1989 = ORIENTED_EDGE('',*,*,#91,.F.);
#1990 = ORIENTED_EDGE('',*,*,#1991,.F.);
#1991 = EDGE_CURVE('',#1992,#84,#1994,.T.);
#1992 = VERTEX_POINT('',#1993);
#1993 = CARTESIAN_POINT('',(164.07201,185.114075,1.299358));
#1994 = CIRCLE('',#1995,1.828007085304);
#1995 = AXIS2_PLACEMENT_3D('',#1996,#1997,#1998);
#1996 = CARTESIAN_POINT('',(165.90001708529,185.11406788801,1.299358));
#1997 = DIRECTION('',(0.,0.,-1.));
#1998 = DIRECTION('',(-0.999999999992,3.890569397206E-06,0.));
#1999 = ORIENTED_EDGE('',*,*,#2000,.F.);
#2000 = EDGE_CURVE('',#2001,#1992,#2003,.T.);
#2001 = VERTEX_POINT('',#2002);
#2002 = CARTESIAN_POINT('',(164.07201,152.417475,1.299358));
#2003 = LINE('',#2004,#2005);
#2004 = CARTESIAN_POINT('',(164.07201,152.417475,1.299358));
#2005 = VECTOR('',#2006,1.);
#2006 = DIRECTION('',(0.,1.,0.));
#2007 = ORIENTED_EDGE('',*,*,#2008,.F.);
#2008 = EDGE_CURVE('',#2009,#2001,#2011,.T.);
#2009 = VERTEX_POINT('',#2010);
#2010 = CARTESIAN_POINT('',(165.57201,150.917488,1.299358));
#2011 = CIRCLE('',#2012,1.499992050942);
#2012 = AXIS2_PLACEMENT_3D('',#2013,#2014,#2015);
#2013 = CARTESIAN_POINT('',(165.57200205093,152.41748005092,1.299358));
#2014 = DIRECTION('',(0.,0.,-1.));
#2015 = DIRECTION('',(5.299406025032E-06,-0.999999999986,0.));
#2016 = ORIENTED_EDGE('',*,*,#2017,.F.);
#2017 = EDGE_CURVE('',#2018,#2009,#2020,.T.);
#2018 = VERTEX_POINT('',#2019);
#2019 = CARTESIAN_POINT('',(167.07201,149.417475,1.299358));
#2020 = CIRCLE('',#2021,1.500033022322);
#2021 = AXIS2_PLACEMENT_3D('',#2022,#2023,#2024);
#2022 = CARTESIAN_POINT('',(165.57197697781,149.41745497804,1.299358));
#2023 = DIRECTION('',(0.,0.,1.));
#2024 = DIRECTION('',(0.999999999911,1.334767831883E-05,-0.));
#2025 = ORIENTED_EDGE('',*,*,#2026,.F.);
#2026 = EDGE_CURVE('',#2027,#2018,#2029,.T.);
#2027 = VERTEX_POINT('',#2028);
#2028 = CARTESIAN_POINT('',(167.07201,131.735575,1.299358));
#2029 = LINE('',#2030,#2031);
#2030 = CARTESIAN_POINT('',(167.07201,131.735575,1.299358));
#2031 = VECTOR('',#2032,1.);
#2032 = DIRECTION('',(0.,1.,0.));
#2033 = ORIENTED_EDGE('',*,*,#2034,.F.);
#2034 = EDGE_CURVE('',#2035,#2027,#2037,.T.);
#2035 = VERTEX_POINT('',#2036);
#2036 = CARTESIAN_POINT('',(166.020817,130.684375,1.299358));
#2037 = CIRCLE('',#2038,1.051174900558);
#2038 = AXIS2_PLACEMENT_3D('',#2039,#2040,#2041);
#2039 = CARTESIAN_POINT('',(166.02083509974,131.7355499004,1.299358));
#2040 = DIRECTION('',(0.,0.,1.));
#2041 = DIRECTION('',(-1.721858200398E-05,-0.999999999852,0.));
#2042 = ORIENTED_EDGE('',*,*,#2043,.F.);
#2043 = EDGE_CURVE('',#2044,#2035,#2046,.T.);
#2044 = VERTEX_POINT('',#2045);
#2045 = CARTESIAN_POINT('',(165.875398,130.684374,1.299358));
#2046 = LINE('',#2047,#2048);
#2047 = CARTESIAN_POINT('',(165.875398,130.684374,1.299358));
#2048 = VECTOR('',#2049,1.);
#2049 = DIRECTION('',(0.999999999976,6.87668047127E-06,0.));
#2050 = ORIENTED_EDGE('',*,*,#2051,.F.);
#2051 = EDGE_CURVE('',#2052,#2044,#2054,.T.);
#2052 = VERTEX_POINT('',#2053);
#2053 = CARTESIAN_POINT('',(164.07201,128.880975,1.299358));
#2054 = CIRCLE('',#2055,1.803438818559);
#2055 = AXIS2_PLACEMENT_3D('',#2056,#2057,#2058);
#2056 = CARTESIAN_POINT('',(165.87544881812,128.88093518215,1.299358));
#2057 = DIRECTION('',(0.,0.,-1.));
#2058 = DIRECTION('',(-0.999999999756,2.207884333839E-05,0.));
#2059 = ORIENTED_EDGE('',*,*,#2060,.F.);
#2060 = EDGE_CURVE('',#2061,#2052,#2063,.T.);
#2061 = VERTEX_POINT('',#2062);
#2062 = CARTESIAN_POINT('',(164.07201,95.417475,1.299358));
#2063 = LINE('',#2064,#2065);
#2064 = CARTESIAN_POINT('',(164.07201,95.417475,1.299358));
#2065 = VECTOR('',#2066,1.);
#2066 = DIRECTION('',(0.,1.,0.));
#2067 = ORIENTED_EDGE('',*,*,#2068,.F.);
#2068 = EDGE_CURVE('',#2069,#2061,#2071,.T.);
#2069 = VERTEX_POINT('',#2070);
#2070 = CARTESIAN_POINT('',(165.822008,93.667485,1.299358));
#2071 = CIRCLE('',#2072,1.749979061121);
#2072 = AXIS2_PLACEMENT_3D('',#2073,#2074,#2075);
#2073 = CARTESIAN_POINT('',(165.82198906108,95.417464061019,1.299358));
#2074 = DIRECTION('',(0.,0.,-1.));
#2075 = DIRECTION('',(1.082236550745E-05,-0.999999999941,0.));
#2076 = ORIENTED_EDGE('',*,*,#2077,.F.);
#2077 = EDGE_CURVE('',#2078,#2069,#2080,.T.);
#2078 = VERTEX_POINT('',#2079);
#2079 = CARTESIAN_POINT('',(175.572111,93.667475,1.299358));
#2080 = LINE('',#2081,#2082);
#2081 = CARTESIAN_POINT('',(175.572111,93.667475,1.299358));
#2082 = VECTOR('',#2083,1.);
#2083 = DIRECTION('',(-0.999999999999,1.025630191104E-06,0.));
#2084 = ORIENTED_EDGE('',*,*,#2085,.F.);
#2085 = EDGE_CURVE('',#2086,#2078,#2088,.T.);
#2086 = VERTEX_POINT('',#2087);
#2087 = CARTESIAN_POINT('',(176.395724,93.326279,1.299358));
#2088 = CIRCLE('',#2089,1.164568759822);
#2089 = AXIS2_PLACEMENT_3D('',#2090,#2091,#2092);
#2090 = CARTESIAN_POINT('',(175.57214783734,92.502906240761,1.299358));
#2091 = DIRECTION('',(0.,0.,1.));
#2092 = DIRECTION('',(0.707194105724,0.707019445863,-0.));
#2093 = ORIENTED_EDGE('',*,*,#2094,.F.);
#2094 = EDGE_CURVE('',#2095,#2086,#2097,.T.);
#2095 = VERTEX_POINT('',#2096);
#2096 = CARTESIAN_POINT('',(176.8654,92.856605,1.299358));
#2097 = LINE('',#2098,#2099);
#2098 = CARTESIAN_POINT('',(176.8654,92.856605,1.299358));
#2099 = VECTOR('',#2100,1.);
#2100 = DIRECTION('',(-0.707108286709,0.707105275661,0.));
#2101 = ORIENTED_EDGE('',*,*,#2102,.F.);
#2102 = EDGE_CURVE('',#2103,#2095,#2105,.T.);
#2103 = VERTEX_POINT('',#2104);
#2104 = CARTESIAN_POINT('',(177.32201,92.667475,1.299358));
#2105 = CIRCLE('',#2106,0.645815794731);
#2106 = AXIS2_PLACEMENT_3D('',#2107,#2108,#2109);
#2107 = CARTESIAN_POINT('',(177.3220356601,93.313290794222,1.299358));
#2108 = DIRECTION('',(0.,0.,-1.));
#2109 = DIRECTION('',(-3.973285650836E-05,-0.999999999211,-0.));
#2110 = ORIENTED_EDGE('',*,*,#2111,.F.);
#2111 = EDGE_CURVE('',#2112,#2103,#2114,.T.);
#2112 = VERTEX_POINT('',#2113);
#2113 = CARTESIAN_POINT('',(199.07201,92.667475,1.299358));
#2114 = LINE('',#2115,#2116);
#2115 = CARTESIAN_POINT('',(199.07201,92.667475,1.299358));
#2116 = VECTOR('',#2117,1.);
#2117 = DIRECTION('',(-1.,0.,0.));
#2118 = ORIENTED_EDGE('',*,*,#2119,.F.);
#2119 = EDGE_CURVE('',#2120,#2112,#2122,.T.);
#2120 = VERTEX_POINT('',#2121);
#2121 = CARTESIAN_POINT('',(200.07201,93.667475,1.299358));
#2122 = CIRCLE('',#2123,0.999999252925);
#2123 = AXIS2_PLACEMENT_3D('',#2124,#2125,#2126);
#2124 = CARTESIAN_POINT('',(199.07201074707,93.667474252925,1.299358));
#2125 = DIRECTION('',(0.,0.,-1.));
#2126 = DIRECTION('',(1.,7.470757491648E-07,0.));
#2127 = ORIENTED_EDGE('',*,*,#2128,.F.);
#2128 = EDGE_CURVE('',#2129,#2120,#2131,.T.);
#2129 = VERTEX_POINT('',#2130);
#2130 = CARTESIAN_POINT('',(201.57201,95.167475,1.299358));
#2131 = CIRCLE('',#2132,1.500024486656);
#2132 = AXIS2_PLACEMENT_3D('',#2133,#2134,#2135);
#2133 = CARTESIAN_POINT('',(201.57203448645,93.667450513544,1.299358));
#2134 = DIRECTION('',(0.,0.,1.));
#2135 = DIRECTION('',(-1.632403748061E-05,0.999999999867,0.));
#2136 = ORIENTED_EDGE('',*,*,#2137,.F.);
#2137 = EDGE_CURVE('',#2138,#2129,#2140,.T.);
#2138 = VERTEX_POINT('',#2139);
#2139 = CARTESIAN_POINT('',(219.57201,95.167475,1.299358));
#2140 = LINE('',#2141,#2142);
#2141 = CARTESIAN_POINT('',(219.57201,95.167475,1.299358));
#2142 = VECTOR('',#2143,1.);
#2143 = DIRECTION('',(-1.,0.,0.));
#2144 = ORIENTED_EDGE('',*,*,#2145,.F.);
#2145 = EDGE_CURVE('',#2146,#2138,#2148,.T.);
#2146 = VERTEX_POINT('',#2147);
#2147 = CARTESIAN_POINT('',(220.57201,94.167475,1.299358));
#2148 = CIRCLE('',#2149,1.000009495719);
#2149 = AXIS2_PLACEMENT_3D('',#2150,#2151,#2152);
#2150 = CARTESIAN_POINT('',(219.57200050432,94.167465504326,1.299358));
#2151 = DIRECTION('',(0.,0.,1.));
#2152 = DIRECTION('',(0.999999999955,9.495583512858E-06,-0.));
#2153 = ORIENTED_EDGE('',*,*,#2154,.F.);
#2154 = EDGE_CURVE('',#2155,#2146,#2157,.T.);
#2155 = VERTEX_POINT('',#2156);
#2156 = CARTESIAN_POINT('',(222.07201,92.667475,1.299358));
#2157 = CIRCLE('',#2158,1.500000586493);
#2158 = AXIS2_PLACEMENT_3D('',#2159,#2160,#2161);
#2159 = CARTESIAN_POINT('',(222.07201058649,94.167475586493,1.299358));
#2160 = DIRECTION('',(0.,0.,-1.));
#2161 = DIRECTION('',(-3.909953331848E-07,-1.,-0.));
#2162 = ORIENTED_EDGE('',*,*,#2163,.F.);
#2163 = EDGE_CURVE('',#2164,#2155,#2166,.T.);
#2164 = VERTEX_POINT('',#2165);
#2165 = CARTESIAN_POINT('',(241.00001,92.667475,1.299358));
#2166 = LINE('',#2167,#2168);
#2167 = CARTESIAN_POINT('',(241.00001,92.667475,1.299358));
#2168 = VECTOR('',#2169,1.);
#2169 = DIRECTION('',(-1.,0.,0.));
#2170 = ORIENTED_EDGE('',*,*,#2171,.F.);
#2171 = EDGE_CURVE('',#2172,#2164,#2174,.T.);
#2172 = VERTEX_POINT('',#2173);
#2173 = CARTESIAN_POINT('',(241.56578,92.889273,1.299358));
#2174 = CIRCLE('',#2175,0.83251434244);
#2175 = AXIS2_PLACEMENT_3D('',#2176,#2177,#2178);
#2176 = CARTESIAN_POINT('',(241.00000117439,93.499989342393,1.299358));
#2177 = DIRECTION('',(0.,0.,-1.));
#2178 = DIRECTION('',(0.679602496632,-0.733580565835,0.));
#2179 = ORIENTED_EDGE('',*,*,#2180,.F.);
#2180 = EDGE_CURVE('',#2181,#2172,#2183,.T.);
#2181 = VERTEX_POINT('',#2182);
#2182 = CARTESIAN_POINT('',(242.460632,93.561166,1.299358));
#2183 = LINE('',#2184,#2185);
#2184 = CARTESIAN_POINT('',(242.460632,93.561166,1.299358));
#2185 = VECTOR('',#2186,1.);
#2186 = DIRECTION('',(-0.799676457213,-0.600431148242,0.));
#2187 = ORIENTED_EDGE('',*,*,#2188,.F.);
#2188 = EDGE_CURVE('',#2189,#2181,#2191,.T.);
#2189 = VERTEX_POINT('',#2190);
#2190 = CARTESIAN_POINT('',(242.82201,93.667455,1.299358));
#2191 = CIRCLE('',#2192,0.66740096735);
#2192 = AXIS2_PLACEMENT_3D('',#2193,#2194,#2195);
#2193 = CARTESIAN_POINT('',(242.82198696642,93.000054033048,1.299358));
#2194 = DIRECTION('',(0.,0.,1.));
#2195 = DIRECTION('',(3.45123440967E-05,0.999999999404,-0.));
#2196 = ORIENTED_EDGE('',*,*,#2197,.F.);
#2197 = EDGE_CURVE('',#2198,#2189,#2200,.T.);
#2198 = VERTEX_POINT('',#2199);
#2199 = CARTESIAN_POINT('',(252.51861,93.667475,1.299358));
#2200 = LINE('',#2201,#2202);
#2201 = CARTESIAN_POINT('',(252.51861,93.667475,1.299358));
#2202 = VECTOR('',#2203,1.);
#2203 = DIRECTION('',(-0.999999999998,-2.062578634995E-06,0.));
#2204 = ORIENTED_EDGE('',*,*,#2205,.F.);
#2205 = EDGE_CURVE('',#2206,#2198,#2208,.T.);
#2206 = VERTEX_POINT('',#2207);
#2207 = CARTESIAN_POINT('',(254.32201,95.470875,1.299358));
#2208 = CIRCLE('',#2209,1.803406381818);
#2209 = AXIS2_PLACEMENT_3D('',#2210,#2211,#2212);
#2210 = CARTESIAN_POINT('',(252.51860361819,95.470881381807,1.299358));
#2211 = DIRECTION('',(0.,0.,-1.));
#2212 = DIRECTION('',(0.999999999994,-3.53875137469E-06,0.));
#2213 = ORIENTED_EDGE('',*,*,#2214,.F.);
#2214 = EDGE_CURVE('',#2215,#2206,#2217,.T.);
#2215 = VERTEX_POINT('',#2216);
#2216 = CARTESIAN_POINT('',(254.32201,129.417475,1.299358));
#2217 = LINE('',#2218,#2219);
#2218 = CARTESIAN_POINT('',(254.32201,129.417475,1.299358));
#2219 = VECTOR('',#2220,1.);
#2220 = DIRECTION('',(0.,-1.,0.));
#2221 = ORIENTED_EDGE('',*,*,#2222,.F.);
#2222 = EDGE_CURVE('',#2223,#2215,#2225,.T.);
#2223 = VERTEX_POINT('',#2224);
#2224 = CARTESIAN_POINT('',(253.32201,130.417475,1.299358));
#2225 = CIRCLE('',#2226,0.99998901049);
#2226 = AXIS2_PLACEMENT_3D('',#2227,#2228,#2229);
#2227 = CARTESIAN_POINT('',(253.32202098957,129.41748598957,1.299358));
#2228 = DIRECTION('',(0.,0.,-1.));
#2229 = DIRECTION('',(-1.098969153939E-05,0.99999999994,0.));
#2230 = ORIENTED_EDGE('',*,*,#2231,.F.);
#2231 = EDGE_CURVE('',#2232,#2223,#2234,.T.);
#2232 = VERTEX_POINT('',#2233);
#2233 = CARTESIAN_POINT('',(252.57201,130.417475,1.299358));
#2234 = LINE('',#2235,#2236);
#2235 = CARTESIAN_POINT('',(252.57201,130.417475,1.299358));
#2236 = VECTOR('',#2237,1.);
#2237 = DIRECTION('',(1.,0.,0.));
#2238 = ORIENTED_EDGE('',*,*,#2239,.F.);
#2239 = EDGE_CURVE('',#2240,#2232,#2242,.T.);
#2240 = VERTEX_POINT('',#2241);
#2241 = CARTESIAN_POINT('',(251.57201,131.417475,1.299358));
#2242 = CIRCLE('',#2243,0.99998901049);
#2243 = AXIS2_PLACEMENT_3D('',#2244,#2245,#2246);
#2244 = CARTESIAN_POINT('',(252.57199901042,131.41746401042,1.299358));
#2245 = DIRECTION('',(0.,0.,1.));
#2246 = DIRECTION('',(-0.99999999994,1.098969153939E-05,0.));
#2247 = ORIENTED_EDGE('',*,*,#2248,.F.);
#2248 = EDGE_CURVE('',#2249,#2240,#2251,.T.);
#2249 = VERTEX_POINT('',#2250);
#2250 = CARTESIAN_POINT('',(251.57201,149.417475,1.299358));
#2251 = LINE('',#2252,#2253);
#2252 = CARTESIAN_POINT('',(251.57201,149.417475,1.299358));
#2253 = VECTOR('',#2254,1.);
#2254 = DIRECTION('',(0.,-1.,0.));
#2255 = ORIENTED_EDGE('',*,*,#2256,.F.);
#2256 = EDGE_CURVE('',#2257,#2249,#2259,.T.);
#2257 = VERTEX_POINT('',#2258);
#2258 = CARTESIAN_POINT('',(252.57201,150.417475,1.299358));
#2259 = CIRCLE('',#2260,1.000023153312);
#2260 = AXIS2_PLACEMENT_3D('',#2261,#2262,#2263);
#2261 = CARTESIAN_POINT('',(252.57203315304,149.41745184695,1.299358));
#2262 = DIRECTION('',(0.,0.,1.));
#2263 = DIRECTION('',(-2.315250833823E-05,0.999999999732,0.));
#2264 = ORIENTED_EDGE('',*,*,#2265,.F.);
#2265 = EDGE_CURVE('',#2266,#2257,#2268,.T.);
#2266 = VERTEX_POINT('',#2267);
#2267 = CARTESIAN_POINT('',(254.27217,152.117674,1.299358));
#2268 = CIRCLE('',#2269,1.700158857397);
#2269 = AXIS2_PLACEMENT_3D('',#2270,#2271,#2272);
#2270 = CARTESIAN_POINT('',(252.57201114307,152.11763385739,1.299358));
#2271 = DIRECTION('',(0.,0.,-1.));
#2272 = DIRECTION('',(0.999999999721,2.361108990666E-05,0.));
#2273 = ORIENTED_EDGE('',*,*,#2274,.F.);
#2274 = EDGE_CURVE('',#2275,#2266,#2277,.T.);
#2275 = VERTEX_POINT('',#2276);
#2276 = CARTESIAN_POINT('',(254.27218,164.224824,1.299358));
#2277 = LINE('',#2278,#2279);
#2278 = CARTESIAN_POINT('',(254.27218,164.224824,1.299358));
#2279 = VECTOR('',#2280,1.);
#2280 = DIRECTION('',(-8.259582150358E-07,-1.,0.));
#2281 = ORIENTED_EDGE('',*,*,#2282,.F.);
#2282 = EDGE_CURVE('',#2283,#2275,#2285,.T.);
#2283 = VERTEX_POINT('',#2284);
#2284 = CARTESIAN_POINT('',(253.32201,165.167475,1.299358));
#2285 = CIRCLE('',#2286,0.95022719396);
#2286 = AXIS2_PLACEMENT_3D('',#2287,#2288,#2289);
#2287 = CARTESIAN_POINT('',(253.32198300914,164.21724780642,1.299358));
#2288 = DIRECTION('',(0.,0.,-1.));
#2289 = DIRECTION('',(2.840463413214E-05,0.999999999597,0.));
#2290 = ORIENTED_EDGE('',*,*,#2291,.F.);
#2291 = EDGE_CURVE('',#2292,#2283,#2294,.T.);
#2292 = VERTEX_POINT('',#2293);
#2293 = CARTESIAN_POINT('',(251.57201,165.167475,1.299358));
#2294 = LINE('',#2295,#2296);
#2295 = CARTESIAN_POINT('',(251.57201,165.167475,1.299358));
#2296 = VECTOR('',#2297,1.);
#2297 = DIRECTION('',(1.,0.,0.));
#2298 = ORIENTED_EDGE('',*,*,#2299,.F.);
#2299 = EDGE_CURVE('',#114,#2292,#2300,.T.);
#2300 = CIRCLE('',#2301,1.749989303642);
#2301 = AXIS2_PLACEMENT_3D('',#2302,#2303,#2304);
#2302 = CARTESIAN_POINT('',(251.5719993036,166.9174643036,1.299358));
#2303 = DIRECTION('',(0.,0.,1.));
#2304 = DIRECTION('',(-0.999999999981,6.11226083747E-06,0.));
#2305 = ORIENTED_EDGE('',*,*,#113,.F.);
#2306 = FACE_BOUND('',#2307,.T.);
#2307 = EDGE_LOOP('',(#2308));
#2308 = ORIENTED_EDGE('',*,*,#2309,.T.);
#2309 = EDGE_CURVE('',#2310,#2310,#2312,.T.);
#2310 = VERTEX_POINT('',#2311);
#2311 = CARTESIAN_POINT('',(169.57201,96.829965,1.299358));
#2312 = CIRCLE('',#2313,1.5875);
#2313 = AXIS2_PLACEMENT_3D('',#2314,#2315,#2316);
#2314 = CARTESIAN_POINT('',(169.57201,98.417465,1.299358));
#2315 = DIRECTION('',(-0.,0.,-1.));
#2316 = DIRECTION('',(-0.,-1.,0.));
#2317 = FACE_BOUND('',#2318,.T.);
#2318 = EDGE_LOOP('',(#2319,#2330,#2338,#2347));
#2319 = ORIENTED_EDGE('',*,*,#2320,.T.);
#2320 = EDGE_CURVE('',#2321,#2323,#2325,.T.);
#2321 = VERTEX_POINT('',#2322);
#2322 = CARTESIAN_POINT('',(186.45851,103.057195,1.299358));
#2323 = VERTEX_POINT('',#2324);
#2324 = CARTESIAN_POINT('',(186.45851,102.295195,1.299358));
#2325 = CIRCLE('',#2326,0.381);
#2326 = AXIS2_PLACEMENT_3D('',#2327,#2328,#2329);
#2327 = CARTESIAN_POINT('',(186.45851,102.676195,1.299358));
#2328 = DIRECTION('',(-0.,0.,-1.));
#2329 = DIRECTION('',(-0.,-1.,0.));
#2330 = ORIENTED_EDGE('',*,*,#2331,.T.);
#2331 = EDGE_CURVE('',#2323,#2332,#2334,.T.);
#2332 = VERTEX_POINT('',#2333);
#2333 = CARTESIAN_POINT('',(178.33051,102.295195,1.299358));
#2334 = LINE('',#2335,#2336);
#2335 = CARTESIAN_POINT('',(89.165255,102.295195,1.299358));
#2336 = VECTOR('',#2337,1.);
#2337 = DIRECTION('',(-1.,0.,0.));
#2338 = ORIENTED_EDGE('',*,*,#2339,.T.);
#2339 = EDGE_CURVE('',#2332,#2340,#2342,.T.);
#2340 = VERTEX_POINT('',#2341);
#2341 = CARTESIAN_POINT('',(178.33051,103.057195,1.299358));
#2342 = CIRCLE('',#2343,0.381);
#2343 = AXIS2_PLACEMENT_3D('',#2344,#2345,#2346);
#2344 = CARTESIAN_POINT('',(178.33051,102.676195,1.299358));
#2345 = DIRECTION('',(-0.,0.,-1.));
#2346 = DIRECTION('',(0.,1.,0.));
#2347 = ORIENTED_EDGE('',*,*,#2348,.T.);
#2348 = EDGE_CURVE('',#2340,#2321,#2349,.T.);
#2349 = LINE('',#2350,#2351);
#2350 = CARTESIAN_POINT('',(93.229255,103.057195,1.299358));
#2351 = VECTOR('',#2352,1.);
#2352 = DIRECTION('',(1.,0.,-0.));
#2353 = FACE_BOUND('',#2354,.T.);
#2354 = EDGE_LOOP('',(#2355));
#2355 = ORIENTED_EDGE('',*,*,#2356,.T.);
#2356 = EDGE_CURVE('',#2357,#2357,#2359,.T.);
#2357 = VERTEX_POINT('',#2358);
#2358 = CARTESIAN_POINT('',(167.24701,109.030005,1.299358));
#2359 = CIRCLE('',#2360,1.5875);
#2360 = AXIS2_PLACEMENT_3D('',#2361,#2362,#2363);
#2361 = CARTESIAN_POINT('',(167.24701,110.617505,1.299358));
#2362 = DIRECTION('',(-0.,0.,-1.));
#2363 = DIRECTION('',(-0.,-1.,0.));
#2364 = FACE_BOUND('',#2365,.T.);
#2365 = EDGE_LOOP('',(#2366,#2377,#2385,#2394));
#2366 = ORIENTED_EDGE('',*,*,#2367,.T.);
#2367 = EDGE_CURVE('',#2368,#2370,#2372,.T.);
#2368 = VERTEX_POINT('',#2369);
#2369 = CARTESIAN_POINT('',(203.51303,103.081475,1.299358));
#2370 = VERTEX_POINT('',#2371);
#2371 = CARTESIAN_POINT('',(203.51303,102.319475,1.299358));
#2372 = CIRCLE('',#2373,0.381);
#2373 = AXIS2_PLACEMENT_3D('',#2374,#2375,#2376);
#2374 = CARTESIAN_POINT('',(203.51303,102.700475,1.299358));
#2375 = DIRECTION('',(-0.,0.,-1.));
#2376 = DIRECTION('',(-7.459766254699E-14,-1.,0.));
#2377 = ORIENTED_EDGE('',*,*,#2378,.T.);
#2378 = EDGE_CURVE('',#2370,#2379,#2381,.T.);
#2379 = VERTEX_POINT('',#2380);
#2380 = CARTESIAN_POINT('',(195.38503,102.319475,1.299358));
#2381 = LINE('',#2382,#2383);
#2382 = CARTESIAN_POINT('',(97.692515,102.319475,1.299358));
#2383 = VECTOR('',#2384,1.);
#2384 = DIRECTION('',(-1.,0.,0.));
#2385 = ORIENTED_EDGE('',*,*,#2386,.T.);
#2386 = EDGE_CURVE('',#2379,#2387,#2389,.T.);
#2387 = VERTEX_POINT('',#2388);
#2388 = CARTESIAN_POINT('',(195.38503,103.081475,1.299358));
#2389 = CIRCLE('',#2390,0.381);
#2390 = AXIS2_PLACEMENT_3D('',#2391,#2392,#2393);
#2391 = CARTESIAN_POINT('',(195.38503,102.700475,1.299358));
#2392 = DIRECTION('',(0.,-0.,-1.));
#2393 = DIRECTION('',(7.459766254699E-14,1.,-0.));
#2394 = ORIENTED_EDGE('',*,*,#2395,.T.);
#2395 = EDGE_CURVE('',#2387,#2368,#2396,.T.);
#2396 = LINE('',#2397,#2398);
#2397 = CARTESIAN_POINT('',(101.756515,103.081475,1.299358));
#2398 = VECTOR('',#2399,1.);
#2399 = DIRECTION('',(1.,0.,-0.));
#2400 = FACE_BOUND('',#2401,.T.);
#2401 = EDGE_LOOP('',(#2402,#2413,#2421,#2430));
#2402 = ORIENTED_EDGE('',*,*,#2403,.T.);
#2403 = EDGE_CURVE('',#2404,#2406,#2408,.T.);
#2404 = VERTEX_POINT('',#2405);
#2405 = CARTESIAN_POINT('',(223.38604,103.208475,1.299358));
#2406 = VERTEX_POINT('',#2407);
#2407 = CARTESIAN_POINT('',(223.38604,102.446475,1.299358));
#2408 = CIRCLE('',#2409,0.381);
#2409 = AXIS2_PLACEMENT_3D('',#2410,#2411,#2412);
#2410 = CARTESIAN_POINT('',(223.38604,102.827475,1.299358));
#2411 = DIRECTION('',(-0.,0.,-1.));
#2412 = DIRECTION('',(-7.459766254699E-14,-1.,0.));
#2413 = ORIENTED_EDGE('',*,*,#2414,.T.);
#2414 = EDGE_CURVE('',#2406,#2415,#2417,.T.);
#2415 = VERTEX_POINT('',#2416);
#2416 = CARTESIAN_POINT('',(215.25804,102.446475,1.299358));
#2417 = LINE('',#2418,#2419);
#2418 = CARTESIAN_POINT('',(107.62902,102.446475,1.299358));
#2419 = VECTOR('',#2420,1.);
#2420 = DIRECTION('',(-1.,0.,0.));
#2421 = ORIENTED_EDGE('',*,*,#2422,.T.);
#2422 = EDGE_CURVE('',#2415,#2423,#2425,.T.);
#2423 = VERTEX_POINT('',#2424);
#2424 = CARTESIAN_POINT('',(215.25804,103.208475,1.299358));
#2425 = CIRCLE('',#2426,0.381);
#2426 = AXIS2_PLACEMENT_3D('',#2427,#2428,#2429);
#2427 = CARTESIAN_POINT('',(215.25804,102.827475,1.299358));
#2428 = DIRECTION('',(-0.,0.,-1.));
#2429 = DIRECTION('',(0.,1.,0.));
#2430 = ORIENTED_EDGE('',*,*,#2431,.T.);
#2431 = EDGE_CURVE('',#2423,#2404,#2432,.T.);
#2432 = LINE('',#2433,#2434);
#2433 = CARTESIAN_POINT('',(111.69302,103.208475,1.299358));
#2434 = VECTOR('',#2435,1.);
#2435 = DIRECTION('',(1.,0.,-0.));
#2436 = FACE_BOUND('',#2437,.T.);
#2437 = EDGE_LOOP('',(#2438,#2449,#2457,#2466));
#2438 = ORIENTED_EDGE('',*,*,#2439,.T.);
#2439 = EDGE_CURVE('',#2440,#2442,#2444,.T.);
#2440 = VERTEX_POINT('',#2441);
#2441 = CARTESIAN_POINT('',(242.6235,103.208475,1.299358));
#2442 = VERTEX_POINT('',#2443);
#2443 = CARTESIAN_POINT('',(242.6235,102.446475,1.299358));
#2444 = CIRCLE('',#2445,0.381);
#2445 = AXIS2_PLACEMENT_3D('',#2446,#2447,#2448);
#2446 = CARTESIAN_POINT('',(242.6235,102.827475,1.299358));
#2447 = DIRECTION('',(-0.,0.,-1.));
#2448 = DIRECTION('',(-7.459766254699E-14,-1.,0.));
#2449 = ORIENTED_EDGE('',*,*,#2450,.T.);
#2450 = EDGE_CURVE('',#2442,#2451,#2453,.T.);
#2451 = VERTEX_POINT('',#2452);
#2452 = CARTESIAN_POINT('',(234.4955,102.446475,1.299358));
#2453 = LINE('',#2454,#2455);
#2454 = CARTESIAN_POINT('',(117.24775,102.446475,1.299358));
#2455 = VECTOR('',#2456,1.);
#2456 = DIRECTION('',(-1.,0.,0.));
#2457 = ORIENTED_EDGE('',*,*,#2458,.T.);
#2458 = EDGE_CURVE('',#2451,#2459,#2461,.T.);
#2459 = VERTEX_POINT('',#2460);
#2460 = CARTESIAN_POINT('',(234.4955,103.208475,1.299358));
#2461 = CIRCLE('',#2462,0.381);
#2462 = AXIS2_PLACEMENT_3D('',#2463,#2464,#2465);
#2463 = CARTESIAN_POINT('',(234.4955,102.827475,1.299358));
#2464 = DIRECTION('',(-0.,0.,-1.));
#2465 = DIRECTION('',(0.,1.,0.));
#2466 = ORIENTED_EDGE('',*,*,#2467,.T.);
#2467 = EDGE_CURVE('',#2459,#2440,#2468,.T.);
#2468 = LINE('',#2469,#2470);
#2469 = CARTESIAN_POINT('',(121.31175,103.208475,1.299358));
#2470 = VECTOR('',#2471,1.);
#2471 = DIRECTION('',(1.,0.,-0.));
#2472 = FACE_BOUND('',#2473,.T.);
#2473 = EDGE_LOOP('',(#2474));
#2474 = ORIENTED_EDGE('',*,*,#2475,.T.);
#2475 = EDGE_CURVE('',#2476,#2476,#2478,.T.);
#2476 = VERTEX_POINT('',#2477);
#2477 = CARTESIAN_POINT('',(248.822,96.329995,1.299358));
#2478 = CIRCLE('',#2479,1.5875);
#2479 = AXIS2_PLACEMENT_3D('',#2480,#2481,#2482);
#2480 = CARTESIAN_POINT('',(248.822,97.917495,1.299358));
#2481 = DIRECTION('',(-0.,0.,-1.));
#2482 = DIRECTION('',(-0.,-1.,0.));
#2483 = FACE_BOUND('',#2484,.T.);
#2484 = EDGE_LOOP('',(#2485));
#2485 = ORIENTED_EDGE('',*,*,#2486,.T.);
#2486 = EDGE_CURVE('',#2487,#2487,#2489,.T.);
#2487 = VERTEX_POINT('',#2488);
#2488 = CARTESIAN_POINT('',(251.14702,109.030005,1.299358));
#2489 = CIRCLE('',#2490,1.5875);
#2490 = AXIS2_PLACEMENT_3D('',#2491,#2492,#2493);
#2491 = CARTESIAN_POINT('',(251.14702,110.617505,1.299358));
#2492 = DIRECTION('',(-0.,0.,-1.));
#2493 = DIRECTION('',(-0.,-1.,0.));
#2494 = FACE_BOUND('',#2495,.T.);
#2495 = EDGE_LOOP('',(#2496));
#2496 = ORIENTED_EDGE('',*,*,#2497,.T.);
#2497 = EDGE_CURVE('',#2498,#2498,#2500,.T.);
#2498 = VERTEX_POINT('',#2499);
#2499 = CARTESIAN_POINT('',(167.24701,168.379895,1.299358));
#2500 = CIRCLE('',#2501,1.5875);
#2501 = AXIS2_PLACEMENT_3D('',#2502,#2503,#2504);
#2502 = CARTESIAN_POINT('',(167.24701,169.967395,1.299358));
#2503 = DIRECTION('',(-0.,0.,-1.));
#2504 = DIRECTION('',(-0.,-1.,0.));
#2505 = FACE_BOUND('',#2506,.T.);
#2506 = EDGE_LOOP('',(#2507,#2518,#2526,#2535));
#2507 = ORIENTED_EDGE('',*,*,#2508,.T.);
#2508 = EDGE_CURVE('',#2509,#2511,#2513,.T.);
#2509 = VERTEX_POINT('',#2510);
#2510 = CARTESIAN_POINT('',(183.38602,172.307685,1.299358));
#2511 = VERTEX_POINT('',#2512);
#2512 = CARTESIAN_POINT('',(183.38602,171.545685,1.299358));
#2513 = CIRCLE('',#2514,0.381);
#2514 = AXIS2_PLACEMENT_3D('',#2515,#2516,#2517);
#2515 = CARTESIAN_POINT('',(183.38602,171.926685,1.299358));
#2516 = DIRECTION('',(-0.,0.,-1.));
#2517 = DIRECTION('',(-0.,-1.,0.));
#2518 = ORIENTED_EDGE('',*,*,#2519,.T.);
#2519 = EDGE_CURVE('',#2511,#2520,#2522,.T.);
#2520 = VERTEX_POINT('',#2521);
#2521 = CARTESIAN_POINT('',(175.25802,171.545685,1.299358));
#2522 = LINE('',#2523,#2524);
#2523 = CARTESIAN_POINT('',(87.62901,171.545685,1.299358));
#2524 = VECTOR('',#2525,1.);
#2525 = DIRECTION('',(-1.,0.,0.));
#2526 = ORIENTED_EDGE('',*,*,#2527,.T.);
#2527 = EDGE_CURVE('',#2520,#2528,#2530,.T.);
#2528 = VERTEX_POINT('',#2529);
#2529 = CARTESIAN_POINT('',(175.25802,172.307685,1.299358));
#2530 = CIRCLE('',#2531,0.381);
#2531 = AXIS2_PLACEMENT_3D('',#2532,#2533,#2534);
#2532 = CARTESIAN_POINT('',(175.25802,171.926685,1.299358));
#2533 = DIRECTION('',(-0.,0.,-1.));
#2534 = DIRECTION('',(-7.459766254699E-14,1.,0.));
#2535 = ORIENTED_EDGE('',*,*,#2536,.T.);
#2536 = EDGE_CURVE('',#2528,#2509,#2537,.T.);
#2537 = LINE('',#2538,#2539);
#2538 = CARTESIAN_POINT('',(91.69301,172.307685,1.299358));
#2539 = VECTOR('',#2540,1.);
#2540 = DIRECTION('',(1.,0.,-0.));
#2541 = FACE_BOUND('',#2542,.T.);
#2542 = EDGE_LOOP('',(#2543));
#2543 = ORIENTED_EDGE('',*,*,#2544,.T.);
#2544 = EDGE_CURVE('',#2545,#2545,#2547,.T.);
#2545 = VERTEX_POINT('',#2546);
#2546 = CARTESIAN_POINT('',(173.32202,181.079985,1.299358));
#2547 = CIRCLE('',#2548,1.5875);
#2548 = AXIS2_PLACEMENT_3D('',#2549,#2550,#2551);
#2549 = CARTESIAN_POINT('',(173.32202,182.667485,1.299358));
#2550 = DIRECTION('',(-0.,0.,-1.));
#2551 = DIRECTION('',(-0.,-1.,0.));
#2552 = FACE_BOUND('',#2553,.T.);
#2553 = EDGE_LOOP('',(#2554));
#2554 = ORIENTED_EDGE('',*,*,#2555,.T.);
#2555 = EDGE_CURVE('',#2556,#2556,#2558,.T.);
#2556 = VERTEX_POINT('',#2557);
#2557 = CARTESIAN_POINT('',(177.66101,175.139475,1.299358));
#2558 = CIRCLE('',#2559,0.51);
#2559 = AXIS2_PLACEMENT_3D('',#2560,#2561,#2562);
#2560 = CARTESIAN_POINT('',(177.66101,175.649475,1.299358));
#2561 = DIRECTION('',(-0.,0.,-1.));
#2562 = DIRECTION('',(-0.,-1.,0.));
#2563 = FACE_BOUND('',#2564,.T.);
#2564 = EDGE_LOOP('',(#2565));
#2565 = ORIENTED_EDGE('',*,*,#2566,.T.);
#2566 = EDGE_CURVE('',#2567,#2567,#2569,.T.);
#2567 = VERTEX_POINT('',#2568);
#2568 = CARTESIAN_POINT('',(180.20101,175.139475,1.299358));
#2569 = CIRCLE('',#2570,0.51);
#2570 = AXIS2_PLACEMENT_3D('',#2571,#2572,#2573);
#2571 = CARTESIAN_POINT('',(180.20101,175.649475,1.299358));
#2572 = DIRECTION('',(-0.,0.,-1.));
#2573 = DIRECTION('',(-0.,-1.,0.));
#2574 = FACE_BOUND('',#2575,.T.);
#2575 = EDGE_LOOP('',(#2576));
#2576 = ORIENTED_EDGE('',*,*,#2577,.T.);
#2577 = EDGE_CURVE('',#2578,#2578,#2580,.T.);
#2578 = VERTEX_POINT('',#2579);
#2579 = CARTESIAN_POINT('',(177.66101,177.679475,1.299358));
#2580 = CIRCLE('',#2581,0.51);
#2581 = AXIS2_PLACEMENT_3D('',#2582,#2583,#2584);
#2582 = CARTESIAN_POINT('',(177.66101,178.189475,1.299358));
#2583 = DIRECTION('',(-0.,0.,-1.));
#2584 = DIRECTION('',(-0.,-1.,0.));
#2585 = FACE_BOUND('',#2586,.T.);
#2586 = EDGE_LOOP('',(#2587));
#2587 = ORIENTED_EDGE('',*,*,#2588,.T.);
#2588 = EDGE_CURVE('',#2589,#2589,#2591,.T.);
#2589 = VERTEX_POINT('',#2590);
#2590 = CARTESIAN_POINT('',(180.20101,177.679475,1.299358));
#2591 = CIRCLE('',#2592,0.51);
#2592 = AXIS2_PLACEMENT_3D('',#2593,#2594,#2595);
#2593 = CARTESIAN_POINT('',(180.20101,178.189475,1.299358));
#2594 = DIRECTION('',(-0.,0.,-1.));
#2595 = DIRECTION('',(-0.,-1.,0.));
#2596 = FACE_BOUND('',#2597,.T.);
#2597 = EDGE_LOOP('',(#2598));
#2598 = ORIENTED_EDGE('',*,*,#2599,.T.);
#2599 = EDGE_CURVE('',#2600,#2600,#2602,.T.);
#2600 = VERTEX_POINT('',#2601);
#2601 = CARTESIAN_POINT('',(182.74101,175.139475,1.299358));
#2602 = CIRCLE('',#2603,0.51);
#2603 = AXIS2_PLACEMENT_3D('',#2604,#2605,#2606);
#2604 = CARTESIAN_POINT('',(182.74101,175.649475,1.299358));
#2605 = DIRECTION('',(-0.,0.,-1.));
#2606 = DIRECTION('',(-5.57288420204E-14,-1.,0.));
#2607 = FACE_BOUND('',#2608,.T.);
#2608 = EDGE_LOOP('',(#2609));
#2609 = ORIENTED_EDGE('',*,*,#2610,.T.);
#2610 = EDGE_CURVE('',#2611,#2611,#2613,.T.);
#2611 = VERTEX_POINT('',#2612);
#2612 = CARTESIAN_POINT('',(185.28101,175.139475,1.299358));
#2613 = CIRCLE('',#2614,0.51);
#2614 = AXIS2_PLACEMENT_3D('',#2615,#2616,#2617);
#2615 = CARTESIAN_POINT('',(185.28101,175.649475,1.299358));
#2616 = DIRECTION('',(-0.,0.,-1.));
#2617 = DIRECTION('',(5.57288420204E-14,-1.,-0.));
#2618 = FACE_BOUND('',#2619,.T.);
#2619 = EDGE_LOOP('',(#2620));
#2620 = ORIENTED_EDGE('',*,*,#2621,.T.);
#2621 = EDGE_CURVE('',#2622,#2622,#2624,.T.);
#2622 = VERTEX_POINT('',#2623);
#2623 = CARTESIAN_POINT('',(182.74101,177.679475,1.299358));
#2624 = CIRCLE('',#2625,0.51);
#2625 = AXIS2_PLACEMENT_3D('',#2626,#2627,#2628);
#2626 = CARTESIAN_POINT('',(182.74101,178.189475,1.299358));
#2627 = DIRECTION('',(-0.,0.,-1.));
#2628 = DIRECTION('',(-5.57288420204E-14,-1.,0.));
#2629 = FACE_BOUND('',#2630,.T.);
#2630 = EDGE_LOOP('',(#2631));
#2631 = ORIENTED_EDGE('',*,*,#2632,.T.);
#2632 = EDGE_CURVE('',#2633,#2633,#2635,.T.);
#2633 = VERTEX_POINT('',#2634);
#2634 = CARTESIAN_POINT('',(185.28101,177.679475,1.299358));
#2635 = CIRCLE('',#2636,0.51);
#2636 = AXIS2_PLACEMENT_3D('',#2637,#2638,#2639);
#2637 = CARTESIAN_POINT('',(185.28101,178.189475,1.299358));
#2638 = DIRECTION('',(-0.,0.,-1.));
#2639 = DIRECTION('',(5.57288420204E-14,-1.,-0.));
#2640 = FACE_BOUND('',#2641,.T.);
#2641 = EDGE_LOOP('',(#2642));
#2642 = ORIENTED_EDGE('',*,*,#2643,.T.);
#2643 = EDGE_CURVE('',#2644,#2644,#2646,.T.);
#2644 = VERTEX_POINT('',#2645);
#2645 = CARTESIAN_POINT('',(177.66101,180.665445,1.299358));
#2646 = CIRCLE('',#2647,0.51);
#2647 = AXIS2_PLACEMENT_3D('',#2648,#2649,#2650);
#2648 = CARTESIAN_POINT('',(177.66101,181.175445,1.299358));
#2649 = DIRECTION('',(-0.,0.,-1.));
#2650 = DIRECTION('',(-0.,-1.,0.));
#2651 = FACE_BOUND('',#2652,.T.);
#2652 = EDGE_LOOP('',(#2653));
#2653 = ORIENTED_EDGE('',*,*,#2654,.T.);
#2654 = EDGE_CURVE('',#2655,#2655,#2657,.T.);
#2655 = VERTEX_POINT('',#2656);
#2656 = CARTESIAN_POINT('',(180.20101,180.665445,1.299358));
#2657 = CIRCLE('',#2658,0.51);
#2658 = AXIS2_PLACEMENT_3D('',#2659,#2660,#2661);
#2659 = CARTESIAN_POINT('',(180.20101,181.175445,1.299358));
#2660 = DIRECTION('',(-0.,0.,-1.));
#2661 = DIRECTION('',(-0.,-1.,0.));
#2662 = FACE_BOUND('',#2663,.T.);
#2663 = EDGE_LOOP('',(#2664));
#2664 = ORIENTED_EDGE('',*,*,#2665,.T.);
#2665 = EDGE_CURVE('',#2666,#2666,#2668,.T.);
#2666 = VERTEX_POINT('',#2667);
#2667 = CARTESIAN_POINT('',(177.66101,183.205445,1.299358));
#2668 = CIRCLE('',#2669,0.51);
#2669 = AXIS2_PLACEMENT_3D('',#2670,#2671,#2672);
#2670 = CARTESIAN_POINT('',(177.66101,183.715445,1.299358));
#2671 = DIRECTION('',(-0.,0.,-1.));
#2672 = DIRECTION('',(-0.,-1.,0.));
#2673 = FACE_BOUND('',#2674,.T.);
#2674 = EDGE_LOOP('',(#2675));
#2675 = ORIENTED_EDGE('',*,*,#2676,.T.);
#2676 = EDGE_CURVE('',#2677,#2677,#2679,.T.);
#2677 = VERTEX_POINT('',#2678);
#2678 = CARTESIAN_POINT('',(180.20101,183.205445,1.299358));
#2679 = CIRCLE('',#2680,0.51);
#2680 = AXIS2_PLACEMENT_3D('',#2681,#2682,#2683);
#2681 = CARTESIAN_POINT('',(180.20101,183.715445,1.299358));
#2682 = DIRECTION('',(-0.,0.,-1.));
#2683 = DIRECTION('',(-0.,-1.,0.));
#2684 = FACE_BOUND('',#2685,.T.);
#2685 = EDGE_LOOP('',(#2686));
#2686 = ORIENTED_EDGE('',*,*,#2687,.T.);
#2687 = EDGE_CURVE('',#2688,#2688,#2690,.T.);
#2688 = VERTEX_POINT('',#2689);
#2689 = CARTESIAN_POINT('',(182.74101,180.665445,1.299358));
#2690 = CIRCLE('',#2691,0.51);
#2691 = AXIS2_PLACEMENT_3D('',#2692,#2693,#2694);
#2692 = CARTESIAN_POINT('',(182.74101,181.175445,1.299358));
#2693 = DIRECTION('',(-0.,0.,-1.));
#2694 = DIRECTION('',(-5.57288420204E-14,-1.,0.));
#2695 = FACE_BOUND('',#2696,.T.);
#2696 = EDGE_LOOP('',(#2697));
#2697 = ORIENTED_EDGE('',*,*,#2698,.T.);
#2698 = EDGE_CURVE('',#2699,#2699,#2701,.T.);
#2699 = VERTEX_POINT('',#2700);
#2700 = CARTESIAN_POINT('',(185.28101,180.665445,1.299358));
#2701 = CIRCLE('',#2702,0.51);
#2702 = AXIS2_PLACEMENT_3D('',#2703,#2704,#2705);
#2703 = CARTESIAN_POINT('',(185.28101,181.175445,1.299358));
#2704 = DIRECTION('',(-0.,0.,-1.));
#2705 = DIRECTION('',(5.57288420204E-14,-1.,-0.));
#2706 = FACE_BOUND('',#2707,.T.);
#2707 = EDGE_LOOP('',(#2708));
#2708 = ORIENTED_EDGE('',*,*,#2709,.T.);
#2709 = EDGE_CURVE('',#2710,#2710,#2712,.T.);
#2710 = VERTEX_POINT('',#2711);
#2711 = CARTESIAN_POINT('',(182.74101,183.205445,1.299358));
#2712 = CIRCLE('',#2713,0.51);
#2713 = AXIS2_PLACEMENT_3D('',#2714,#2715,#2716);
#2714 = CARTESIAN_POINT('',(182.74101,183.715445,1.299358));
#2715 = DIRECTION('',(-0.,0.,-1.));
#2716 = DIRECTION('',(-5.57288420204E-14,-1.,0.));
#2717 = FACE_BOUND('',#2718,.T.);
#2718 = EDGE_LOOP('',(#2719));
#2719 = ORIENTED_EDGE('',*,*,#2720,.T.);
#2720 = EDGE_CURVE('',#2721,#2721,#2723,.T.);
#2721 = VERTEX_POINT('',#2722);
#2722 = CARTESIAN_POINT('',(185.28101,183.205445,1.299358));
#2723 = CIRCLE('',#2724,0.51);
#2724 = AXIS2_PLACEMENT_3D('',#2725,#2726,#2727);
#2725 = CARTESIAN_POINT('',(185.28101,183.715445,1.299358));
#2726 = DIRECTION('',(-0.,0.,-1.));
#2727 = DIRECTION('',(5.57288420204E-14,-1.,-0.));
#2728 = FACE_BOUND('',#2729,.T.);
#2729 = EDGE_LOOP('',(#2730,#2741,#2749,#2758));
#2730 = ORIENTED_EDGE('',*,*,#2731,.T.);
#2731 = EDGE_CURVE('',#2732,#2734,#2736,.T.);
#2732 = VERTEX_POINT('',#2733);
#2733 = CARTESIAN_POINT('',(201.53701,172.334715,1.299358));
#2734 = VERTEX_POINT('',#2735);
#2735 = CARTESIAN_POINT('',(201.53701,171.572715,1.299358));
#2736 = CIRCLE('',#2737,0.381);
#2737 = AXIS2_PLACEMENT_3D('',#2738,#2739,#2740);
#2738 = CARTESIAN_POINT('',(201.53701,171.953715,1.299358));
#2739 = DIRECTION('',(-0.,0.,-1.));
#2740 = DIRECTION('',(-0.,-1.,0.));
#2741 = ORIENTED_EDGE('',*,*,#2742,.T.);
#2742 = EDGE_CURVE('',#2734,#2743,#2745,.T.);
#2743 = VERTEX_POINT('',#2744);
#2744 = CARTESIAN_POINT('',(193.40901,171.572715,1.299358));
#2745 = LINE('',#2746,#2747);
#2746 = CARTESIAN_POINT('',(96.704505,171.572715,1.299358));
#2747 = VECTOR('',#2748,1.);
#2748 = DIRECTION('',(-1.,0.,0.));
#2749 = ORIENTED_EDGE('',*,*,#2750,.T.);
#2750 = EDGE_CURVE('',#2743,#2751,#2753,.T.);
#2751 = VERTEX_POINT('',#2752);
#2752 = CARTESIAN_POINT('',(193.40901,172.334715,1.299358));
#2753 = CIRCLE('',#2754,0.381);
#2754 = AXIS2_PLACEMENT_3D('',#2755,#2756,#2757);
#2755 = CARTESIAN_POINT('',(193.40901,171.953715,1.299358));
#2756 = DIRECTION('',(0.,-0.,-1.));
#2757 = DIRECTION('',(7.459766254699E-14,1.,-0.));
#2758 = ORIENTED_EDGE('',*,*,#2759,.T.);
#2759 = EDGE_CURVE('',#2751,#2732,#2760,.T.);
#2760 = LINE('',#2761,#2762);
#2761 = CARTESIAN_POINT('',(100.768505,172.334715,1.299358));
#2762 = VECTOR('',#2763,1.);
#2763 = DIRECTION('',(1.,0.,-0.));
#2764 = FACE_BOUND('',#2765,.T.);
#2765 = EDGE_LOOP('',(#2766));
#2766 = ORIENTED_EDGE('',*,*,#2767,.T.);
#2767 = EDGE_CURVE('',#2768,#2768,#2770,.T.);
#2768 = VERTEX_POINT('',#2769);
#2769 = CARTESIAN_POINT('',(187.82101,175.139475,1.299358));
#2770 = CIRCLE('',#2771,0.51);
#2771 = AXIS2_PLACEMENT_3D('',#2772,#2773,#2774);
#2772 = CARTESIAN_POINT('',(187.82101,175.649475,1.299358));
#2773 = DIRECTION('',(-0.,0.,-1.));
#2774 = DIRECTION('',(-0.,-1.,0.));
#2775 = FACE_BOUND('',#2776,.T.);
#2776 = EDGE_LOOP('',(#2777));
#2777 = ORIENTED_EDGE('',*,*,#2778,.T.);
#2778 = EDGE_CURVE('',#2779,#2779,#2781,.T.);
#2779 = VERTEX_POINT('',#2780);
#2780 = CARTESIAN_POINT('',(190.36101,175.139475,1.299358));
#2781 = CIRCLE('',#2782,0.51);
#2782 = AXIS2_PLACEMENT_3D('',#2783,#2784,#2785);
#2783 = CARTESIAN_POINT('',(190.36101,175.649475,1.299358));
#2784 = DIRECTION('',(-0.,0.,-1.));
#2785 = DIRECTION('',(-5.57288420204E-14,-1.,0.));
#2786 = FACE_BOUND('',#2787,.T.);
#2787 = EDGE_LOOP('',(#2788));
#2788 = ORIENTED_EDGE('',*,*,#2789,.T.);
#2789 = EDGE_CURVE('',#2790,#2790,#2792,.T.);
#2790 = VERTEX_POINT('',#2791);
#2791 = CARTESIAN_POINT('',(187.82101,177.679475,1.299358));
#2792 = CIRCLE('',#2793,0.51);
#2793 = AXIS2_PLACEMENT_3D('',#2794,#2795,#2796);
#2794 = CARTESIAN_POINT('',(187.82101,178.189475,1.299358));
#2795 = DIRECTION('',(-0.,0.,-1.));
#2796 = DIRECTION('',(-0.,-1.,0.));
#2797 = FACE_BOUND('',#2798,.T.);
#2798 = EDGE_LOOP('',(#2799));
#2799 = ORIENTED_EDGE('',*,*,#2800,.T.);
#2800 = EDGE_CURVE('',#2801,#2801,#2803,.T.);
#2801 = VERTEX_POINT('',#2802);
#2802 = CARTESIAN_POINT('',(190.36101,177.679475,1.299358));
#2803 = CIRCLE('',#2804,0.51);
#2804 = AXIS2_PLACEMENT_3D('',#2805,#2806,#2807);
#2805 = CARTESIAN_POINT('',(190.36101,178.189475,1.299358));
#2806 = DIRECTION('',(-0.,0.,-1.));
#2807 = DIRECTION('',(-5.57288420204E-14,-1.,0.));
#2808 = FACE_BOUND('',#2809,.T.);
#2809 = EDGE_LOOP('',(#2810));
#2810 = ORIENTED_EDGE('',*,*,#2811,.T.);
#2811 = EDGE_CURVE('',#2812,#2812,#2814,.T.);
#2812 = VERTEX_POINT('',#2813);
#2813 = CARTESIAN_POINT('',(192.90101,175.139475,1.299358));
#2814 = CIRCLE('',#2815,0.51);
#2815 = AXIS2_PLACEMENT_3D('',#2816,#2817,#2818);
#2816 = CARTESIAN_POINT('',(192.90101,175.649475,1.299358));
#2817 = DIRECTION('',(-0.,0.,-1.));
#2818 = DIRECTION('',(5.57288420204E-14,-1.,-0.));
#2819 = FACE_BOUND('',#2820,.T.);
#2820 = EDGE_LOOP('',(#2821));
#2821 = ORIENTED_EDGE('',*,*,#2822,.T.);
#2822 = EDGE_CURVE('',#2823,#2823,#2825,.T.);
#2823 = VERTEX_POINT('',#2824);
#2824 = CARTESIAN_POINT('',(195.44101,175.139475,1.299358));
#2825 = CIRCLE('',#2826,0.51);
#2826 = AXIS2_PLACEMENT_3D('',#2827,#2828,#2829);
#2827 = CARTESIAN_POINT('',(195.44101,175.649475,1.299358));
#2828 = DIRECTION('',(-0.,0.,-1.));
#2829 = DIRECTION('',(-0.,-1.,0.));
#2830 = FACE_BOUND('',#2831,.T.);
#2831 = EDGE_LOOP('',(#2832));
#2832 = ORIENTED_EDGE('',*,*,#2833,.T.);
#2833 = EDGE_CURVE('',#2834,#2834,#2836,.T.);
#2834 = VERTEX_POINT('',#2835);
#2835 = CARTESIAN_POINT('',(197.98101,175.139475,1.299358));
#2836 = CIRCLE('',#2837,0.51);
#2837 = AXIS2_PLACEMENT_3D('',#2838,#2839,#2840);
#2838 = CARTESIAN_POINT('',(197.98101,175.649475,1.299358));
#2839 = DIRECTION('',(-0.,0.,-1.));
#2840 = DIRECTION('',(-0.,-1.,0.));
#2841 = FACE_BOUND('',#2842,.T.);
#2842 = EDGE_LOOP('',(#2843));
#2843 = ORIENTED_EDGE('',*,*,#2844,.T.);
#2844 = EDGE_CURVE('',#2845,#2845,#2847,.T.);
#2845 = VERTEX_POINT('',#2846);
#2846 = CARTESIAN_POINT('',(192.90101,177.679475,1.299358));
#2847 = CIRCLE('',#2848,0.51);
#2848 = AXIS2_PLACEMENT_3D('',#2849,#2850,#2851);
#2849 = CARTESIAN_POINT('',(192.90101,178.189475,1.299358));
#2850 = DIRECTION('',(-0.,0.,-1.));
#2851 = DIRECTION('',(5.57288420204E-14,-1.,-0.));
#2852 = FACE_BOUND('',#2853,.T.);
#2853 = EDGE_LOOP('',(#2854));
#2854 = ORIENTED_EDGE('',*,*,#2855,.T.);
#2855 = EDGE_CURVE('',#2856,#2856,#2858,.T.);
#2856 = VERTEX_POINT('',#2857);
#2857 = CARTESIAN_POINT('',(195.44101,177.679475,1.299358));
#2858 = CIRCLE('',#2859,0.51);
#2859 = AXIS2_PLACEMENT_3D('',#2860,#2861,#2862);
#2860 = CARTESIAN_POINT('',(195.44101,178.189475,1.299358));
#2861 = DIRECTION('',(-0.,0.,-1.));
#2862 = DIRECTION('',(-0.,-1.,0.));
#2863 = FACE_BOUND('',#2864,.T.);
#2864 = EDGE_LOOP('',(#2865));
#2865 = ORIENTED_EDGE('',*,*,#2866,.T.);
#2866 = EDGE_CURVE('',#2867,#2867,#2869,.T.);
#2867 = VERTEX_POINT('',#2868);
#2868 = CARTESIAN_POINT('',(197.98101,177.679475,1.299358));
#2869 = CIRCLE('',#2870,0.51);
#2870 = AXIS2_PLACEMENT_3D('',#2871,#2872,#2873);
#2871 = CARTESIAN_POINT('',(197.98101,178.189475,1.299358));
#2872 = DIRECTION('',(-0.,0.,-1.));
#2873 = DIRECTION('',(-0.,-1.,0.));
#2874 = FACE_BOUND('',#2875,.T.);
#2875 = EDGE_LOOP('',(#2876));
#2876 = ORIENTED_EDGE('',*,*,#2877,.T.);
#2877 = EDGE_CURVE('',#2878,#2878,#2880,.T.);
#2878 = VERTEX_POINT('',#2879);
#2879 = CARTESIAN_POINT('',(187.82101,180.665445,1.299358));
#2880 = CIRCLE('',#2881,0.51);
#2881 = AXIS2_PLACEMENT_3D('',#2882,#2883,#2884);
#2882 = CARTESIAN_POINT('',(187.82101,181.175445,1.299358));
#2883 = DIRECTION('',(-0.,0.,-1.));
#2884 = DIRECTION('',(-0.,-1.,0.));
#2885 = FACE_BOUND('',#2886,.T.);
#2886 = EDGE_LOOP('',(#2887));
#2887 = ORIENTED_EDGE('',*,*,#2888,.T.);
#2888 = EDGE_CURVE('',#2889,#2889,#2891,.T.);
#2889 = VERTEX_POINT('',#2890);
#2890 = CARTESIAN_POINT('',(190.36101,180.665445,1.299358));
#2891 = CIRCLE('',#2892,0.51);
#2892 = AXIS2_PLACEMENT_3D('',#2893,#2894,#2895);
#2893 = CARTESIAN_POINT('',(190.36101,181.175445,1.299358));
#2894 = DIRECTION('',(-0.,0.,-1.));
#2895 = DIRECTION('',(-5.57288420204E-14,-1.,0.));
#2896 = FACE_BOUND('',#2897,.T.);
#2897 = EDGE_LOOP('',(#2898));
#2898 = ORIENTED_EDGE('',*,*,#2899,.T.);
#2899 = EDGE_CURVE('',#2900,#2900,#2902,.T.);
#2900 = VERTEX_POINT('',#2901);
#2901 = CARTESIAN_POINT('',(187.82101,183.205445,1.299358));
#2902 = CIRCLE('',#2903,0.51);
#2903 = AXIS2_PLACEMENT_3D('',#2904,#2905,#2906);
#2904 = CARTESIAN_POINT('',(187.82101,183.715445,1.299358));
#2905 = DIRECTION('',(-0.,0.,-1.));
#2906 = DIRECTION('',(-0.,-1.,0.));
#2907 = FACE_BOUND('',#2908,.T.);
#2908 = EDGE_LOOP('',(#2909));
#2909 = ORIENTED_EDGE('',*,*,#2910,.T.);
#2910 = EDGE_CURVE('',#2911,#2911,#2913,.T.);
#2911 = VERTEX_POINT('',#2912);
#2912 = CARTESIAN_POINT('',(190.36101,183.205445,1.299358));
#2913 = CIRCLE('',#2914,0.51);
#2914 = AXIS2_PLACEMENT_3D('',#2915,#2916,#2917);
#2915 = CARTESIAN_POINT('',(190.36101,183.715445,1.299358));
#2916 = DIRECTION('',(-0.,0.,-1.));
#2917 = DIRECTION('',(-5.57288420204E-14,-1.,0.));
#2918 = FACE_BOUND('',#2919,.T.);
#2919 = EDGE_LOOP('',(#2920));
#2920 = ORIENTED_EDGE('',*,*,#2921,.T.);
#2921 = EDGE_CURVE('',#2922,#2922,#2924,.T.);
#2922 = VERTEX_POINT('',#2923);
#2923 = CARTESIAN_POINT('',(192.90101,180.665445,1.299358));
#2924 = CIRCLE('',#2925,0.51);
#2925 = AXIS2_PLACEMENT_3D('',#2926,#2927,#2928);
#2926 = CARTESIAN_POINT('',(192.90101,181.175445,1.299358));
#2927 = DIRECTION('',(-0.,0.,-1.));
#2928 = DIRECTION('',(5.57288420204E-14,-1.,-0.));
#2929 = FACE_BOUND('',#2930,.T.);
#2930 = EDGE_LOOP('',(#2931));
#2931 = ORIENTED_EDGE('',*,*,#2932,.T.);
#2932 = EDGE_CURVE('',#2933,#2933,#2935,.T.);
#2933 = VERTEX_POINT('',#2934);
#2934 = CARTESIAN_POINT('',(195.44101,180.665445,1.299358));
#2935 = CIRCLE('',#2936,0.51);
#2936 = AXIS2_PLACEMENT_3D('',#2937,#2938,#2939);
#2937 = CARTESIAN_POINT('',(195.44101,181.175445,1.299358));
#2938 = DIRECTION('',(-0.,0.,-1.));
#2939 = DIRECTION('',(-0.,-1.,0.));
#2940 = FACE_BOUND('',#2941,.T.);
#2941 = EDGE_LOOP('',(#2942));
#2942 = ORIENTED_EDGE('',*,*,#2943,.T.);
#2943 = EDGE_CURVE('',#2944,#2944,#2946,.T.);
#2944 = VERTEX_POINT('',#2945);
#2945 = CARTESIAN_POINT('',(197.98101,180.665445,1.299358));
#2946 = CIRCLE('',#2947,0.51);
#2947 = AXIS2_PLACEMENT_3D('',#2948,#2949,#2950);
#2948 = CARTESIAN_POINT('',(197.98101,181.175445,1.299358));
#2949 = DIRECTION('',(-0.,0.,-1.));
#2950 = DIRECTION('',(-0.,-1.,0.));
#2951 = FACE_BOUND('',#2952,.T.);
#2952 = EDGE_LOOP('',(#2953));
#2953 = ORIENTED_EDGE('',*,*,#2954,.T.);
#2954 = EDGE_CURVE('',#2955,#2955,#2957,.T.);
#2955 = VERTEX_POINT('',#2956);
#2956 = CARTESIAN_POINT('',(192.90101,183.205445,1.299358));
#2957 = CIRCLE('',#2958,0.51);
#2958 = AXIS2_PLACEMENT_3D('',#2959,#2960,#2961);
#2959 = CARTESIAN_POINT('',(192.90101,183.715445,1.299358));
#2960 = DIRECTION('',(-0.,0.,-1.));
#2961 = DIRECTION('',(5.57288420204E-14,-1.,-0.));
#2962 = FACE_BOUND('',#2963,.T.);
#2963 = EDGE_LOOP('',(#2964));
#2964 = ORIENTED_EDGE('',*,*,#2965,.T.);
#2965 = EDGE_CURVE('',#2966,#2966,#2968,.T.);
#2966 = VERTEX_POINT('',#2967);
#2967 = CARTESIAN_POINT('',(195.44101,183.205445,1.299358));
#2968 = CIRCLE('',#2969,0.51);
#2969 = AXIS2_PLACEMENT_3D('',#2970,#2971,#2972);
#2970 = CARTESIAN_POINT('',(195.44101,183.715445,1.299358));
#2971 = DIRECTION('',(-0.,0.,-1.));
#2972 = DIRECTION('',(-0.,-1.,0.));
#2973 = FACE_BOUND('',#2974,.T.);
#2974 = EDGE_LOOP('',(#2975));
#2975 = ORIENTED_EDGE('',*,*,#2976,.T.);
#2976 = EDGE_CURVE('',#2977,#2977,#2979,.T.);
#2977 = VERTEX_POINT('',#2978);
#2978 = CARTESIAN_POINT('',(197.98101,183.205445,1.299358));
#2979 = CIRCLE('',#2980,0.51);
#2980 = AXIS2_PLACEMENT_3D('',#2981,#2982,#2983);
#2981 = CARTESIAN_POINT('',(197.98101,183.715445,1.299358));
#2982 = DIRECTION('',(-0.,0.,-1.));
#2983 = DIRECTION('',(-0.,-1.,0.));
#2984 = FACE_BOUND('',#2985,.T.);
#2985 = EDGE_LOOP('',(#2986));
#2986 = ORIENTED_EDGE('',*,*,#2987,.T.);
#2987 = EDGE_CURVE('',#2988,#2988,#2990,.T.);
#2988 = VERTEX_POINT('',#2989);
#2989 = CARTESIAN_POINT('',(200.52101,175.139475,1.299358));
#2990 = CIRCLE('',#2991,0.51);
#2991 = AXIS2_PLACEMENT_3D('',#2992,#2993,#2994);
#2992 = CARTESIAN_POINT('',(200.52101,175.649475,1.299358));
#2993 = DIRECTION('',(-0.,0.,-1.));
#2994 = DIRECTION('',(-0.,-1.,0.));
#2995 = FACE_BOUND('',#2996,.T.);
#2996 = EDGE_LOOP('',(#2997));
#2997 = ORIENTED_EDGE('',*,*,#2998,.T.);
#2998 = EDGE_CURVE('',#2999,#2999,#3001,.T.);
#2999 = VERTEX_POINT('',#3000);
#3000 = CARTESIAN_POINT('',(203.06101,175.139475,1.299358));
#3001 = CIRCLE('',#3002,0.51);
#3002 = AXIS2_PLACEMENT_3D('',#3003,#3004,#3005);
#3003 = CARTESIAN_POINT('',(203.06101,175.649475,1.299358));
#3004 = DIRECTION('',(-0.,0.,-1.));
#3005 = DIRECTION('',(-0.,-1.,0.));
#3006 = FACE_BOUND('',#3007,.T.);
#3007 = EDGE_LOOP('',(#3008));
#3008 = ORIENTED_EDGE('',*,*,#3009,.T.);
#3009 = EDGE_CURVE('',#3010,#3010,#3012,.T.);
#3010 = VERTEX_POINT('',#3011);
#3011 = CARTESIAN_POINT('',(200.52101,177.679475,1.299358));
#3012 = CIRCLE('',#3013,0.51);
#3013 = AXIS2_PLACEMENT_3D('',#3014,#3015,#3016);
#3014 = CARTESIAN_POINT('',(200.52101,178.189475,1.299358));
#3015 = DIRECTION('',(-0.,0.,-1.));
#3016 = DIRECTION('',(-0.,-1.,0.));
#3017 = FACE_BOUND('',#3018,.T.);
#3018 = EDGE_LOOP('',(#3019));
#3019 = ORIENTED_EDGE('',*,*,#3020,.T.);
#3020 = EDGE_CURVE('',#3021,#3021,#3023,.T.);
#3021 = VERTEX_POINT('',#3022);
#3022 = CARTESIAN_POINT('',(203.06101,177.679475,1.299358));
#3023 = CIRCLE('',#3024,0.51);
#3024 = AXIS2_PLACEMENT_3D('',#3025,#3026,#3027);
#3025 = CARTESIAN_POINT('',(203.06101,178.189475,1.299358));
#3026 = DIRECTION('',(-0.,0.,-1.));
#3027 = DIRECTION('',(-0.,-1.,0.));
#3028 = FACE_BOUND('',#3029,.T.);
#3029 = EDGE_LOOP('',(#3030));
#3030 = ORIENTED_EDGE('',*,*,#3031,.T.);
#3031 = EDGE_CURVE('',#3032,#3032,#3034,.T.);
#3032 = VERTEX_POINT('',#3033);
#3033 = CARTESIAN_POINT('',(205.60101,175.139475,1.299358));
#3034 = CIRCLE('',#3035,0.51);
#3035 = AXIS2_PLACEMENT_3D('',#3036,#3037,#3038);
#3036 = CARTESIAN_POINT('',(205.60101,175.649475,1.299358));
#3037 = DIRECTION('',(-0.,0.,-1.));
#3038 = DIRECTION('',(-0.,-1.,0.));
#3039 = FACE_BOUND('',#3040,.T.);
#3040 = EDGE_LOOP('',(#3041));
#3041 = ORIENTED_EDGE('',*,*,#3042,.T.);
#3042 = EDGE_CURVE('',#3043,#3043,#3045,.T.);
#3043 = VERTEX_POINT('',#3044);
#3044 = CARTESIAN_POINT('',(208.14101,175.139475,1.299358));
#3045 = CIRCLE('',#3046,0.51);
#3046 = AXIS2_PLACEMENT_3D('',#3047,#3048,#3049);
#3047 = CARTESIAN_POINT('',(208.14101,175.649475,1.299358));
#3048 = DIRECTION('',(-0.,0.,-1.));
#3049 = DIRECTION('',(-0.,-1.,0.));
#3050 = FACE_BOUND('',#3051,.T.);
#3051 = EDGE_LOOP('',(#3052));
#3052 = ORIENTED_EDGE('',*,*,#3053,.T.);
#3053 = EDGE_CURVE('',#3054,#3054,#3056,.T.);
#3054 = VERTEX_POINT('',#3055);
#3055 = CARTESIAN_POINT('',(205.60101,177.679475,1.299358));
#3056 = CIRCLE('',#3057,0.51);
#3057 = AXIS2_PLACEMENT_3D('',#3058,#3059,#3060);
#3058 = CARTESIAN_POINT('',(205.60101,178.189475,1.299358));
#3059 = DIRECTION('',(-0.,0.,-1.));
#3060 = DIRECTION('',(-0.,-1.,0.));
#3061 = FACE_BOUND('',#3062,.T.);
#3062 = EDGE_LOOP('',(#3063));
#3063 = ORIENTED_EDGE('',*,*,#3064,.T.);
#3064 = EDGE_CURVE('',#3065,#3065,#3067,.T.);
#3065 = VERTEX_POINT('',#3066);
#3066 = CARTESIAN_POINT('',(208.14101,177.679475,1.299358));
#3067 = CIRCLE('',#3068,0.51);
#3068 = AXIS2_PLACEMENT_3D('',#3069,#3070,#3071);
#3069 = CARTESIAN_POINT('',(208.14101,178.189475,1.299358));
#3070 = DIRECTION('',(-0.,0.,-1.));
#3071 = DIRECTION('',(-0.,-1.,0.));
#3072 = FACE_BOUND('',#3073,.T.);
#3073 = EDGE_LOOP('',(#3074));
#3074 = ORIENTED_EDGE('',*,*,#3075,.T.);
#3075 = EDGE_CURVE('',#3076,#3076,#3078,.T.);
#3076 = VERTEX_POINT('',#3077);
#3077 = CARTESIAN_POINT('',(200.52101,180.665445,1.299358));
#3078 = CIRCLE('',#3079,0.51);
#3079 = AXIS2_PLACEMENT_3D('',#3080,#3081,#3082);
#3080 = CARTESIAN_POINT('',(200.52101,181.175445,1.299358));
#3081 = DIRECTION('',(-0.,0.,-1.));
#3082 = DIRECTION('',(-0.,-1.,0.));
#3083 = FACE_BOUND('',#3084,.T.);
#3084 = EDGE_LOOP('',(#3085));
#3085 = ORIENTED_EDGE('',*,*,#3086,.T.);
#3086 = EDGE_CURVE('',#3087,#3087,#3089,.T.);
#3087 = VERTEX_POINT('',#3088);
#3088 = CARTESIAN_POINT('',(203.06101,180.665445,1.299358));
#3089 = CIRCLE('',#3090,0.51);
#3090 = AXIS2_PLACEMENT_3D('',#3091,#3092,#3093);
#3091 = CARTESIAN_POINT('',(203.06101,181.175445,1.299358));
#3092 = DIRECTION('',(-0.,0.,-1.));
#3093 = DIRECTION('',(-0.,-1.,0.));
#3094 = FACE_BOUND('',#3095,.T.);
#3095 = EDGE_LOOP('',(#3096));
#3096 = ORIENTED_EDGE('',*,*,#3097,.T.);
#3097 = EDGE_CURVE('',#3098,#3098,#3100,.T.);
#3098 = VERTEX_POINT('',#3099);
#3099 = CARTESIAN_POINT('',(200.52101,183.205445,1.299358));
#3100 = CIRCLE('',#3101,0.51);
#3101 = AXIS2_PLACEMENT_3D('',#3102,#3103,#3104);
#3102 = CARTESIAN_POINT('',(200.52101,183.715445,1.299358));
#3103 = DIRECTION('',(-0.,0.,-1.));
#3104 = DIRECTION('',(-0.,-1.,0.));
#3105 = FACE_BOUND('',#3106,.T.);
#3106 = EDGE_LOOP('',(#3107));
#3107 = ORIENTED_EDGE('',*,*,#3108,.T.);
#3108 = EDGE_CURVE('',#3109,#3109,#3111,.T.);
#3109 = VERTEX_POINT('',#3110);
#3110 = CARTESIAN_POINT('',(203.06101,183.205445,1.299358));
#3111 = CIRCLE('',#3112,0.51);
#3112 = AXIS2_PLACEMENT_3D('',#3113,#3114,#3115);
#3113 = CARTESIAN_POINT('',(203.06101,183.715445,1.299358));
#3114 = DIRECTION('',(-0.,0.,-1.));
#3115 = DIRECTION('',(-0.,-1.,0.));
#3116 = FACE_BOUND('',#3117,.T.);
#3117 = EDGE_LOOP('',(#3118));
#3118 = ORIENTED_EDGE('',*,*,#3119,.T.);
#3119 = EDGE_CURVE('',#3120,#3120,#3122,.T.);
#3120 = VERTEX_POINT('',#3121);
#3121 = CARTESIAN_POINT('',(205.60101,180.665445,1.299358));
#3122 = CIRCLE('',#3123,0.51);
#3123 = AXIS2_PLACEMENT_3D('',#3124,#3125,#3126);
#3124 = CARTESIAN_POINT('',(205.60101,181.175445,1.299358));
#3125 = DIRECTION('',(-0.,0.,-1.));
#3126 = DIRECTION('',(-0.,-1.,0.));
#3127 = FACE_BOUND('',#3128,.T.);
#3128 = EDGE_LOOP('',(#3129));
#3129 = ORIENTED_EDGE('',*,*,#3130,.T.);
#3130 = EDGE_CURVE('',#3131,#3131,#3133,.T.);
#3131 = VERTEX_POINT('',#3132);
#3132 = CARTESIAN_POINT('',(208.14101,180.665445,1.299358));
#3133 = CIRCLE('',#3134,0.51);
#3134 = AXIS2_PLACEMENT_3D('',#3135,#3136,#3137);
#3135 = CARTESIAN_POINT('',(208.14101,181.175445,1.299358));
#3136 = DIRECTION('',(-0.,0.,-1.));
#3137 = DIRECTION('',(-0.,-1.,0.));
#3138 = FACE_BOUND('',#3139,.T.);
#3139 = EDGE_LOOP('',(#3140));
#3140 = ORIENTED_EDGE('',*,*,#3141,.T.);
#3141 = EDGE_CURVE('',#3142,#3142,#3144,.T.);
#3142 = VERTEX_POINT('',#3143);
#3143 = CARTESIAN_POINT('',(205.60101,183.205445,1.299358));
#3144 = CIRCLE('',#3145,0.51);
#3145 = AXIS2_PLACEMENT_3D('',#3146,#3147,#3148);
#3146 = CARTESIAN_POINT('',(205.60101,183.715445,1.299358));
#3147 = DIRECTION('',(-0.,0.,-1.));
#3148 = DIRECTION('',(-0.,-1.,0.));
#3149 = FACE_BOUND('',#3150,.T.);
#3150 = EDGE_LOOP('',(#3151));
#3151 = ORIENTED_EDGE('',*,*,#3152,.T.);
#3152 = EDGE_CURVE('',#3153,#3153,#3155,.T.);
#3153 = VERTEX_POINT('',#3154);
#3154 = CARTESIAN_POINT('',(208.14101,183.205445,1.299358));
#3155 = CIRCLE('',#3156,0.51);
#3156 = AXIS2_PLACEMENT_3D('',#3157,#3158,#3159);
#3157 = CARTESIAN_POINT('',(208.14101,183.715445,1.299358));
#3158 = DIRECTION('',(-0.,0.,-1.));
#3159 = DIRECTION('',(-0.,-1.,0.));
#3160 = FACE_BOUND('',#3161,.T.);
#3161 = EDGE_LOOP('',(#3162,#3173,#3181,#3190));
#3162 = ORIENTED_EDGE('',*,*,#3163,.T.);
#3163 = EDGE_CURVE('',#3164,#3166,#3168,.T.);
#3164 = VERTEX_POINT('',#3165);
#3165 = CARTESIAN_POINT('',(224.09841,172.017215,1.299358));
#3166 = VERTEX_POINT('',#3167);
#3167 = CARTESIAN_POINT('',(224.09841,171.255215,1.299358));
#3168 = CIRCLE('',#3169,0.381);
#3169 = AXIS2_PLACEMENT_3D('',#3170,#3171,#3172);
#3170 = CARTESIAN_POINT('',(224.09841,171.636215,1.299358));
#3171 = DIRECTION('',(-0.,0.,-1.));
#3172 = DIRECTION('',(-0.,-1.,0.));
#3173 = ORIENTED_EDGE('',*,*,#3174,.T.);
#3174 = EDGE_CURVE('',#3166,#3175,#3177,.T.);
#3175 = VERTEX_POINT('',#3176);
#3176 = CARTESIAN_POINT('',(215.97041,171.255215,1.299358));
#3177 = LINE('',#3178,#3179);
#3178 = CARTESIAN_POINT('',(107.985205,171.255215,1.299358));
#3179 = VECTOR('',#3180,1.);
#3180 = DIRECTION('',(-1.,0.,0.));
#3181 = ORIENTED_EDGE('',*,*,#3182,.T.);
#3182 = EDGE_CURVE('',#3175,#3183,#3185,.T.);
#3183 = VERTEX_POINT('',#3184);
#3184 = CARTESIAN_POINT('',(215.97041,172.017215,1.299358));
#3185 = CIRCLE('',#3186,0.381);
#3186 = AXIS2_PLACEMENT_3D('',#3187,#3188,#3189);
#3187 = CARTESIAN_POINT('',(215.97041,171.636215,1.299358));
#3188 = DIRECTION('',(0.,-0.,-1.));
#3189 = DIRECTION('',(7.459766254699E-14,1.,-0.));
#3190 = ORIENTED_EDGE('',*,*,#3191,.T.);
#3191 = EDGE_CURVE('',#3183,#3164,#3192,.T.);
#3192 = LINE('',#3193,#3194);
#3193 = CARTESIAN_POINT('',(112.049205,172.017215,1.299358));
#3194 = VECTOR('',#3195,1.);
#3195 = DIRECTION('',(1.,0.,-0.));
#3196 = FACE_BOUND('',#3197,.T.);
#3197 = EDGE_LOOP('',(#3198));
#3198 = ORIENTED_EDGE('',*,*,#3199,.T.);
#3199 = EDGE_CURVE('',#3200,#3200,#3202,.T.);
#3200 = VERTEX_POINT('',#3201);
#3201 = CARTESIAN_POINT('',(210.68101,175.139475,1.299358));
#3202 = CIRCLE('',#3203,0.51);
#3203 = AXIS2_PLACEMENT_3D('',#3204,#3205,#3206);
#3204 = CARTESIAN_POINT('',(210.68101,175.649475,1.299358));
#3205 = DIRECTION('',(-0.,0.,-1.));
#3206 = DIRECTION('',(-5.57288420204E-14,-1.,0.));
#3207 = FACE_BOUND('',#3208,.T.);
#3208 = EDGE_LOOP('',(#3209));
#3209 = ORIENTED_EDGE('',*,*,#3210,.T.);
#3210 = EDGE_CURVE('',#3211,#3211,#3213,.T.);
#3211 = VERTEX_POINT('',#3212);
#3212 = CARTESIAN_POINT('',(213.22101,175.139475,1.299358));
#3213 = CIRCLE('',#3214,0.51);
#3214 = AXIS2_PLACEMENT_3D('',#3215,#3216,#3217);
#3215 = CARTESIAN_POINT('',(213.22101,175.649475,1.299358));
#3216 = DIRECTION('',(-0.,0.,-1.));
#3217 = DIRECTION('',(5.57288420204E-14,-1.,-0.));
#3218 = FACE_BOUND('',#3219,.T.);
#3219 = EDGE_LOOP('',(#3220));
#3220 = ORIENTED_EDGE('',*,*,#3221,.T.);
#3221 = EDGE_CURVE('',#3222,#3222,#3224,.T.);
#3222 = VERTEX_POINT('',#3223);
#3223 = CARTESIAN_POINT('',(210.68101,177.679475,1.299358));
#3224 = CIRCLE('',#3225,0.51);
#3225 = AXIS2_PLACEMENT_3D('',#3226,#3227,#3228);
#3226 = CARTESIAN_POINT('',(210.68101,178.189475,1.299358));
#3227 = DIRECTION('',(-0.,0.,-1.));
#3228 = DIRECTION('',(-5.57288420204E-14,-1.,0.));
#3229 = FACE_BOUND('',#3230,.T.);
#3230 = EDGE_LOOP('',(#3231));
#3231 = ORIENTED_EDGE('',*,*,#3232,.T.);
#3232 = EDGE_CURVE('',#3233,#3233,#3235,.T.);
#3233 = VERTEX_POINT('',#3234);
#3234 = CARTESIAN_POINT('',(213.22101,177.679475,1.299358));
#3235 = CIRCLE('',#3236,0.51);
#3236 = AXIS2_PLACEMENT_3D('',#3237,#3238,#3239);
#3237 = CARTESIAN_POINT('',(213.22101,178.189475,1.299358));
#3238 = DIRECTION('',(-0.,0.,-1.));
#3239 = DIRECTION('',(5.57288420204E-14,-1.,-0.));
#3240 = FACE_BOUND('',#3241,.T.);
#3241 = EDGE_LOOP('',(#3242));
#3242 = ORIENTED_EDGE('',*,*,#3243,.T.);
#3243 = EDGE_CURVE('',#3244,#3244,#3246,.T.);
#3244 = VERTEX_POINT('',#3245);
#3245 = CARTESIAN_POINT('',(215.76101,175.139475,1.299358));
#3246 = CIRCLE('',#3247,0.51);
#3247 = AXIS2_PLACEMENT_3D('',#3248,#3249,#3250);
#3248 = CARTESIAN_POINT('',(215.76101,175.649475,1.299358));
#3249 = DIRECTION('',(-0.,0.,-1.));
#3250 = DIRECTION('',(-0.,-1.,0.));
#3251 = FACE_BOUND('',#3252,.T.);
#3252 = EDGE_LOOP('',(#3253));
#3253 = ORIENTED_EDGE('',*,*,#3254,.T.);
#3254 = EDGE_CURVE('',#3255,#3255,#3257,.T.);
#3255 = VERTEX_POINT('',#3256);
#3256 = CARTESIAN_POINT('',(218.30101,175.139475,1.299358));
#3257 = CIRCLE('',#3258,0.51);
#3258 = AXIS2_PLACEMENT_3D('',#3259,#3260,#3261);
#3259 = CARTESIAN_POINT('',(218.30101,175.649475,1.299358));
#3260 = DIRECTION('',(-0.,0.,-1.));
#3261 = DIRECTION('',(-5.57288420204E-14,-1.,0.));
#3262 = FACE_BOUND('',#3263,.T.);
#3263 = EDGE_LOOP('',(#3264));
#3264 = ORIENTED_EDGE('',*,*,#3265,.T.);
#3265 = EDGE_CURVE('',#3266,#3266,#3268,.T.);
#3266 = VERTEX_POINT('',#3267);
#3267 = CARTESIAN_POINT('',(215.76101,177.679475,1.299358));
#3268 = CIRCLE('',#3269,0.51);
#3269 = AXIS2_PLACEMENT_3D('',#3270,#3271,#3272);
#3270 = CARTESIAN_POINT('',(215.76101,178.189475,1.299358));
#3271 = DIRECTION('',(-0.,0.,-1.));
#3272 = DIRECTION('',(-0.,-1.,0.));
#3273 = FACE_BOUND('',#3274,.T.);
#3274 = EDGE_LOOP('',(#3275));
#3275 = ORIENTED_EDGE('',*,*,#3276,.T.);
#3276 = EDGE_CURVE('',#3277,#3277,#3279,.T.);
#3277 = VERTEX_POINT('',#3278);
#3278 = CARTESIAN_POINT('',(218.30101,177.679475,1.299358));
#3279 = CIRCLE('',#3280,0.51);
#3280 = AXIS2_PLACEMENT_3D('',#3281,#3282,#3283);
#3281 = CARTESIAN_POINT('',(218.30101,178.189475,1.299358));
#3282 = DIRECTION('',(-0.,0.,-1.));
#3283 = DIRECTION('',(-5.57288420204E-14,-1.,0.));
#3284 = FACE_BOUND('',#3285,.T.);
#3285 = EDGE_LOOP('',(#3286));
#3286 = ORIENTED_EDGE('',*,*,#3287,.T.);
#3287 = EDGE_CURVE('',#3288,#3288,#3290,.T.);
#3288 = VERTEX_POINT('',#3289);
#3289 = CARTESIAN_POINT('',(210.68101,180.665445,1.299358));
#3290 = CIRCLE('',#3291,0.51);
#3291 = AXIS2_PLACEMENT_3D('',#3292,#3293,#3294);
#3292 = CARTESIAN_POINT('',(210.68101,181.175445,1.299358));
#3293 = DIRECTION('',(-0.,0.,-1.));
#3294 = DIRECTION('',(-5.57288420204E-14,-1.,0.));
#3295 = FACE_BOUND('',#3296,.T.);
#3296 = EDGE_LOOP('',(#3297));
#3297 = ORIENTED_EDGE('',*,*,#3298,.T.);
#3298 = EDGE_CURVE('',#3299,#3299,#3301,.T.);
#3299 = VERTEX_POINT('',#3300);
#3300 = CARTESIAN_POINT('',(213.22101,180.665445,1.299358));
#3301 = CIRCLE('',#3302,0.51);
#3302 = AXIS2_PLACEMENT_3D('',#3303,#3304,#3305);
#3303 = CARTESIAN_POINT('',(213.22101,181.175445,1.299358));
#3304 = DIRECTION('',(-0.,0.,-1.));
#3305 = DIRECTION('',(5.57288420204E-14,-1.,-0.));
#3306 = FACE_BOUND('',#3307,.T.);
#3307 = EDGE_LOOP('',(#3308));
#3308 = ORIENTED_EDGE('',*,*,#3309,.T.);
#3309 = EDGE_CURVE('',#3310,#3310,#3312,.T.);
#3310 = VERTEX_POINT('',#3311);
#3311 = CARTESIAN_POINT('',(210.68101,183.205445,1.299358));
#3312 = CIRCLE('',#3313,0.51);
#3313 = AXIS2_PLACEMENT_3D('',#3314,#3315,#3316);
#3314 = CARTESIAN_POINT('',(210.68101,183.715445,1.299358));
#3315 = DIRECTION('',(-0.,0.,-1.));
#3316 = DIRECTION('',(-5.57288420204E-14,-1.,0.));
#3317 = FACE_BOUND('',#3318,.T.);
#3318 = EDGE_LOOP('',(#3319));
#3319 = ORIENTED_EDGE('',*,*,#3320,.T.);
#3320 = EDGE_CURVE('',#3321,#3321,#3323,.T.);
#3321 = VERTEX_POINT('',#3322);
#3322 = CARTESIAN_POINT('',(213.22101,183.205445,1.299358));
#3323 = CIRCLE('',#3324,0.51);
#3324 = AXIS2_PLACEMENT_3D('',#3325,#3326,#3327);
#3325 = CARTESIAN_POINT('',(213.22101,183.715445,1.299358));
#3326 = DIRECTION('',(-0.,0.,-1.));
#3327 = DIRECTION('',(5.57288420204E-14,-1.,-0.));
#3328 = FACE_BOUND('',#3329,.T.);
#3329 = EDGE_LOOP('',(#3330));
#3330 = ORIENTED_EDGE('',*,*,#3331,.T.);
#3331 = EDGE_CURVE('',#3332,#3332,#3334,.T.);
#3332 = VERTEX_POINT('',#3333);
#3333 = CARTESIAN_POINT('',(215.76101,180.665445,1.299358));
#3334 = CIRCLE('',#3335,0.51);
#3335 = AXIS2_PLACEMENT_3D('',#3336,#3337,#3338);
#3336 = CARTESIAN_POINT('',(215.76101,181.175445,1.299358));
#3337 = DIRECTION('',(-0.,0.,-1.));
#3338 = DIRECTION('',(-0.,-1.,0.));
#3339 = FACE_BOUND('',#3340,.T.);
#3340 = EDGE_LOOP('',(#3341));
#3341 = ORIENTED_EDGE('',*,*,#3342,.T.);
#3342 = EDGE_CURVE('',#3343,#3343,#3345,.T.);
#3343 = VERTEX_POINT('',#3344);
#3344 = CARTESIAN_POINT('',(218.30101,180.665445,1.299358));
#3345 = CIRCLE('',#3346,0.51);
#3346 = AXIS2_PLACEMENT_3D('',#3347,#3348,#3349);
#3347 = CARTESIAN_POINT('',(218.30101,181.175445,1.299358));
#3348 = DIRECTION('',(-0.,0.,-1.));
#3349 = DIRECTION('',(-5.57288420204E-14,-1.,0.));
#3350 = FACE_BOUND('',#3351,.T.);
#3351 = EDGE_LOOP('',(#3352));
#3352 = ORIENTED_EDGE('',*,*,#3353,.T.);
#3353 = EDGE_CURVE('',#3354,#3354,#3356,.T.);
#3354 = VERTEX_POINT('',#3355);
#3355 = CARTESIAN_POINT('',(215.76101,183.205445,1.299358));
#3356 = CIRCLE('',#3357,0.51);
#3357 = AXIS2_PLACEMENT_3D('',#3358,#3359,#3360);
#3358 = CARTESIAN_POINT('',(215.76101,183.715445,1.299358));
#3359 = DIRECTION('',(-0.,0.,-1.));
#3360 = DIRECTION('',(-0.,-1.,0.));
#3361 = FACE_BOUND('',#3362,.T.);
#3362 = EDGE_LOOP('',(#3363));
#3363 = ORIENTED_EDGE('',*,*,#3364,.T.);
#3364 = EDGE_CURVE('',#3365,#3365,#3367,.T.);
#3365 = VERTEX_POINT('',#3366);
#3366 = CARTESIAN_POINT('',(218.30101,183.205445,1.299358));
#3367 = CIRCLE('',#3368,0.51);
#3368 = AXIS2_PLACEMENT_3D('',#3369,#3370,#3371);
#3369 = CARTESIAN_POINT('',(218.30101,183.715445,1.299358));
#3370 = DIRECTION('',(-0.,0.,-1.));
#3371 = DIRECTION('',(-5.57288420204E-14,-1.,0.));
#3372 = FACE_BOUND('',#3373,.T.);
#3373 = EDGE_LOOP('',(#3374));
#3374 = ORIENTED_EDGE('',*,*,#3375,.T.);
#3375 = EDGE_CURVE('',#3376,#3376,#3378,.T.);
#3376 = VERTEX_POINT('',#3377);
#3377 = CARTESIAN_POINT('',(220.84101,175.139475,1.299358));
#3378 = CIRCLE('',#3379,0.51);
#3379 = AXIS2_PLACEMENT_3D('',#3380,#3381,#3382);
#3380 = CARTESIAN_POINT('',(220.84101,175.649475,1.299358));
#3381 = DIRECTION('',(-0.,0.,-1.));
#3382 = DIRECTION('',(5.57288420204E-14,-1.,-0.));
#3383 = FACE_BOUND('',#3384,.T.);
#3384 = EDGE_LOOP('',(#3385));
#3385 = ORIENTED_EDGE('',*,*,#3386,.T.);
#3386 = EDGE_CURVE('',#3387,#3387,#3389,.T.);
#3387 = VERTEX_POINT('',#3388);
#3388 = CARTESIAN_POINT('',(223.38101,175.139475,1.299358));
#3389 = CIRCLE('',#3390,0.51);
#3390 = AXIS2_PLACEMENT_3D('',#3391,#3392,#3393);
#3391 = CARTESIAN_POINT('',(223.38101,175.649475,1.299358));
#3392 = DIRECTION('',(-0.,0.,-1.));
#3393 = DIRECTION('',(-0.,-1.,0.));
#3394 = FACE_BOUND('',#3395,.T.);
#3395 = EDGE_LOOP('',(#3396));
#3396 = ORIENTED_EDGE('',*,*,#3397,.T.);
#3397 = EDGE_CURVE('',#3398,#3398,#3400,.T.);
#3398 = VERTEX_POINT('',#3399);
#3399 = CARTESIAN_POINT('',(220.84101,177.679475,1.299358));
#3400 = CIRCLE('',#3401,0.51);
#3401 = AXIS2_PLACEMENT_3D('',#3402,#3403,#3404);
#3402 = CARTESIAN_POINT('',(220.84101,178.189475,1.299358));
#3403 = DIRECTION('',(-0.,0.,-1.));
#3404 = DIRECTION('',(5.57288420204E-14,-1.,-0.));
#3405 = FACE_BOUND('',#3406,.T.);
#3406 = EDGE_LOOP('',(#3407));
#3407 = ORIENTED_EDGE('',*,*,#3408,.T.);
#3408 = EDGE_CURVE('',#3409,#3409,#3411,.T.);
#3409 = VERTEX_POINT('',#3410);
#3410 = CARTESIAN_POINT('',(223.38101,177.679475,1.299358));
#3411 = CIRCLE('',#3412,0.51);
#3412 = AXIS2_PLACEMENT_3D('',#3413,#3414,#3415);
#3413 = CARTESIAN_POINT('',(223.38101,178.189475,1.299358));
#3414 = DIRECTION('',(-0.,0.,-1.));
#3415 = DIRECTION('',(-0.,-1.,0.));
#3416 = FACE_BOUND('',#3417,.T.);
#3417 = EDGE_LOOP('',(#3418));
#3418 = ORIENTED_EDGE('',*,*,#3419,.T.);
#3419 = EDGE_CURVE('',#3420,#3420,#3422,.T.);
#3420 = VERTEX_POINT('',#3421);
#3421 = CARTESIAN_POINT('',(225.92101,175.139475,1.299358));
#3422 = CIRCLE('',#3423,0.51);
#3423 = AXIS2_PLACEMENT_3D('',#3424,#3425,#3426);
#3424 = CARTESIAN_POINT('',(225.92101,175.649475,1.299358));
#3425 = DIRECTION('',(-0.,0.,-1.));
#3426 = DIRECTION('',(-0.,-1.,0.));
#3427 = FACE_BOUND('',#3428,.T.);
#3428 = EDGE_LOOP('',(#3429));
#3429 = ORIENTED_EDGE('',*,*,#3430,.T.);
#3430 = EDGE_CURVE('',#3431,#3431,#3433,.T.);
#3431 = VERTEX_POINT('',#3432);
#3432 = CARTESIAN_POINT('',(228.46101,175.139475,1.299358));
#3433 = CIRCLE('',#3434,0.51);
#3434 = AXIS2_PLACEMENT_3D('',#3435,#3436,#3437);
#3435 = CARTESIAN_POINT('',(228.46101,175.649475,1.299358));
#3436 = DIRECTION('',(-0.,0.,-1.));
#3437 = DIRECTION('',(-0.,-1.,0.));
#3438 = FACE_BOUND('',#3439,.T.);
#3439 = EDGE_LOOP('',(#3440));
#3440 = ORIENTED_EDGE('',*,*,#3441,.T.);
#3441 = EDGE_CURVE('',#3442,#3442,#3444,.T.);
#3442 = VERTEX_POINT('',#3443);
#3443 = CARTESIAN_POINT('',(225.92101,177.679475,1.299358));
#3444 = CIRCLE('',#3445,0.51);
#3445 = AXIS2_PLACEMENT_3D('',#3446,#3447,#3448);
#3446 = CARTESIAN_POINT('',(225.92101,178.189475,1.299358));
#3447 = DIRECTION('',(-0.,0.,-1.));
#3448 = DIRECTION('',(-0.,-1.,0.));
#3449 = FACE_BOUND('',#3450,.T.);
#3450 = EDGE_LOOP('',(#3451));
#3451 = ORIENTED_EDGE('',*,*,#3452,.T.);
#3452 = EDGE_CURVE('',#3453,#3453,#3455,.T.);
#3453 = VERTEX_POINT('',#3454);
#3454 = CARTESIAN_POINT('',(228.46101,177.679475,1.299358));
#3455 = CIRCLE('',#3456,0.51);
#3456 = AXIS2_PLACEMENT_3D('',#3457,#3458,#3459);
#3457 = CARTESIAN_POINT('',(228.46101,178.189475,1.299358));
#3458 = DIRECTION('',(-0.,0.,-1.));
#3459 = DIRECTION('',(-0.,-1.,0.));
#3460 = FACE_BOUND('',#3461,.T.);
#3461 = EDGE_LOOP('',(#3462));
#3462 = ORIENTED_EDGE('',*,*,#3463,.T.);
#3463 = EDGE_CURVE('',#3464,#3464,#3466,.T.);
#3464 = VERTEX_POINT('',#3465);
#3465 = CARTESIAN_POINT('',(220.84101,180.665445,1.299358));
#3466 = CIRCLE('',#3467,0.51);
#3467 = AXIS2_PLACEMENT_3D('',#3468,#3469,#3470);
#3468 = CARTESIAN_POINT('',(220.84101,181.175445,1.299358));
#3469 = DIRECTION('',(-0.,0.,-1.));
#3470 = DIRECTION('',(5.57288420204E-14,-1.,-0.));
#3471 = FACE_BOUND('',#3472,.T.);
#3472 = EDGE_LOOP('',(#3473));
#3473 = ORIENTED_EDGE('',*,*,#3474,.T.);
#3474 = EDGE_CURVE('',#3475,#3475,#3477,.T.);
#3475 = VERTEX_POINT('',#3476);
#3476 = CARTESIAN_POINT('',(223.38101,180.665445,1.299358));
#3477 = CIRCLE('',#3478,0.51);
#3478 = AXIS2_PLACEMENT_3D('',#3479,#3480,#3481);
#3479 = CARTESIAN_POINT('',(223.38101,181.175445,1.299358));
#3480 = DIRECTION('',(-0.,0.,-1.));
#3481 = DIRECTION('',(-0.,-1.,0.));
#3482 = FACE_BOUND('',#3483,.T.);
#3483 = EDGE_LOOP('',(#3484));
#3484 = ORIENTED_EDGE('',*,*,#3485,.T.);
#3485 = EDGE_CURVE('',#3486,#3486,#3488,.T.);
#3486 = VERTEX_POINT('',#3487);
#3487 = CARTESIAN_POINT('',(220.84101,183.205445,1.299358));
#3488 = CIRCLE('',#3489,0.51);
#3489 = AXIS2_PLACEMENT_3D('',#3490,#3491,#3492);
#3490 = CARTESIAN_POINT('',(220.84101,183.715445,1.299358));
#3491 = DIRECTION('',(-0.,0.,-1.));
#3492 = DIRECTION('',(5.57288420204E-14,-1.,-0.));
#3493 = FACE_BOUND('',#3494,.T.);
#3494 = EDGE_LOOP('',(#3495));
#3495 = ORIENTED_EDGE('',*,*,#3496,.T.);
#3496 = EDGE_CURVE('',#3497,#3497,#3499,.T.);
#3497 = VERTEX_POINT('',#3498);
#3498 = CARTESIAN_POINT('',(223.38101,183.205445,1.299358));
#3499 = CIRCLE('',#3500,0.51);
#3500 = AXIS2_PLACEMENT_3D('',#3501,#3502,#3503);
#3501 = CARTESIAN_POINT('',(223.38101,183.715445,1.299358));
#3502 = DIRECTION('',(-0.,0.,-1.));
#3503 = DIRECTION('',(-0.,-1.,0.));
#3504 = FACE_BOUND('',#3505,.T.);
#3505 = EDGE_LOOP('',(#3506));
#3506 = ORIENTED_EDGE('',*,*,#3507,.T.);
#3507 = EDGE_CURVE('',#3508,#3508,#3510,.T.);
#3508 = VERTEX_POINT('',#3509);
#3509 = CARTESIAN_POINT('',(225.92101,180.665445,1.299358));
#3510 = CIRCLE('',#3511,0.51);
#3511 = AXIS2_PLACEMENT_3D('',#3512,#3513,#3514);
#3512 = CARTESIAN_POINT('',(225.92101,181.175445,1.299358));
#3513 = DIRECTION('',(-0.,0.,-1.));
#3514 = DIRECTION('',(-0.,-1.,0.));
#3515 = FACE_BOUND('',#3516,.T.);
#3516 = EDGE_LOOP('',(#3517));
#3517 = ORIENTED_EDGE('',*,*,#3518,.T.);
#3518 = EDGE_CURVE('',#3519,#3519,#3521,.T.);
#3519 = VERTEX_POINT('',#3520);
#3520 = CARTESIAN_POINT('',(228.46101,180.665445,1.299358));
#3521 = CIRCLE('',#3522,0.51);
#3522 = AXIS2_PLACEMENT_3D('',#3523,#3524,#3525);
#3523 = CARTESIAN_POINT('',(228.46101,181.175445,1.299358));
#3524 = DIRECTION('',(-0.,0.,-1.));
#3525 = DIRECTION('',(-0.,-1.,0.));
#3526 = FACE_BOUND('',#3527,.T.);
#3527 = EDGE_LOOP('',(#3528));
#3528 = ORIENTED_EDGE('',*,*,#3529,.T.);
#3529 = EDGE_CURVE('',#3530,#3530,#3532,.T.);
#3530 = VERTEX_POINT('',#3531);
#3531 = CARTESIAN_POINT('',(225.92101,183.205445,1.299358));
#3532 = CIRCLE('',#3533,0.51);
#3533 = AXIS2_PLACEMENT_3D('',#3534,#3535,#3536);
#3534 = CARTESIAN_POINT('',(225.92101,183.715445,1.299358));
#3535 = DIRECTION('',(-0.,0.,-1.));
#3536 = DIRECTION('',(-0.,-1.,0.));
#3537 = FACE_BOUND('',#3538,.T.);
#3538 = EDGE_LOOP('',(#3539));
#3539 = ORIENTED_EDGE('',*,*,#3540,.T.);
#3540 = EDGE_CURVE('',#3541,#3541,#3543,.T.);
#3541 = VERTEX_POINT('',#3542);
#3542 = CARTESIAN_POINT('',(228.46101,183.205445,1.299358));
#3543 = CIRCLE('',#3544,0.51);
#3544 = AXIS2_PLACEMENT_3D('',#3545,#3546,#3547);
#3545 = CARTESIAN_POINT('',(228.46101,183.715445,1.299358));
#3546 = DIRECTION('',(-0.,0.,-1.));
#3547 = DIRECTION('',(-0.,-1.,0.));
#3548 = FACE_BOUND('',#3549,.T.);
#3549 = EDGE_LOOP('',(#3550,#3561,#3569,#3578));
#3550 = ORIENTED_EDGE('',*,*,#3551,.T.);
#3551 = EDGE_CURVE('',#3552,#3554,#3556,.T.);
#3552 = VERTEX_POINT('',#3553);
#3553 = CARTESIAN_POINT('',(243.95501,172.042475,1.299358));
#3554 = VERTEX_POINT('',#3555);
#3555 = CARTESIAN_POINT('',(243.95501,171.280475,1.299358));
#3556 = CIRCLE('',#3557,0.381);
#3557 = AXIS2_PLACEMENT_3D('',#3558,#3559,#3560);
#3558 = CARTESIAN_POINT('',(243.95501,171.661475,1.299358));
#3559 = DIRECTION('',(-0.,0.,-1.));
#3560 = DIRECTION('',(-7.459766254699E-14,-1.,0.));
#3561 = ORIENTED_EDGE('',*,*,#3562,.T.);
#3562 = EDGE_CURVE('',#3554,#3563,#3565,.T.);
#3563 = VERTEX_POINT('',#3564);
#3564 = CARTESIAN_POINT('',(235.82701,171.280475,1.299358));
#3565 = LINE('',#3566,#3567);
#3566 = CARTESIAN_POINT('',(117.913505,171.280475,1.299358));
#3567 = VECTOR('',#3568,1.);
#3568 = DIRECTION('',(-1.,0.,0.));
#3569 = ORIENTED_EDGE('',*,*,#3570,.T.);
#3570 = EDGE_CURVE('',#3563,#3571,#3573,.T.);
#3571 = VERTEX_POINT('',#3572);
#3572 = CARTESIAN_POINT('',(235.82701,172.042475,1.299358));
#3573 = CIRCLE('',#3574,0.381);
#3574 = AXIS2_PLACEMENT_3D('',#3575,#3576,#3577);
#3575 = CARTESIAN_POINT('',(235.82701,171.661475,1.299358));
#3576 = DIRECTION('',(0.,-0.,-1.));
#3577 = DIRECTION('',(7.459766254699E-14,1.,-0.));
#3578 = ORIENTED_EDGE('',*,*,#3579,.T.);
#3579 = EDGE_CURVE('',#3571,#3552,#3580,.T.);
#3580 = LINE('',#3581,#3582);
#3581 = CARTESIAN_POINT('',(121.977505,172.042475,1.299358));
#3582 = VECTOR('',#3583,1.);
#3583 = DIRECTION('',(1.,0.,-0.));
#3584 = FACE_BOUND('',#3585,.T.);
#3585 = EDGE_LOOP('',(#3586));
#3586 = ORIENTED_EDGE('',*,*,#3587,.T.);
#3587 = EDGE_CURVE('',#3588,#3588,#3590,.T.);
#3588 = VERTEX_POINT('',#3589);
#3589 = CARTESIAN_POINT('',(246.64703,168.549975,1.299358));
#3590 = CIRCLE('',#3591,1.5875);
#3591 = AXIS2_PLACEMENT_3D('',#3592,#3593,#3594);
#3592 = CARTESIAN_POINT('',(246.64703,170.137475,1.299358));
#3593 = DIRECTION('',(-0.,0.,-1.));
#3594 = DIRECTION('',(-0.,-1.,0.));
#3595 = FACE_BOUND('',#3596,.T.);
#3596 = EDGE_LOOP('',(#3597));
#3597 = ORIENTED_EDGE('',*,*,#3598,.T.);
#3598 = EDGE_CURVE('',#3599,#3599,#3601,.T.);
#3599 = VERTEX_POINT('',#3600);
#3600 = CARTESIAN_POINT('',(231.00101,175.139475,1.299358));
#3601 = CIRCLE('',#3602,0.51);
#3602 = AXIS2_PLACEMENT_3D('',#3603,#3604,#3605);
#3603 = CARTESIAN_POINT('',(231.00101,175.649475,1.299358));
#3604 = DIRECTION('',(-0.,0.,-1.));
#3605 = DIRECTION('',(-0.,-1.,0.));
#3606 = FACE_BOUND('',#3607,.T.);
#3607 = EDGE_LOOP('',(#3608));
#3608 = ORIENTED_EDGE('',*,*,#3609,.T.);
#3609 = EDGE_CURVE('',#3610,#3610,#3612,.T.);
#3610 = VERTEX_POINT('',#3611);
#3611 = CARTESIAN_POINT('',(233.54101,175.139475,1.299358));
#3612 = CIRCLE('',#3613,0.51);
#3613 = AXIS2_PLACEMENT_3D('',#3614,#3615,#3616);
#3614 = CARTESIAN_POINT('',(233.54101,175.649475,1.299358));
#3615 = DIRECTION('',(-0.,0.,-1.));
#3616 = DIRECTION('',(-0.,-1.,0.));
#3617 = FACE_BOUND('',#3618,.T.);
#3618 = EDGE_LOOP('',(#3619));
#3619 = ORIENTED_EDGE('',*,*,#3620,.T.);
#3620 = EDGE_CURVE('',#3621,#3621,#3623,.T.);
#3621 = VERTEX_POINT('',#3622);
#3622 = CARTESIAN_POINT('',(236.08101,175.139475,1.299358));
#3623 = CIRCLE('',#3624,0.51);
#3624 = AXIS2_PLACEMENT_3D('',#3625,#3626,#3627);
#3625 = CARTESIAN_POINT('',(236.08101,175.649475,1.299358));
#3626 = DIRECTION('',(-0.,0.,-1.));
#3627 = DIRECTION('',(-0.,-1.,0.));
#3628 = FACE_BOUND('',#3629,.T.);
#3629 = EDGE_LOOP('',(#3630));
#3630 = ORIENTED_EDGE('',*,*,#3631,.T.);
#3631 = EDGE_CURVE('',#3632,#3632,#3634,.T.);
#3632 = VERTEX_POINT('',#3633);
#3633 = CARTESIAN_POINT('',(231.00101,177.679475,1.299358));
#3634 = CIRCLE('',#3635,0.51);
#3635 = AXIS2_PLACEMENT_3D('',#3636,#3637,#3638);
#3636 = CARTESIAN_POINT('',(231.00101,178.189475,1.299358));
#3637 = DIRECTION('',(-0.,0.,-1.));
#3638 = DIRECTION('',(-0.,-1.,0.));
#3639 = FACE_BOUND('',#3640,.T.);
#3640 = EDGE_LOOP('',(#3641));
#3641 = ORIENTED_EDGE('',*,*,#3642,.T.);
#3642 = EDGE_CURVE('',#3643,#3643,#3645,.T.);
#3643 = VERTEX_POINT('',#3644);
#3644 = CARTESIAN_POINT('',(233.54101,177.679475,1.299358));
#3645 = CIRCLE('',#3646,0.51);
#3646 = AXIS2_PLACEMENT_3D('',#3647,#3648,#3649);
#3647 = CARTESIAN_POINT('',(233.54101,178.189475,1.299358));
#3648 = DIRECTION('',(-0.,0.,-1.));
#3649 = DIRECTION('',(-0.,-1.,0.));
#3650 = FACE_BOUND('',#3651,.T.);
#3651 = EDGE_LOOP('',(#3652));
#3652 = ORIENTED_EDGE('',*,*,#3653,.T.);
#3653 = EDGE_CURVE('',#3654,#3654,#3656,.T.);
#3654 = VERTEX_POINT('',#3655);
#3655 = CARTESIAN_POINT('',(236.08101,177.679475,1.299358));
#3656 = CIRCLE('',#3657,0.51);
#3657 = AXIS2_PLACEMENT_3D('',#3658,#3659,#3660);
#3658 = CARTESIAN_POINT('',(236.08101,178.189475,1.299358));
#3659 = DIRECTION('',(-0.,0.,-1.));
#3660 = DIRECTION('',(-0.,-1.,0.));
#3661 = FACE_BOUND('',#3662,.T.);
#3662 = EDGE_LOOP('',(#3663));
#3663 = ORIENTED_EDGE('',*,*,#3664,.T.);
#3664 = EDGE_CURVE('',#3665,#3665,#3667,.T.);
#3665 = VERTEX_POINT('',#3666);
#3666 = CARTESIAN_POINT('',(238.62101,175.139475,1.299358));
#3667 = CIRCLE('',#3668,0.51);
#3668 = AXIS2_PLACEMENT_3D('',#3669,#3670,#3671);
#3669 = CARTESIAN_POINT('',(238.62101,175.649475,1.299358));
#3670 = DIRECTION('',(-0.,0.,-1.));
#3671 = DIRECTION('',(-0.,-1.,0.));
#3672 = FACE_BOUND('',#3673,.T.);
#3673 = EDGE_LOOP('',(#3674));
#3674 = ORIENTED_EDGE('',*,*,#3675,.T.);
#3675 = EDGE_CURVE('',#3676,#3676,#3678,.T.);
#3676 = VERTEX_POINT('',#3677);
#3677 = CARTESIAN_POINT('',(241.16101,175.139475,1.299358));
#3678 = CIRCLE('',#3679,0.51);
#3679 = AXIS2_PLACEMENT_3D('',#3680,#3681,#3682);
#3680 = CARTESIAN_POINT('',(241.16101,175.649475,1.299358));
#3681 = DIRECTION('',(-0.,0.,-1.));
#3682 = DIRECTION('',(-0.,-1.,0.));
#3683 = FACE_BOUND('',#3684,.T.);
#3684 = EDGE_LOOP('',(#3685));
#3685 = ORIENTED_EDGE('',*,*,#3686,.T.);
#3686 = EDGE_CURVE('',#3687,#3687,#3689,.T.);
#3687 = VERTEX_POINT('',#3688);
#3688 = CARTESIAN_POINT('',(238.62101,177.679475,1.299358));
#3689 = CIRCLE('',#3690,0.51);
#3690 = AXIS2_PLACEMENT_3D('',#3691,#3692,#3693);
#3691 = CARTESIAN_POINT('',(238.62101,178.189475,1.299358));
#3692 = DIRECTION('',(-0.,0.,-1.));
#3693 = DIRECTION('',(-0.,-1.,0.));
#3694 = FACE_BOUND('',#3695,.T.);
#3695 = EDGE_LOOP('',(#3696));
#3696 = ORIENTED_EDGE('',*,*,#3697,.T.);
#3697 = EDGE_CURVE('',#3698,#3698,#3700,.T.);
#3698 = VERTEX_POINT('',#3699);
#3699 = CARTESIAN_POINT('',(241.16101,177.679475,1.299358));
#3700 = CIRCLE('',#3701,0.51);
#3701 = AXIS2_PLACEMENT_3D('',#3702,#3703,#3704);
#3702 = CARTESIAN_POINT('',(241.16101,178.189475,1.299358));
#3703 = DIRECTION('',(-0.,0.,-1.));
#3704 = DIRECTION('',(-0.,-1.,0.));
#3705 = FACE_BOUND('',#3706,.T.);
#3706 = EDGE_LOOP('',(#3707));
#3707 = ORIENTED_EDGE('',*,*,#3708,.T.);
#3708 = EDGE_CURVE('',#3709,#3709,#3711,.T.);
#3709 = VERTEX_POINT('',#3710);
#3710 = CARTESIAN_POINT('',(231.00101,180.665445,1.299358));
#3711 = CIRCLE('',#3712,0.51);
#3712 = AXIS2_PLACEMENT_3D('',#3713,#3714,#3715);
#3713 = CARTESIAN_POINT('',(231.00101,181.175445,1.299358));
#3714 = DIRECTION('',(-0.,0.,-1.));
#3715 = DIRECTION('',(-0.,-1.,0.));
#3716 = FACE_BOUND('',#3717,.T.);
#3717 = EDGE_LOOP('',(#3718));
#3718 = ORIENTED_EDGE('',*,*,#3719,.T.);
#3719 = EDGE_CURVE('',#3720,#3720,#3722,.T.);
#3720 = VERTEX_POINT('',#3721);
#3721 = CARTESIAN_POINT('',(233.54101,180.665445,1.299358));
#3722 = CIRCLE('',#3723,0.51);
#3723 = AXIS2_PLACEMENT_3D('',#3724,#3725,#3726);
#3724 = CARTESIAN_POINT('',(233.54101,181.175445,1.299358));
#3725 = DIRECTION('',(-0.,0.,-1.));
#3726 = DIRECTION('',(-0.,-1.,0.));
#3727 = FACE_BOUND('',#3728,.T.);
#3728 = EDGE_LOOP('',(#3729));
#3729 = ORIENTED_EDGE('',*,*,#3730,.T.);
#3730 = EDGE_CURVE('',#3731,#3731,#3733,.T.);
#3731 = VERTEX_POINT('',#3732);
#3732 = CARTESIAN_POINT('',(236.08101,180.665445,1.299358));
#3733 = CIRCLE('',#3734,0.51);
#3734 = AXIS2_PLACEMENT_3D('',#3735,#3736,#3737);
#3735 = CARTESIAN_POINT('',(236.08101,181.175445,1.299358));
#3736 = DIRECTION('',(-0.,0.,-1.));
#3737 = DIRECTION('',(-0.,-1.,0.));
#3738 = FACE_BOUND('',#3739,.T.);
#3739 = EDGE_LOOP('',(#3740));
#3740 = ORIENTED_EDGE('',*,*,#3741,.T.);
#3741 = EDGE_CURVE('',#3742,#3742,#3744,.T.);
#3742 = VERTEX_POINT('',#3743);
#3743 = CARTESIAN_POINT('',(231.00101,183.205445,1.299358));
#3744 = CIRCLE('',#3745,0.51);
#3745 = AXIS2_PLACEMENT_3D('',#3746,#3747,#3748);
#3746 = CARTESIAN_POINT('',(231.00101,183.715445,1.299358));
#3747 = DIRECTION('',(-0.,0.,-1.));
#3748 = DIRECTION('',(-0.,-1.,0.));
#3749 = FACE_BOUND('',#3750,.T.);
#3750 = EDGE_LOOP('',(#3751));
#3751 = ORIENTED_EDGE('',*,*,#3752,.T.);
#3752 = EDGE_CURVE('',#3753,#3753,#3755,.T.);
#3753 = VERTEX_POINT('',#3754);
#3754 = CARTESIAN_POINT('',(233.54101,183.205445,1.299358));
#3755 = CIRCLE('',#3756,0.51);
#3756 = AXIS2_PLACEMENT_3D('',#3757,#3758,#3759);
#3757 = CARTESIAN_POINT('',(233.54101,183.715445,1.299358));
#3758 = DIRECTION('',(-0.,0.,-1.));
#3759 = DIRECTION('',(-0.,-1.,0.));
#3760 = FACE_BOUND('',#3761,.T.);
#3761 = EDGE_LOOP('',(#3762));
#3762 = ORIENTED_EDGE('',*,*,#3763,.T.);
#3763 = EDGE_CURVE('',#3764,#3764,#3766,.T.);
#3764 = VERTEX_POINT('',#3765);
#3765 = CARTESIAN_POINT('',(236.08101,183.205445,1.299358));
#3766 = CIRCLE('',#3767,0.51);
#3767 = AXIS2_PLACEMENT_3D('',#3768,#3769,#3770);
#3768 = CARTESIAN_POINT('',(236.08101,183.715445,1.299358));
#3769 = DIRECTION('',(-0.,0.,-1.));
#3770 = DIRECTION('',(-0.,-1.,0.));
#3771 = FACE_BOUND('',#3772,.T.);
#3772 = EDGE_LOOP('',(#3773));
#3773 = ORIENTED_EDGE('',*,*,#3774,.T.);
#3774 = EDGE_CURVE('',#3775,#3775,#3777,.T.);
#3775 = VERTEX_POINT('',#3776);
#3776 = CARTESIAN_POINT('',(238.62101,180.665445,1.299358));
#3777 = CIRCLE('',#3778,0.51);
#3778 = AXIS2_PLACEMENT_3D('',#3779,#3780,#3781);
#3779 = CARTESIAN_POINT('',(238.62101,181.175445,1.299358));
#3780 = DIRECTION('',(-0.,0.,-1.));
#3781 = DIRECTION('',(-0.,-1.,0.));
#3782 = FACE_BOUND('',#3783,.T.);
#3783 = EDGE_LOOP('',(#3784));
#3784 = ORIENTED_EDGE('',*,*,#3785,.T.);
#3785 = EDGE_CURVE('',#3786,#3786,#3788,.T.);
#3786 = VERTEX_POINT('',#3787);
#3787 = CARTESIAN_POINT('',(241.16101,180.665445,1.299358));
#3788 = CIRCLE('',#3789,0.51);
#3789 = AXIS2_PLACEMENT_3D('',#3790,#3791,#3792);
#3790 = CARTESIAN_POINT('',(241.16101,181.175445,1.299358));
#3791 = DIRECTION('',(-0.,0.,-1.));
#3792 = DIRECTION('',(-0.,-1.,0.));
#3793 = FACE_BOUND('',#3794,.T.);
#3794 = EDGE_LOOP('',(#3795));
#3795 = ORIENTED_EDGE('',*,*,#3796,.T.);
#3796 = EDGE_CURVE('',#3797,#3797,#3799,.T.);
#3797 = VERTEX_POINT('',#3798);
#3798 = CARTESIAN_POINT('',(238.62101,183.205445,1.299358));
#3799 = CIRCLE('',#3800,0.51);
#3800 = AXIS2_PLACEMENT_3D('',#3801,#3802,#3803);
#3801 = CARTESIAN_POINT('',(238.62101,183.715445,1.299358));
#3802 = DIRECTION('',(-0.,0.,-1.));
#3803 = DIRECTION('',(-0.,-1.,0.));
#3804 = FACE_BOUND('',#3805,.T.);
#3805 = EDGE_LOOP('',(#3806));
#3806 = ORIENTED_EDGE('',*,*,#3807,.T.);
#3807 = EDGE_CURVE('',#3808,#3808,#3810,.T.);
#3808 = VERTEX_POINT('',#3809);
#3809 = CARTESIAN_POINT('',(241.16101,183.205445,1.299358));
#3810 = CIRCLE('',#3811,0.51);
#3811 = AXIS2_PLACEMENT_3D('',#3812,#3813,#3814);
#3812 = CARTESIAN_POINT('',(241.16101,183.715445,1.299358));
#3813 = DIRECTION('',(-0.,0.,-1.));
#3814 = DIRECTION('',(-0.,-1.,0.));
#3815 = FACE_BOUND('',#3816,.T.);
#3816 = EDGE_LOOP('',(#3817));
#3817 = ORIENTED_EDGE('',*,*,#3818,.T.);
#3818 = EDGE_CURVE('',#3819,#3819,#3821,.T.);
#3819 = VERTEX_POINT('',#3820);
#3820 = CARTESIAN_POINT('',(246.64703,181.503975,1.299358));
#3821 = CIRCLE('',#3822,1.5875);
#3822 = AXIS2_PLACEMENT_3D('',#3823,#3824,#3825);
#3823 = CARTESIAN_POINT('',(246.64703,183.091475,1.299358));
#3824 = DIRECTION('',(-0.,0.,-1.));
#3825 = DIRECTION('',(-0.,-1.,0.));
#3826 = PLANE('',#3827);
#3827 = AXIS2_PLACEMENT_3D('',#3828,#3829,#3830);
#3828 = CARTESIAN_POINT('',(0.,0.,1.299358));
#3829 = DIRECTION('',(0.,0.,1.));
#3830 = DIRECTION('',(1.,0.,-0.));
#3831 = ADVANCED_FACE('',(#3832),#3843,.T.);
#3832 = FACE_BOUND('',#3833,.T.);
#3833 = EDGE_LOOP('',(#3834,#3840,#3841,#3842));
#3834 = ORIENTED_EDGE('',*,*,#3835,.T.);
#3835 = EDGE_CURVE('',#146,#1992,#3836,.T.);
#3836 = LINE('',#3837,#3838);
#3837 = CARTESIAN_POINT('',(164.07201,185.114075,0.));
#3838 = VECTOR('',#3839,1.);
#3839 = DIRECTION('',(0.,0.,1.));
#3840 = ORIENTED_EDGE('',*,*,#1991,.T.);
#3841 = ORIENTED_EDGE('',*,*,#81,.F.);
#3842 = ORIENTED_EDGE('',*,*,#145,.F.);
#3843 = CYLINDRICAL_SURFACE('',#3844,1.828007085304);
#3844 = AXIS2_PLACEMENT_3D('',#3845,#3846,#3847);
#3845 = CARTESIAN_POINT('',(165.90001708529,185.11406788801,0.));
#3846 = DIRECTION('',(0.,0.,-1.));
#3847 = DIRECTION('',(-0.999999999992,3.890569397206E-06,0.));
#3848 = ADVANCED_FACE('',(#3849),#3860,.F.);
#3849 = FACE_BOUND('',#3850,.T.);
#3850 = EDGE_LOOP('',(#3851,#3852,#3853,#3859));
#3851 = ORIENTED_EDGE('',*,*,#121,.T.);
#3852 = ORIENTED_EDGE('',*,*,#2299,.T.);
#3853 = ORIENTED_EDGE('',*,*,#3854,.F.);
#3854 = EDGE_CURVE('',#446,#2292,#3855,.T.);
#3855 = LINE('',#3856,#3857);
#3856 = CARTESIAN_POINT('',(251.57201,165.167475,0.));
#3857 = VECTOR('',#3858,1.);
#3858 = DIRECTION('',(0.,0.,1.));
#3859 = ORIENTED_EDGE('',*,*,#453,.F.);
#3860 = CYLINDRICAL_SURFACE('',#3861,1.749989303642);
#3861 = AXIS2_PLACEMENT_3D('',#3862,#3863,#3864);
#3862 = CARTESIAN_POINT('',(251.5719993036,166.9174643036,0.));
#3863 = DIRECTION('',(-0.,-0.,-1.));
#3864 = DIRECTION('',(-0.999999999981,6.11226083747E-06,0.));
#3865 = ADVANCED_FACE('',(#3866),#3877,.T.);
#3866 = FACE_BOUND('',#3867,.T.);
#3867 = EDGE_LOOP('',(#3868,#3874,#3875,#3876));
#3868 = ORIENTED_EDGE('',*,*,#3869,.T.);
#3869 = EDGE_CURVE('',#155,#2001,#3870,.T.);
#3870 = LINE('',#3871,#3872);
#3871 = CARTESIAN_POINT('',(164.07201,152.417475,0.));
#3872 = VECTOR('',#3873,1.);
#3873 = DIRECTION('',(0.,0.,1.));
#3874 = ORIENTED_EDGE('',*,*,#2000,.T.);
#3875 = ORIENTED_EDGE('',*,*,#3835,.F.);
#3876 = ORIENTED_EDGE('',*,*,#154,.F.);
#3877 = PLANE('',#3878);
#3878 = AXIS2_PLACEMENT_3D('',#3879,#3880,#3881);
#3879 = CARTESIAN_POINT('',(164.07201,152.417475,0.));
#3880 = DIRECTION('',(-1.,0.,0.));
#3881 = DIRECTION('',(0.,1.,0.));
#3882 = ADVANCED_FACE('',(#3883),#3894,.T.);
#3883 = FACE_BOUND('',#3884,.T.);
#3884 = EDGE_LOOP('',(#3885,#3886,#3887,#3893));
#3885 = ORIENTED_EDGE('',*,*,#3854,.T.);
#3886 = ORIENTED_EDGE('',*,*,#2291,.T.);
#3887 = ORIENTED_EDGE('',*,*,#3888,.F.);
#3888 = EDGE_CURVE('',#437,#2283,#3889,.T.);
#3889 = LINE('',#3890,#3891);
#3890 = CARTESIAN_POINT('',(253.32201,165.167475,0.));
#3891 = VECTOR('',#3892,1.);
#3892 = DIRECTION('',(0.,0.,1.));
#3893 = ORIENTED_EDGE('',*,*,#445,.F.);
#3894 = PLANE('',#3895);
#3895 = AXIS2_PLACEMENT_3D('',#3896,#3897,#3898);
#3896 = CARTESIAN_POINT('',(251.57201,165.167475,0.));
#3897 = DIRECTION('',(0.,1.,0.));
#3898 = DIRECTION('',(1.,0.,0.));
#3899 = ADVANCED_FACE('',(#3900),#3911,.T.);
#3900 = FACE_BOUND('',#3901,.T.);
#3901 = EDGE_LOOP('',(#3902,#3908,#3909,#3910));
#3902 = ORIENTED_EDGE('',*,*,#3903,.T.);
#3903 = EDGE_CURVE('',#163,#2009,#3904,.T.);
#3904 = LINE('',#3905,#3906);
#3905 = CARTESIAN_POINT('',(165.57201,150.917488,0.));
#3906 = VECTOR('',#3907,1.);
#3907 = DIRECTION('',(0.,0.,1.));
#3908 = ORIENTED_EDGE('',*,*,#2008,.T.);
#3909 = ORIENTED_EDGE('',*,*,#3869,.F.);
#3910 = ORIENTED_EDGE('',*,*,#162,.F.);
#3911 = CYLINDRICAL_SURFACE('',#3912,1.499992050942);
#3912 = AXIS2_PLACEMENT_3D('',#3913,#3914,#3915);
#3913 = CARTESIAN_POINT('',(165.57200205093,152.41748005092,0.));
#3914 = DIRECTION('',(0.,0.,-1.));
#3915 = DIRECTION('',(5.299406025032E-06,-0.999999999986,0.));
#3916 = ADVANCED_FACE('',(#3917),#3928,.T.);
#3917 = FACE_BOUND('',#3918,.T.);
#3918 = EDGE_LOOP('',(#3919,#3920,#3921,#3927));
#3919 = ORIENTED_EDGE('',*,*,#3888,.T.);
#3920 = ORIENTED_EDGE('',*,*,#2282,.T.);
#3921 = ORIENTED_EDGE('',*,*,#3922,.F.);
#3922 = EDGE_CURVE('',#429,#2275,#3923,.T.);
#3923 = LINE('',#3924,#3925);
#3924 = CARTESIAN_POINT('',(254.27218,164.224824,0.));
#3925 = VECTOR('',#3926,1.);
#3926 = DIRECTION('',(0.,0.,1.));
#3927 = ORIENTED_EDGE('',*,*,#436,.F.);
#3928 = CYLINDRICAL_SURFACE('',#3929,0.95022719396);
#3929 = AXIS2_PLACEMENT_3D('',#3930,#3931,#3932);
#3930 = CARTESIAN_POINT('',(253.32198300914,164.21724780642,0.));
#3931 = DIRECTION('',(0.,0.,-1.));
#3932 = DIRECTION('',(2.840463413214E-05,0.999999999597,0.));
#3933 = ADVANCED_FACE('',(#3934),#3945,.F.);
#3934 = FACE_BOUND('',#3935,.T.);
#3935 = EDGE_LOOP('',(#3936,#3942,#3943,#3944));
#3936 = ORIENTED_EDGE('',*,*,#3937,.T.);
#3937 = EDGE_CURVE('',#172,#2018,#3938,.T.);
#3938 = LINE('',#3939,#3940);
#3939 = CARTESIAN_POINT('',(167.07201,149.417475,0.));
#3940 = VECTOR('',#3941,1.);
#3941 = DIRECTION('',(0.,0.,1.));
#3942 = ORIENTED_EDGE('',*,*,#2017,.T.);
#3943 = ORIENTED_EDGE('',*,*,#3903,.F.);
#3944 = ORIENTED_EDGE('',*,*,#171,.F.);
#3945 = CYLINDRICAL_SURFACE('',#3946,1.500033022322);
#3946 = AXIS2_PLACEMENT_3D('',#3947,#3948,#3949);
#3947 = CARTESIAN_POINT('',(165.57197697781,149.41745497804,0.));
#3948 = DIRECTION('',(-0.,-0.,-1.));
#3949 = DIRECTION('',(0.999999999911,1.334767831883E-05,-0.));
#3950 = ADVANCED_FACE('',(#3951),#3962,.T.);
#3951 = FACE_BOUND('',#3952,.T.);
#3952 = EDGE_LOOP('',(#3953,#3954,#3955,#3961));
#3953 = ORIENTED_EDGE('',*,*,#3922,.T.);
#3954 = ORIENTED_EDGE('',*,*,#2274,.T.);
#3955 = ORIENTED_EDGE('',*,*,#3956,.F.);
#3956 = EDGE_CURVE('',#420,#2266,#3957,.T.);
#3957 = LINE('',#3958,#3959);
#3958 = CARTESIAN_POINT('',(254.27217,152.117674,0.));
#3959 = VECTOR('',#3960,1.);
#3960 = DIRECTION('',(0.,0.,1.));
#3961 = ORIENTED_EDGE('',*,*,#428,.F.);
#3962 = PLANE('',#3963);
#3963 = AXIS2_PLACEMENT_3D('',#3964,#3965,#3966);
#3964 = CARTESIAN_POINT('',(254.27218,164.224824,0.));
#3965 = DIRECTION('',(1.,-8.259582150358E-07,0.));
#3966 = DIRECTION('',(-8.259582150358E-07,-1.,0.));
#3967 = ADVANCED_FACE('',(#3968),#3979,.T.);
#3968 = FACE_BOUND('',#3969,.T.);
#3969 = EDGE_LOOP('',(#3970,#3976,#3977,#3978));
#3970 = ORIENTED_EDGE('',*,*,#3971,.T.);
#3971 = EDGE_CURVE('',#181,#2027,#3972,.T.);
#3972 = LINE('',#3973,#3974);
#3973 = CARTESIAN_POINT('',(167.07201,131.735575,0.));
#3974 = VECTOR('',#3975,1.);
#3975 = DIRECTION('',(0.,0.,1.));
#3976 = ORIENTED_EDGE('',*,*,#2026,.T.);
#3977 = ORIENTED_EDGE('',*,*,#3937,.F.);
#3978 = ORIENTED_EDGE('',*,*,#180,.F.);
#3979 = PLANE('',#3980);
#3980 = AXIS2_PLACEMENT_3D('',#3981,#3982,#3983);
#3981 = CARTESIAN_POINT('',(167.07201,131.735575,0.));
#3982 = DIRECTION('',(-1.,0.,0.));
#3983 = DIRECTION('',(0.,1.,0.));
#3984 = ADVANCED_FACE('',(#3985),#3996,.T.);
#3985 = FACE_BOUND('',#3986,.T.);
#3986 = EDGE_LOOP('',(#3987,#3988,#3989,#3995));
#3987 = ORIENTED_EDGE('',*,*,#3956,.T.);
#3988 = ORIENTED_EDGE('',*,*,#2265,.T.);
#3989 = ORIENTED_EDGE('',*,*,#3990,.F.);
#3990 = EDGE_CURVE('',#411,#2257,#3991,.T.);
#3991 = LINE('',#3992,#3993);
#3992 = CARTESIAN_POINT('',(252.57201,150.417475,0.));
#3993 = VECTOR('',#3994,1.);
#3994 = DIRECTION('',(0.,0.,1.));
#3995 = ORIENTED_EDGE('',*,*,#419,.F.);
#3996 = CYLINDRICAL_SURFACE('',#3997,1.700158857397);
#3997 = AXIS2_PLACEMENT_3D('',#3998,#3999,#4000);
#3998 = CARTESIAN_POINT('',(252.57201114307,152.11763385739,0.));
#3999 = DIRECTION('',(0.,0.,-1.));
#4000 = DIRECTION('',(0.999999999721,2.361108990666E-05,0.));
#4001 = ADVANCED_FACE('',(#4002),#4013,.F.);
#4002 = FACE_BOUND('',#4003,.T.);
#4003 = EDGE_LOOP('',(#4004,#4010,#4011,#4012));
#4004 = ORIENTED_EDGE('',*,*,#4005,.T.);
#4005 = EDGE_CURVE('',#189,#2035,#4006,.T.);
#4006 = LINE('',#4007,#4008);
#4007 = CARTESIAN_POINT('',(166.020817,130.684375,0.));
#4008 = VECTOR('',#4009,1.);
#4009 = DIRECTION('',(0.,0.,1.));
#4010 = ORIENTED_EDGE('',*,*,#2034,.T.);
#4011 = ORIENTED_EDGE('',*,*,#3971,.F.);
#4012 = ORIENTED_EDGE('',*,*,#188,.F.);
#4013 = CYLINDRICAL_SURFACE('',#4014,1.051174900558);
#4014 = AXIS2_PLACEMENT_3D('',#4015,#4016,#4017);
#4015 = CARTESIAN_POINT('',(166.02083509974,131.7355499004,0.));
#4016 = DIRECTION('',(-0.,-0.,-1.));
#4017 = DIRECTION('',(-1.721858200398E-05,-0.999999999852,0.));
#4018 = ADVANCED_FACE('',(#4019),#4030,.F.);
#4019 = FACE_BOUND('',#4020,.T.);
#4020 = EDGE_LOOP('',(#4021,#4022,#4023,#4029));
#4021 = ORIENTED_EDGE('',*,*,#3990,.T.);
#4022 = ORIENTED_EDGE('',*,*,#2256,.T.);
#4023 = ORIENTED_EDGE('',*,*,#4024,.F.);
#4024 = EDGE_CURVE('',#403,#2249,#4025,.T.);
#4025 = LINE('',#4026,#4027);
#4026 = CARTESIAN_POINT('',(251.57201,149.417475,0.));
#4027 = VECTOR('',#4028,1.);
#4028 = DIRECTION('',(0.,0.,1.));
#4029 = ORIENTED_EDGE('',*,*,#410,.F.);
#4030 = CYLINDRICAL_SURFACE('',#4031,1.000023153312);
#4031 = AXIS2_PLACEMENT_3D('',#4032,#4033,#4034);
#4032 = CARTESIAN_POINT('',(252.57203315304,149.41745184695,0.));
#4033 = DIRECTION('',(-0.,-0.,-1.));
#4034 = DIRECTION('',(-2.315250833823E-05,0.999999999732,0.));
#4035 = ADVANCED_FACE('',(#4036),#4047,.T.);
#4036 = FACE_BOUND('',#4037,.T.);
#4037 = EDGE_LOOP('',(#4038,#4044,#4045,#4046));
#4038 = ORIENTED_EDGE('',*,*,#4039,.T.);
#4039 = EDGE_CURVE('',#198,#2044,#4040,.T.);
#4040 = LINE('',#4041,#4042);
#4041 = CARTESIAN_POINT('',(165.875398,130.684374,0.));
#4042 = VECTOR('',#4043,1.);
#4043 = DIRECTION('',(0.,0.,1.));
#4044 = ORIENTED_EDGE('',*,*,#2043,.T.);
#4045 = ORIENTED_EDGE('',*,*,#4005,.F.);
#4046 = ORIENTED_EDGE('',*,*,#197,.F.);
#4047 = PLANE('',#4048);
#4048 = AXIS2_PLACEMENT_3D('',#4049,#4050,#4051);
#4049 = CARTESIAN_POINT('',(165.875398,130.684374,0.));
#4050 = DIRECTION('',(-6.87668047127E-06,0.999999999976,0.));
#4051 = DIRECTION('',(0.999999999976,6.87668047127E-06,0.));
#4052 = ADVANCED_FACE('',(#4053),#4064,.T.);
#4053 = FACE_BOUND('',#4054,.T.);
#4054 = EDGE_LOOP('',(#4055,#4056,#4057,#4063));
#4055 = ORIENTED_EDGE('',*,*,#4024,.T.);
#4056 = ORIENTED_EDGE('',*,*,#2248,.T.);
#4057 = ORIENTED_EDGE('',*,*,#4058,.F.);
#4058 = EDGE_CURVE('',#394,#2240,#4059,.T.);
#4059 = LINE('',#4060,#4061);
#4060 = CARTESIAN_POINT('',(251.57201,131.417475,0.));
#4061 = VECTOR('',#4062,1.);
#4062 = DIRECTION('',(0.,0.,1.));
#4063 = ORIENTED_EDGE('',*,*,#402,.F.);
#4064 = PLANE('',#4065);
#4065 = AXIS2_PLACEMENT_3D('',#4066,#4067,#4068);
#4066 = CARTESIAN_POINT('',(251.57201,149.417475,0.));
#4067 = DIRECTION('',(1.,0.,-0.));
#4068 = DIRECTION('',(0.,-1.,0.));
#4069 = ADVANCED_FACE('',(#4070),#4081,.T.);
#4070 = FACE_BOUND('',#4071,.T.);
#4071 = EDGE_LOOP('',(#4072,#4078,#4079,#4080));
#4072 = ORIENTED_EDGE('',*,*,#4073,.T.);
#4073 = EDGE_CURVE('',#206,#2052,#4074,.T.);
#4074 = LINE('',#4075,#4076);
#4075 = CARTESIAN_POINT('',(164.07201,128.880975,0.));
#4076 = VECTOR('',#4077,1.);
#4077 = DIRECTION('',(0.,0.,1.));
#4078 = ORIENTED_EDGE('',*,*,#2051,.T.);
#4079 = ORIENTED_EDGE('',*,*,#4039,.F.);
#4080 = ORIENTED_EDGE('',*,*,#205,.F.);
#4081 = CYLINDRICAL_SURFACE('',#4082,1.803438818559);
#4082 = AXIS2_PLACEMENT_3D('',#4083,#4084,#4085);
#4083 = CARTESIAN_POINT('',(165.87544881812,128.88093518215,0.));
#4084 = DIRECTION('',(0.,0.,-1.));
#4085 = DIRECTION('',(-0.999999999756,2.207884333839E-05,0.));
#4086 = ADVANCED_FACE('',(#4087),#4098,.F.);
#4087 = FACE_BOUND('',#4088,.T.);
#4088 = EDGE_LOOP('',(#4089,#4090,#4091,#4097));
#4089 = ORIENTED_EDGE('',*,*,#4058,.T.);
#4090 = ORIENTED_EDGE('',*,*,#2239,.T.);
#4091 = ORIENTED_EDGE('',*,*,#4092,.F.);
#4092 = EDGE_CURVE('',#386,#2232,#4093,.T.);
#4093 = LINE('',#4094,#4095);
#4094 = CARTESIAN_POINT('',(252.57201,130.417475,0.));
#4095 = VECTOR('',#4096,1.);
#4096 = DIRECTION('',(0.,0.,1.));
#4097 = ORIENTED_EDGE('',*,*,#393,.F.);
#4098 = CYLINDRICAL_SURFACE('',#4099,0.99998901049);
#4099 = AXIS2_PLACEMENT_3D('',#4100,#4101,#4102);
#4100 = CARTESIAN_POINT('',(252.57199901042,131.41746401042,0.));
#4101 = DIRECTION('',(-0.,-0.,-1.));
#4102 = DIRECTION('',(-0.99999999994,1.098969153939E-05,0.));
#4103 = ADVANCED_FACE('',(#4104),#4115,.T.);
#4104 = FACE_BOUND('',#4105,.T.);
#4105 = EDGE_LOOP('',(#4106,#4112,#4113,#4114));
#4106 = ORIENTED_EDGE('',*,*,#4107,.T.);
#4107 = EDGE_CURVE('',#215,#2061,#4108,.T.);
#4108 = LINE('',#4109,#4110);
#4109 = CARTESIAN_POINT('',(164.07201,95.417475,0.));
#4110 = VECTOR('',#4111,1.);
#4111 = DIRECTION('',(0.,0.,1.));
#4112 = ORIENTED_EDGE('',*,*,#2060,.T.);
#4113 = ORIENTED_EDGE('',*,*,#4073,.F.);
#4114 = ORIENTED_EDGE('',*,*,#214,.F.);
#4115 = PLANE('',#4116);
#4116 = AXIS2_PLACEMENT_3D('',#4117,#4118,#4119);
#4117 = CARTESIAN_POINT('',(164.07201,95.417475,0.));
#4118 = DIRECTION('',(-1.,0.,0.));
#4119 = DIRECTION('',(0.,1.,0.));
#4120 = ADVANCED_FACE('',(#4121),#4132,.T.);
#4121 = FACE_BOUND('',#4122,.T.);
#4122 = EDGE_LOOP('',(#4123,#4124,#4125,#4131));
#4123 = ORIENTED_EDGE('',*,*,#4092,.T.);
#4124 = ORIENTED_EDGE('',*,*,#2231,.T.);
#4125 = ORIENTED_EDGE('',*,*,#4126,.F.);
#4126 = EDGE_CURVE('',#377,#2223,#4127,.T.);
#4127 = LINE('',#4128,#4129);
#4128 = CARTESIAN_POINT('',(253.32201,130.417475,0.));
#4129 = VECTOR('',#4130,1.);
#4130 = DIRECTION('',(0.,0.,1.));
#4131 = ORIENTED_EDGE('',*,*,#385,.F.);
#4132 = PLANE('',#4133);
#4133 = AXIS2_PLACEMENT_3D('',#4134,#4135,#4136);
#4134 = CARTESIAN_POINT('',(252.57201,130.417475,0.));
#4135 = DIRECTION('',(0.,1.,0.));
#4136 = DIRECTION('',(1.,0.,0.));
#4137 = ADVANCED_FACE('',(#4138),#4149,.T.);
#4138 = FACE_BOUND('',#4139,.T.);
#4139 = EDGE_LOOP('',(#4140,#4146,#4147,#4148));
#4140 = ORIENTED_EDGE('',*,*,#4141,.T.);
#4141 = EDGE_CURVE('',#223,#2069,#4142,.T.);
#4142 = LINE('',#4143,#4144);
#4143 = CARTESIAN_POINT('',(165.822008,93.667485,0.));
#4144 = VECTOR('',#4145,1.);
#4145 = DIRECTION('',(0.,0.,1.));
#4146 = ORIENTED_EDGE('',*,*,#2068,.T.);
#4147 = ORIENTED_EDGE('',*,*,#4107,.F.);
#4148 = ORIENTED_EDGE('',*,*,#222,.F.);
#4149 = CYLINDRICAL_SURFACE('',#4150,1.749979061121);
#4150 = AXIS2_PLACEMENT_3D('',#4151,#4152,#4153);
#4151 = CARTESIAN_POINT('',(165.82198906108,95.417464061019,0.));
#4152 = DIRECTION('',(0.,0.,-1.));
#4153 = DIRECTION('',(1.082236550745E-05,-0.999999999941,0.));
#4154 = ADVANCED_FACE('',(#4155),#4166,.T.);
#4155 = FACE_BOUND('',#4156,.T.);
#4156 = EDGE_LOOP('',(#4157,#4158,#4159,#4165));
#4157 = ORIENTED_EDGE('',*,*,#4126,.T.);
#4158 = ORIENTED_EDGE('',*,*,#2222,.T.);
#4159 = ORIENTED_EDGE('',*,*,#4160,.F.);
#4160 = EDGE_CURVE('',#369,#2215,#4161,.T.);
#4161 = LINE('',#4162,#4163);
#4162 = CARTESIAN_POINT('',(254.32201,129.417475,0.));
#4163 = VECTOR('',#4164,1.);
#4164 = DIRECTION('',(0.,0.,1.));
#4165 = ORIENTED_EDGE('',*,*,#376,.F.);
#4166 = CYLINDRICAL_SURFACE('',#4167,0.99998901049);
#4167 = AXIS2_PLACEMENT_3D('',#4168,#4169,#4170);
#4168 = CARTESIAN_POINT('',(253.32202098957,129.41748598957,0.));
#4169 = DIRECTION('',(0.,0.,-1.));
#4170 = DIRECTION('',(-1.098969153939E-05,0.99999999994,0.));
#4171 = ADVANCED_FACE('',(#4172),#4183,.T.);
#4172 = FACE_BOUND('',#4173,.T.);
#4173 = EDGE_LOOP('',(#4174,#4180,#4181,#4182));
#4174 = ORIENTED_EDGE('',*,*,#4175,.T.);
#4175 = EDGE_CURVE('',#232,#2078,#4176,.T.);
#4176 = LINE('',#4177,#4178);
#4177 = CARTESIAN_POINT('',(175.572111,93.667475,0.));
#4178 = VECTOR('',#4179,1.);
#4179 = DIRECTION('',(0.,0.,1.));
#4180 = ORIENTED_EDGE('',*,*,#2077,.T.);
#4181 = ORIENTED_EDGE('',*,*,#4141,.F.);
#4182 = ORIENTED_EDGE('',*,*,#231,.F.);
#4183 = PLANE('',#4184);
#4184 = AXIS2_PLACEMENT_3D('',#4185,#4186,#4187);
#4185 = CARTESIAN_POINT('',(175.572111,93.667475,0.));
#4186 = DIRECTION('',(-1.025630191104E-06,-0.999999999999,0.));
#4187 = DIRECTION('',(-0.999999999999,1.025630191104E-06,0.));
#4188 = ADVANCED_FACE('',(#4189),#4200,.T.);
#4189 = FACE_BOUND('',#4190,.T.);
#4190 = EDGE_LOOP('',(#4191,#4192,#4193,#4199));
#4191 = ORIENTED_EDGE('',*,*,#4160,.T.);
#4192 = ORIENTED_EDGE('',*,*,#2214,.T.);
#4193 = ORIENTED_EDGE('',*,*,#4194,.F.);
#4194 = EDGE_CURVE('',#360,#2206,#4195,.T.);
#4195 = LINE('',#4196,#4197);
#4196 = CARTESIAN_POINT('',(254.32201,95.470875,0.));
#4197 = VECTOR('',#4198,1.);
#4198 = DIRECTION('',(0.,0.,1.));
#4199 = ORIENTED_EDGE('',*,*,#368,.F.);
#4200 = PLANE('',#4201);
#4201 = AXIS2_PLACEMENT_3D('',#4202,#4203,#4204);
#4202 = CARTESIAN_POINT('',(254.32201,129.417475,0.));
#4203 = DIRECTION('',(1.,0.,-0.));
#4204 = DIRECTION('',(0.,-1.,0.));
#4205 = ADVANCED_FACE('',(#4206),#4217,.F.);
#4206 = FACE_BOUND('',#4207,.T.);
#4207 = EDGE_LOOP('',(#4208,#4214,#4215,#4216));
#4208 = ORIENTED_EDGE('',*,*,#4209,.T.);
#4209 = EDGE_CURVE('',#240,#2086,#4210,.T.);
#4210 = LINE('',#4211,#4212);
#4211 = CARTESIAN_POINT('',(176.395724,93.326279,0.));
#4212 = VECTOR('',#4213,1.);
#4213 = DIRECTION('',(0.,0.,1.));
#4214 = ORIENTED_EDGE('',*,*,#2085,.T.);
#4215 = ORIENTED_EDGE('',*,*,#4175,.F.);
#4216 = ORIENTED_EDGE('',*,*,#239,.F.);
#4217 = CYLINDRICAL_SURFACE('',#4218,1.164568759822);
#4218 = AXIS2_PLACEMENT_3D('',#4219,#4220,#4221);
#4219 = CARTESIAN_POINT('',(175.57214783734,92.502906240761,0.));
#4220 = DIRECTION('',(-0.,-0.,-1.));
#4221 = DIRECTION('',(0.707194105724,0.707019445863,-0.));
#4222 = ADVANCED_FACE('',(#4223),#4234,.T.);
#4223 = FACE_BOUND('',#4224,.T.);
#4224 = EDGE_LOOP('',(#4225,#4226,#4227,#4233));
#4225 = ORIENTED_EDGE('',*,*,#4194,.T.);
#4226 = ORIENTED_EDGE('',*,*,#2205,.T.);
#4227 = ORIENTED_EDGE('',*,*,#4228,.F.);
#4228 = EDGE_CURVE('',#352,#2198,#4229,.T.);
#4229 = LINE('',#4230,#4231);
#4230 = CARTESIAN_POINT('',(252.51861,93.667475,0.));
#4231 = VECTOR('',#4232,1.);
#4232 = DIRECTION('',(0.,0.,1.));
#4233 = ORIENTED_EDGE('',*,*,#359,.F.);
#4234 = CYLINDRICAL_SURFACE('',#4235,1.803406381818);
#4235 = AXIS2_PLACEMENT_3D('',#4236,#4237,#4238);
#4236 = CARTESIAN_POINT('',(252.51860361819,95.470881381807,0.));
#4237 = DIRECTION('',(0.,0.,-1.));
#4238 = DIRECTION('',(0.999999999994,-3.53875137469E-06,0.));
#4239 = ADVANCED_FACE('',(#4240),#4251,.T.);
#4240 = FACE_BOUND('',#4241,.T.);
#4241 = EDGE_LOOP('',(#4242,#4248,#4249,#4250));
#4242 = ORIENTED_EDGE('',*,*,#4243,.T.);
#4243 = EDGE_CURVE('',#249,#2095,#4244,.T.);
#4244 = LINE('',#4245,#4246);
#4245 = CARTESIAN_POINT('',(176.8654,92.856605,0.));
#4246 = VECTOR('',#4247,1.);
#4247 = DIRECTION('',(0.,0.,1.));
#4248 = ORIENTED_EDGE('',*,*,#2094,.T.);
#4249 = ORIENTED_EDGE('',*,*,#4209,.F.);
#4250 = ORIENTED_EDGE('',*,*,#248,.F.);
#4251 = PLANE('',#4252);
#4252 = AXIS2_PLACEMENT_3D('',#4253,#4254,#4255);
#4253 = CARTESIAN_POINT('',(176.8654,92.856605,0.));
#4254 = DIRECTION('',(-0.707105275661,-0.707108286709,0.));
#4255 = DIRECTION('',(-0.707108286709,0.707105275661,0.));
#4256 = ADVANCED_FACE('',(#4257),#4268,.T.);
#4257 = FACE_BOUND('',#4258,.T.);
#4258 = EDGE_LOOP('',(#4259,#4260,#4261,#4267));
#4259 = ORIENTED_EDGE('',*,*,#4228,.T.);
#4260 = ORIENTED_EDGE('',*,*,#2197,.T.);
#4261 = ORIENTED_EDGE('',*,*,#4262,.F.);
#4262 = EDGE_CURVE('',#343,#2189,#4263,.T.);
#4263 = LINE('',#4264,#4265);
#4264 = CARTESIAN_POINT('',(242.82201,93.667455,0.));
#4265 = VECTOR('',#4266,1.);
#4266 = DIRECTION('',(0.,0.,1.));
#4267 = ORIENTED_EDGE('',*,*,#351,.F.);
#4268 = PLANE('',#4269);
#4269 = AXIS2_PLACEMENT_3D('',#4270,#4271,#4272);
#4270 = CARTESIAN_POINT('',(252.51861,93.667475,0.));
#4271 = DIRECTION('',(2.062578634995E-06,-0.999999999998,0.));
#4272 = DIRECTION('',(-0.999999999998,-2.062578634995E-06,0.));
#4273 = ADVANCED_FACE('',(#4274),#4285,.T.);
#4274 = FACE_BOUND('',#4275,.T.);
#4275 = EDGE_LOOP('',(#4276,#4282,#4283,#4284));
#4276 = ORIENTED_EDGE('',*,*,#4277,.T.);
#4277 = EDGE_CURVE('',#257,#2103,#4278,.T.);
#4278 = LINE('',#4279,#4280);
#4279 = CARTESIAN_POINT('',(177.32201,92.667475,0.));
#4280 = VECTOR('',#4281,1.);
#4281 = DIRECTION('',(0.,0.,1.));
#4282 = ORIENTED_EDGE('',*,*,#2102,.T.);
#4283 = ORIENTED_EDGE('',*,*,#4243,.F.);
#4284 = ORIENTED_EDGE('',*,*,#256,.F.);
#4285 = CYLINDRICAL_SURFACE('',#4286,0.645815794731);
#4286 = AXIS2_PLACEMENT_3D('',#4287,#4288,#4289);
#4287 = CARTESIAN_POINT('',(177.3220356601,93.313290794222,0.));
#4288 = DIRECTION('',(0.,0.,-1.));
#4289 = DIRECTION('',(-3.973285650836E-05,-0.999999999211,-0.));
#4290 = ADVANCED_FACE('',(#4291),#4302,.F.);
#4291 = FACE_BOUND('',#4292,.T.);
#4292 = EDGE_LOOP('',(#4293,#4294,#4295,#4301));
#4293 = ORIENTED_EDGE('',*,*,#4262,.T.);
#4294 = ORIENTED_EDGE('',*,*,#2188,.T.);
#4295 = ORIENTED_EDGE('',*,*,#4296,.F.);
#4296 = EDGE_CURVE('',#335,#2181,#4297,.T.);
#4297 = LINE('',#4298,#4299);
#4298 = CARTESIAN_POINT('',(242.460632,93.561166,0.));
#4299 = VECTOR('',#4300,1.);
#4300 = DIRECTION('',(0.,0.,1.));
#4301 = ORIENTED_EDGE('',*,*,#342,.F.);
#4302 = CYLINDRICAL_SURFACE('',#4303,0.66740096735);
#4303 = AXIS2_PLACEMENT_3D('',#4304,#4305,#4306);
#4304 = CARTESIAN_POINT('',(242.82198696642,93.000054033048,0.));
#4305 = DIRECTION('',(-0.,-0.,-1.));
#4306 = DIRECTION('',(3.45123440967E-05,0.999999999404,-0.));
#4307 = ADVANCED_FACE('',(#4308),#4319,.T.);
#4308 = FACE_BOUND('',#4309,.T.);
#4309 = EDGE_LOOP('',(#4310,#4316,#4317,#4318));
#4310 = ORIENTED_EDGE('',*,*,#4311,.T.);
#4311 = EDGE_CURVE('',#266,#2112,#4312,.T.);
#4312 = LINE('',#4313,#4314);
#4313 = CARTESIAN_POINT('',(199.07201,92.667475,0.));
#4314 = VECTOR('',#4315,1.);
#4315 = DIRECTION('',(0.,0.,1.));
#4316 = ORIENTED_EDGE('',*,*,#2111,.T.);
#4317 = ORIENTED_EDGE('',*,*,#4277,.F.);
#4318 = ORIENTED_EDGE('',*,*,#265,.F.);
#4319 = PLANE('',#4320);
#4320 = AXIS2_PLACEMENT_3D('',#4321,#4322,#4323);
#4321 = CARTESIAN_POINT('',(199.07201,92.667475,0.));
#4322 = DIRECTION('',(0.,-1.,0.));
#4323 = DIRECTION('',(-1.,0.,0.));
#4324 = ADVANCED_FACE('',(#4325),#4336,.T.);
#4325 = FACE_BOUND('',#4326,.T.);
#4326 = EDGE_LOOP('',(#4327,#4328,#4329,#4335));
#4327 = ORIENTED_EDGE('',*,*,#4296,.T.);
#4328 = ORIENTED_EDGE('',*,*,#2180,.T.);
#4329 = ORIENTED_EDGE('',*,*,#4330,.F.);
#4330 = EDGE_CURVE('',#326,#2172,#4331,.T.);
#4331 = LINE('',#4332,#4333);
#4332 = CARTESIAN_POINT('',(241.56578,92.889273,0.));
#4333 = VECTOR('',#4334,1.);
#4334 = DIRECTION('',(0.,0.,1.));
#4335 = ORIENTED_EDGE('',*,*,#334,.F.);
#4336 = PLANE('',#4337);
#4337 = AXIS2_PLACEMENT_3D('',#4338,#4339,#4340);
#4338 = CARTESIAN_POINT('',(242.460632,93.561166,0.));
#4339 = DIRECTION('',(0.600431148242,-0.799676457213,0.));
#4340 = DIRECTION('',(-0.799676457213,-0.600431148242,0.));
#4341 = ADVANCED_FACE('',(#4342),#4353,.T.);
#4342 = FACE_BOUND('',#4343,.T.);
#4343 = EDGE_LOOP('',(#4344,#4350,#4351,#4352));
#4344 = ORIENTED_EDGE('',*,*,#4345,.T.);
#4345 = EDGE_CURVE('',#274,#2120,#4346,.T.);
#4346 = LINE('',#4347,#4348);
#4347 = CARTESIAN_POINT('',(200.07201,93.667475,0.));
#4348 = VECTOR('',#4349,1.);
#4349 = DIRECTION('',(0.,0.,1.));
#4350 = ORIENTED_EDGE('',*,*,#2119,.T.);
#4351 = ORIENTED_EDGE('',*,*,#4311,.F.);
#4352 = ORIENTED_EDGE('',*,*,#273,.F.);
#4353 = CYLINDRICAL_SURFACE('',#4354,0.999999252925);
#4354 = AXIS2_PLACEMENT_3D('',#4355,#4356,#4357);
#4355 = CARTESIAN_POINT('',(199.07201074707,93.667474252925,0.));
#4356 = DIRECTION('',(0.,0.,-1.));
#4357 = DIRECTION('',(1.,7.470757491648E-07,0.));
#4358 = ADVANCED_FACE('',(#4359),#4370,.T.);
#4359 = FACE_BOUND('',#4360,.T.);
#4360 = EDGE_LOOP('',(#4361,#4362,#4363,#4369));
#4361 = ORIENTED_EDGE('',*,*,#4330,.T.);
#4362 = ORIENTED_EDGE('',*,*,#2171,.T.);
#4363 = ORIENTED_EDGE('',*,*,#4364,.F.);
#4364 = EDGE_CURVE('',#318,#2164,#4365,.T.);
#4365 = LINE('',#4366,#4367);
#4366 = CARTESIAN_POINT('',(241.00001,92.667475,0.));
#4367 = VECTOR('',#4368,1.);
#4368 = DIRECTION('',(0.,0.,1.));
#4369 = ORIENTED_EDGE('',*,*,#325,.F.);
#4370 = CYLINDRICAL_SURFACE('',#4371,0.83251434244);
#4371 = AXIS2_PLACEMENT_3D('',#4372,#4373,#4374);
#4372 = CARTESIAN_POINT('',(241.00000117439,93.499989342393,0.));
#4373 = DIRECTION('',(0.,0.,-1.));
#4374 = DIRECTION('',(0.679602496632,-0.733580565835,0.));
#4375 = ADVANCED_FACE('',(#4376),#4387,.F.);
#4376 = FACE_BOUND('',#4377,.T.);
#4377 = EDGE_LOOP('',(#4378,#4384,#4385,#4386));
#4378 = ORIENTED_EDGE('',*,*,#4379,.T.);
#4379 = EDGE_CURVE('',#283,#2129,#4380,.T.);
#4380 = LINE('',#4381,#4382);
#4381 = CARTESIAN_POINT('',(201.57201,95.167475,0.));
#4382 = VECTOR('',#4383,1.);
#4383 = DIRECTION('',(0.,0.,1.));
#4384 = ORIENTED_EDGE('',*,*,#2128,.T.);
#4385 = ORIENTED_EDGE('',*,*,#4345,.F.);
#4386 = ORIENTED_EDGE('',*,*,#282,.F.);
#4387 = CYLINDRICAL_SURFACE('',#4388,1.500024486656);
#4388 = AXIS2_PLACEMENT_3D('',#4389,#4390,#4391);
#4389 = CARTESIAN_POINT('',(201.57203448645,93.667450513544,0.));
#4390 = DIRECTION('',(-0.,-0.,-1.));
#4391 = DIRECTION('',(-1.632403748061E-05,0.999999999867,0.));
#4392 = ADVANCED_FACE('',(#4393),#4404,.T.);
#4393 = FACE_BOUND('',#4394,.T.);
#4394 = EDGE_LOOP('',(#4395,#4396,#4397,#4403));
#4395 = ORIENTED_EDGE('',*,*,#4364,.T.);
#4396 = ORIENTED_EDGE('',*,*,#2163,.T.);
#4397 = ORIENTED_EDGE('',*,*,#4398,.F.);
#4398 = EDGE_CURVE('',#309,#2155,#4399,.T.);
#4399 = LINE('',#4400,#4401);
#4400 = CARTESIAN_POINT('',(222.07201,92.667475,0.));
#4401 = VECTOR('',#4402,1.);
#4402 = DIRECTION('',(0.,0.,1.));
#4403 = ORIENTED_EDGE('',*,*,#317,.F.);
#4404 = PLANE('',#4405);
#4405 = AXIS2_PLACEMENT_3D('',#4406,#4407,#4408);
#4406 = CARTESIAN_POINT('',(241.00001,92.667475,0.));
#4407 = DIRECTION('',(0.,-1.,0.));
#4408 = DIRECTION('',(-1.,0.,0.));
#4409 = ADVANCED_FACE('',(#4410),#4421,.T.);
#4410 = FACE_BOUND('',#4411,.T.);
#4411 = EDGE_LOOP('',(#4412,#4418,#4419,#4420));
#4412 = ORIENTED_EDGE('',*,*,#4413,.T.);
#4413 = EDGE_CURVE('',#292,#2138,#4414,.T.);
#4414 = LINE('',#4415,#4416);
#4415 = CARTESIAN_POINT('',(219.57201,95.167475,0.));
#4416 = VECTOR('',#4417,1.);
#4417 = DIRECTION('',(0.,0.,1.));
#4418 = ORIENTED_EDGE('',*,*,#2137,.T.);
#4419 = ORIENTED_EDGE('',*,*,#4379,.F.);
#4420 = ORIENTED_EDGE('',*,*,#291,.F.);
#4421 = PLANE('',#4422);
#4422 = AXIS2_PLACEMENT_3D('',#4423,#4424,#4425);
#4423 = CARTESIAN_POINT('',(219.57201,95.167475,0.));
#4424 = DIRECTION('',(0.,-1.,0.));
#4425 = DIRECTION('',(-1.,0.,0.));
#4426 = ADVANCED_FACE('',(#4427),#4438,.T.);
#4427 = FACE_BOUND('',#4428,.T.);
#4428 = EDGE_LOOP('',(#4429,#4430,#4431,#4437));
#4429 = ORIENTED_EDGE('',*,*,#4398,.T.);
#4430 = ORIENTED_EDGE('',*,*,#2154,.T.);
#4431 = ORIENTED_EDGE('',*,*,#4432,.F.);
#4432 = EDGE_CURVE('',#300,#2146,#4433,.T.);
#4433 = LINE('',#4434,#4435);
#4434 = CARTESIAN_POINT('',(220.57201,94.167475,0.));
#4435 = VECTOR('',#4436,1.);
#4436 = DIRECTION('',(0.,0.,1.));
#4437 = ORIENTED_EDGE('',*,*,#308,.F.);
#4438 = CYLINDRICAL_SURFACE('',#4439,1.500000586493);
#4439 = AXIS2_PLACEMENT_3D('',#4440,#4441,#4442);
#4440 = CARTESIAN_POINT('',(222.07201058649,94.167475586493,0.));
#4441 = DIRECTION('',(0.,0.,-1.));
#4442 = DIRECTION('',(-3.909953331848E-07,-1.,-0.));
#4443 = ADVANCED_FACE('',(#4444),#4450,.F.);
#4444 = FACE_BOUND('',#4445,.T.);
#4445 = EDGE_LOOP('',(#4446,#4447,#4448,#4449));
#4446 = ORIENTED_EDGE('',*,*,#4432,.T.);
#4447 = ORIENTED_EDGE('',*,*,#2145,.T.);
#4448 = ORIENTED_EDGE('',*,*,#4413,.F.);
#4449 = ORIENTED_EDGE('',*,*,#299,.F.);
#4450 = CYLINDRICAL_SURFACE('',#4451,1.000009495719);
#4451 = AXIS2_PLACEMENT_3D('',#4452,#4453,#4454);
#4452 = CARTESIAN_POINT('',(219.57200050432,94.167465504326,0.));
#4453 = DIRECTION('',(-0.,-0.,-1.));
#4454 = DIRECTION('',(0.999999999955,9.495583512858E-06,-0.));
#4455 = ADVANCED_FACE('',(#4456),#4467,.F.);
#4456 = FACE_BOUND('',#4457,.T.);
#4457 = EDGE_LOOP('',(#4458,#4459,#4465,#4466));
#4458 = ORIENTED_EDGE('',*,*,#463,.T.);
#4459 = ORIENTED_EDGE('',*,*,#4460,.T.);
#4460 = EDGE_CURVE('',#464,#2310,#4461,.T.);
#4461 = LINE('',#4462,#4463);
#4462 = CARTESIAN_POINT('',(169.57201,96.829965,-4.6E-02));
#4463 = VECTOR('',#4464,1.);
#4464 = DIRECTION('',(0.,0.,1.));
#4465 = ORIENTED_EDGE('',*,*,#2309,.F.);
#4466 = ORIENTED_EDGE('',*,*,#4460,.F.);
#4467 = CYLINDRICAL_SURFACE('',#4468,1.5875);
#4468 = AXIS2_PLACEMENT_3D('',#4469,#4470,#4471);
#4469 = CARTESIAN_POINT('',(169.57201,98.417465,-4.6E-02));
#4470 = DIRECTION('',(-0.,-0.,-1.));
#4471 = DIRECTION('',(-0.,-1.,0.));
#4472 = ADVANCED_FACE('',(#4473),#4489,.F.);
#4473 = FACE_BOUND('',#4474,.T.);
#4474 = EDGE_LOOP('',(#4475,#4476,#4482,#4483));
#4475 = ORIENTED_EDGE('',*,*,#474,.T.);
#4476 = ORIENTED_EDGE('',*,*,#4477,.T.);
#4477 = EDGE_CURVE('',#477,#2323,#4478,.T.);
#4478 = LINE('',#4479,#4480);
#4479 = CARTESIAN_POINT('',(186.45851,102.295195,-4.6E-02));
#4480 = VECTOR('',#4481,1.);
#4481 = DIRECTION('',(0.,0.,1.));
#4482 = ORIENTED_EDGE('',*,*,#2320,.F.);
#4483 = ORIENTED_EDGE('',*,*,#4484,.F.);
#4484 = EDGE_CURVE('',#475,#2321,#4485,.T.);
#4485 = LINE('',#4486,#4487);
#4486 = CARTESIAN_POINT('',(186.45851,103.057195,-4.6E-02));
#4487 = VECTOR('',#4488,1.);
#4488 = DIRECTION('',(0.,0.,1.));
#4489 = CYLINDRICAL_SURFACE('',#4490,0.381);
#4490 = AXIS2_PLACEMENT_3D('',#4491,#4492,#4493);
#4491 = CARTESIAN_POINT('',(186.45851,102.676195,-4.6E-02));
#4492 = DIRECTION('',(-0.,-0.,-1.));
#4493 = DIRECTION('',(-0.,-1.,0.));
#4494 = ADVANCED_FACE('',(#4495),#4506,.T.);
#4495 = FACE_BOUND('',#4496,.T.);
#4496 = EDGE_LOOP('',(#4497,#4498,#4499,#4500));
#4497 = ORIENTED_EDGE('',*,*,#502,.T.);
#4498 = ORIENTED_EDGE('',*,*,#4484,.T.);
#4499 = ORIENTED_EDGE('',*,*,#2348,.F.);
#4500 = ORIENTED_EDGE('',*,*,#4501,.F.);
#4501 = EDGE_CURVE('',#494,#2340,#4502,.T.);
#4502 = LINE('',#4503,#4504);
#4503 = CARTESIAN_POINT('',(178.33051,103.057195,-4.6E-02));
#4504 = VECTOR('',#4505,1.);
#4505 = DIRECTION('',(0.,0.,1.));
#4506 = PLANE('',#4507);
#4507 = AXIS2_PLACEMENT_3D('',#4508,#4509,#4510);
#4508 = CARTESIAN_POINT('',(186.45851,103.057195,-4.6E-02));
#4509 = DIRECTION('',(0.,-1.,0.));
#4510 = DIRECTION('',(-1.,0.,0.));
#4511 = ADVANCED_FACE('',(#4512),#4523,.F.);
#4512 = FACE_BOUND('',#4513,.T.);
#4513 = EDGE_LOOP('',(#4514,#4515,#4516,#4517));
#4514 = ORIENTED_EDGE('',*,*,#493,.T.);
#4515 = ORIENTED_EDGE('',*,*,#4501,.T.);
#4516 = ORIENTED_EDGE('',*,*,#2339,.F.);
#4517 = ORIENTED_EDGE('',*,*,#4518,.F.);
#4518 = EDGE_CURVE('',#486,#2332,#4519,.T.);
#4519 = LINE('',#4520,#4521);
#4520 = CARTESIAN_POINT('',(178.33051,102.295195,-4.6E-02));
#4521 = VECTOR('',#4522,1.);
#4522 = DIRECTION('',(0.,0.,1.));
#4523 = CYLINDRICAL_SURFACE('',#4524,0.381);
#4524 = AXIS2_PLACEMENT_3D('',#4525,#4526,#4527);
#4525 = CARTESIAN_POINT('',(178.33051,102.676195,-4.6E-02));
#4526 = DIRECTION('',(-0.,0.,-1.));
#4527 = DIRECTION('',(0.,1.,0.));
#4528 = ADVANCED_FACE('',(#4529),#4535,.T.);
#4529 = FACE_BOUND('',#4530,.T.);
#4530 = EDGE_LOOP('',(#4531,#4532,#4533,#4534));
#4531 = ORIENTED_EDGE('',*,*,#485,.T.);
#4532 = ORIENTED_EDGE('',*,*,#4518,.T.);
#4533 = ORIENTED_EDGE('',*,*,#2331,.F.);
#4534 = ORIENTED_EDGE('',*,*,#4477,.F.);
#4535 = PLANE('',#4536);
#4536 = AXIS2_PLACEMENT_3D('',#4537,#4538,#4539);
#4537 = CARTESIAN_POINT('',(178.33051,102.295195,-4.6E-02));
#4538 = DIRECTION('',(0.,1.,0.));
#4539 = DIRECTION('',(1.,0.,0.));
#4540 = ADVANCED_FACE('',(#4541),#4552,.F.);
#4541 = FACE_BOUND('',#4542,.T.);
#4542 = EDGE_LOOP('',(#4543,#4544,#4550,#4551));
#4543 = ORIENTED_EDGE('',*,*,#510,.T.);
#4544 = ORIENTED_EDGE('',*,*,#4545,.T.);
#4545 = EDGE_CURVE('',#511,#2357,#4546,.T.);
#4546 = LINE('',#4547,#4548);
#4547 = CARTESIAN_POINT('',(167.24701,109.030005,-4.6E-02));
#4548 = VECTOR('',#4549,1.);
#4549 = DIRECTION('',(0.,0.,1.));
#4550 = ORIENTED_EDGE('',*,*,#2356,.F.);
#4551 = ORIENTED_EDGE('',*,*,#4545,.F.);
#4552 = CYLINDRICAL_SURFACE('',#4553,1.5875);
#4553 = AXIS2_PLACEMENT_3D('',#4554,#4555,#4556);
#4554 = CARTESIAN_POINT('',(167.24701,110.617505,-4.6E-02));
#4555 = DIRECTION('',(-0.,-0.,-1.));
#4556 = DIRECTION('',(-0.,-1.,0.));
#4557 = ADVANCED_FACE('',(#4558),#4574,.F.);
#4558 = FACE_BOUND('',#4559,.T.);
#4559 = EDGE_LOOP('',(#4560,#4561,#4567,#4568));
#4560 = ORIENTED_EDGE('',*,*,#521,.T.);
#4561 = ORIENTED_EDGE('',*,*,#4562,.T.);
#4562 = EDGE_CURVE('',#524,#2370,#4563,.T.);
#4563 = LINE('',#4564,#4565);
#4564 = CARTESIAN_POINT('',(203.51303,102.319475,-4.6E-02));
#4565 = VECTOR('',#4566,1.);
#4566 = DIRECTION('',(0.,0.,1.));
#4567 = ORIENTED_EDGE('',*,*,#2367,.F.);
#4568 = ORIENTED_EDGE('',*,*,#4569,.F.);
#4569 = EDGE_CURVE('',#522,#2368,#4570,.T.);
#4570 = LINE('',#4571,#4572);
#4571 = CARTESIAN_POINT('',(203.51303,103.081475,-4.6E-02));
#4572 = VECTOR('',#4573,1.);
#4573 = DIRECTION('',(0.,0.,1.));
#4574 = CYLINDRICAL_SURFACE('',#4575,0.381);
#4575 = AXIS2_PLACEMENT_3D('',#4576,#4577,#4578);
#4576 = CARTESIAN_POINT('',(203.51303,102.700475,-4.6E-02));
#4577 = DIRECTION('',(-0.,-0.,-1.));
#4578 = DIRECTION('',(-7.459766254699E-14,-1.,0.));
#4579 = ADVANCED_FACE('',(#4580),#4591,.T.);
#4580 = FACE_BOUND('',#4581,.T.);
#4581 = EDGE_LOOP('',(#4582,#4583,#4584,#4585));
#4582 = ORIENTED_EDGE('',*,*,#549,.T.);
#4583 = ORIENTED_EDGE('',*,*,#4569,.T.);
#4584 = ORIENTED_EDGE('',*,*,#2395,.F.);
#4585 = ORIENTED_EDGE('',*,*,#4586,.F.);
#4586 = EDGE_CURVE('',#541,#2387,#4587,.T.);
#4587 = LINE('',#4588,#4589);
#4588 = CARTESIAN_POINT('',(195.38503,103.081475,-4.6E-02));
#4589 = VECTOR('',#4590,1.);
#4590 = DIRECTION('',(0.,0.,1.));
#4591 = PLANE('',#4592);
#4592 = AXIS2_PLACEMENT_3D('',#4593,#4594,#4595);
#4593 = CARTESIAN_POINT('',(203.51303,103.081475,-4.6E-02));
#4594 = DIRECTION('',(0.,-1.,0.));
#4595 = DIRECTION('',(-1.,0.,0.));
#4596 = ADVANCED_FACE('',(#4597),#4608,.F.);
#4597 = FACE_BOUND('',#4598,.T.);
#4598 = EDGE_LOOP('',(#4599,#4600,#4601,#4602));
#4599 = ORIENTED_EDGE('',*,*,#540,.T.);
#4600 = ORIENTED_EDGE('',*,*,#4586,.T.);
#4601 = ORIENTED_EDGE('',*,*,#2386,.F.);
#4602 = ORIENTED_EDGE('',*,*,#4603,.F.);
#4603 = EDGE_CURVE('',#533,#2379,#4604,.T.);
#4604 = LINE('',#4605,#4606);
#4605 = CARTESIAN_POINT('',(195.38503,102.319475,-4.6E-02));
#4606 = VECTOR('',#4607,1.);
#4607 = DIRECTION('',(0.,0.,1.));
#4608 = CYLINDRICAL_SURFACE('',#4609,0.381);
#4609 = AXIS2_PLACEMENT_3D('',#4610,#4611,#4612);
#4610 = CARTESIAN_POINT('',(195.38503,102.700475,-4.6E-02));
#4611 = DIRECTION('',(-0.,-0.,-1.));
#4612 = DIRECTION('',(7.459766254699E-14,1.,-0.));
#4613 = ADVANCED_FACE('',(#4614),#4620,.T.);
#4614 = FACE_BOUND('',#4615,.T.);
#4615 = EDGE_LOOP('',(#4616,#4617,#4618,#4619));
#4616 = ORIENTED_EDGE('',*,*,#532,.T.);
#4617 = ORIENTED_EDGE('',*,*,#4603,.T.);
#4618 = ORIENTED_EDGE('',*,*,#2378,.F.);
#4619 = ORIENTED_EDGE('',*,*,#4562,.F.);
#4620 = PLANE('',#4621);
#4621 = AXIS2_PLACEMENT_3D('',#4622,#4623,#4624);
#4622 = CARTESIAN_POINT('',(195.38503,102.319475,-4.6E-02));
#4623 = DIRECTION('',(0.,1.,0.));
#4624 = DIRECTION('',(1.,0.,0.));
#4625 = ADVANCED_FACE('',(#4626),#4642,.F.);
#4626 = FACE_BOUND('',#4627,.T.);
#4627 = EDGE_LOOP('',(#4628,#4629,#4635,#4636));
#4628 = ORIENTED_EDGE('',*,*,#557,.T.);
#4629 = ORIENTED_EDGE('',*,*,#4630,.T.);
#4630 = EDGE_CURVE('',#560,#2406,#4631,.T.);
#4631 = LINE('',#4632,#4633);
#4632 = CARTESIAN_POINT('',(223.38604,102.446475,-4.6E-02));
#4633 = VECTOR('',#4634,1.);
#4634 = DIRECTION('',(0.,0.,1.));
#4635 = ORIENTED_EDGE('',*,*,#2403,.F.);
#4636 = ORIENTED_EDGE('',*,*,#4637,.F.);
#4637 = EDGE_CURVE('',#558,#2404,#4638,.T.);
#4638 = LINE('',#4639,#4640);
#4639 = CARTESIAN_POINT('',(223.38604,103.208475,-4.6E-02));
#4640 = VECTOR('',#4641,1.);
#4641 = DIRECTION('',(0.,0.,1.));
#4642 = CYLINDRICAL_SURFACE('',#4643,0.381);
#4643 = AXIS2_PLACEMENT_3D('',#4644,#4645,#4646);
#4644 = CARTESIAN_POINT('',(223.38604,102.827475,-4.6E-02));
#4645 = DIRECTION('',(-0.,-0.,-1.));
#4646 = DIRECTION('',(-7.459766254699E-14,-1.,0.));
#4647 = ADVANCED_FACE('',(#4648),#4659,.T.);
#4648 = FACE_BOUND('',#4649,.T.);
#4649 = EDGE_LOOP('',(#4650,#4651,#4652,#4653));
#4650 = ORIENTED_EDGE('',*,*,#585,.T.);
#4651 = ORIENTED_EDGE('',*,*,#4637,.T.);
#4652 = ORIENTED_EDGE('',*,*,#2431,.F.);
#4653 = ORIENTED_EDGE('',*,*,#4654,.F.);
#4654 = EDGE_CURVE('',#577,#2423,#4655,.T.);
#4655 = LINE('',#4656,#4657);
#4656 = CARTESIAN_POINT('',(215.25804,103.208475,-4.6E-02));
#4657 = VECTOR('',#4658,1.);
#4658 = DIRECTION('',(0.,0.,1.));
#4659 = PLANE('',#4660);
#4660 = AXIS2_PLACEMENT_3D('',#4661,#4662,#4663);
#4661 = CARTESIAN_POINT('',(223.38604,103.208475,-4.6E-02));
#4662 = DIRECTION('',(0.,-1.,0.));
#4663 = DIRECTION('',(-1.,0.,0.));
#4664 = ADVANCED_FACE('',(#4665),#4676,.F.);
#4665 = FACE_BOUND('',#4666,.T.);
#4666 = EDGE_LOOP('',(#4667,#4668,#4669,#4670));
#4667 = ORIENTED_EDGE('',*,*,#576,.T.);
#4668 = ORIENTED_EDGE('',*,*,#4654,.T.);
#4669 = ORIENTED_EDGE('',*,*,#2422,.F.);
#4670 = ORIENTED_EDGE('',*,*,#4671,.F.);
#4671 = EDGE_CURVE('',#569,#2415,#4672,.T.);
#4672 = LINE('',#4673,#4674);
#4673 = CARTESIAN_POINT('',(215.25804,102.446475,-4.6E-02));
#4674 = VECTOR('',#4675,1.);
#4675 = DIRECTION('',(0.,0.,1.));
#4676 = CYLINDRICAL_SURFACE('',#4677,0.381);
#4677 = AXIS2_PLACEMENT_3D('',#4678,#4679,#4680);
#4678 = CARTESIAN_POINT('',(215.25804,102.827475,-4.6E-02));
#4679 = DIRECTION('',(-0.,0.,-1.));
#4680 = DIRECTION('',(0.,1.,0.));
#4681 = ADVANCED_FACE('',(#4682),#4688,.T.);
#4682 = FACE_BOUND('',#4683,.T.);
#4683 = EDGE_LOOP('',(#4684,#4685,#4686,#4687));
#4684 = ORIENTED_EDGE('',*,*,#568,.T.);
#4685 = ORIENTED_EDGE('',*,*,#4671,.T.);
#4686 = ORIENTED_EDGE('',*,*,#2414,.F.);
#4687 = ORIENTED_EDGE('',*,*,#4630,.F.);
#4688 = PLANE('',#4689);
#4689 = AXIS2_PLACEMENT_3D('',#4690,#4691,#4692);
#4690 = CARTESIAN_POINT('',(215.25804,102.446475,-4.6E-02));
#4691 = DIRECTION('',(0.,1.,0.));
#4692 = DIRECTION('',(1.,0.,0.));
#4693 = ADVANCED_FACE('',(#4694),#4710,.F.);
#4694 = FACE_BOUND('',#4695,.T.);
#4695 = EDGE_LOOP('',(#4696,#4697,#4703,#4704));
#4696 = ORIENTED_EDGE('',*,*,#593,.T.);
#4697 = ORIENTED_EDGE('',*,*,#4698,.T.);
#4698 = EDGE_CURVE('',#596,#2442,#4699,.T.);
#4699 = LINE('',#4700,#4701);
#4700 = CARTESIAN_POINT('',(242.6235,102.446475,-4.6E-02));
#4701 = VECTOR('',#4702,1.);
#4702 = DIRECTION('',(0.,0.,1.));
#4703 = ORIENTED_EDGE('',*,*,#2439,.F.);
#4704 = ORIENTED_EDGE('',*,*,#4705,.F.);
#4705 = EDGE_CURVE('',#594,#2440,#4706,.T.);
#4706 = LINE('',#4707,#4708);
#4707 = CARTESIAN_POINT('',(242.6235,103.208475,-4.6E-02));
#4708 = VECTOR('',#4709,1.);
#4709 = DIRECTION('',(0.,0.,1.));
#4710 = CYLINDRICAL_SURFACE('',#4711,0.381);
#4711 = AXIS2_PLACEMENT_3D('',#4712,#4713,#4714);
#4712 = CARTESIAN_POINT('',(242.6235,102.827475,-4.6E-02));
#4713 = DIRECTION('',(-0.,-0.,-1.));
#4714 = DIRECTION('',(-7.459766254699E-14,-1.,0.));
#4715 = ADVANCED_FACE('',(#4716),#4727,.T.);
#4716 = FACE_BOUND('',#4717,.T.);
#4717 = EDGE_LOOP('',(#4718,#4719,#4720,#4721));
#4718 = ORIENTED_EDGE('',*,*,#621,.T.);
#4719 = ORIENTED_EDGE('',*,*,#4705,.T.);
#4720 = ORIENTED_EDGE('',*,*,#2467,.F.);
#4721 = ORIENTED_EDGE('',*,*,#4722,.F.);
#4722 = EDGE_CURVE('',#613,#2459,#4723,.T.);
#4723 = LINE('',#4724,#4725);
#4724 = CARTESIAN_POINT('',(234.4955,103.208475,-4.6E-02));
#4725 = VECTOR('',#4726,1.);
#4726 = DIRECTION('',(0.,0.,1.));
#4727 = PLANE('',#4728);
#4728 = AXIS2_PLACEMENT_3D('',#4729,#4730,#4731);
#4729 = CARTESIAN_POINT('',(242.6235,103.208475,-4.6E-02));
#4730 = DIRECTION('',(0.,-1.,0.));
#4731 = DIRECTION('',(-1.,0.,0.));
#4732 = ADVANCED_FACE('',(#4733),#4744,.F.);
#4733 = FACE_BOUND('',#4734,.T.);
#4734 = EDGE_LOOP('',(#4735,#4736,#4737,#4738));
#4735 = ORIENTED_EDGE('',*,*,#612,.T.);
#4736 = ORIENTED_EDGE('',*,*,#4722,.T.);
#4737 = ORIENTED_EDGE('',*,*,#2458,.F.);
#4738 = ORIENTED_EDGE('',*,*,#4739,.F.);
#4739 = EDGE_CURVE('',#605,#2451,#4740,.T.);
#4740 = LINE('',#4741,#4742);
#4741 = CARTESIAN_POINT('',(234.4955,102.446475,-4.6E-02));
#4742 = VECTOR('',#4743,1.);
#4743 = DIRECTION('',(0.,0.,1.));
#4744 = CYLINDRICAL_SURFACE('',#4745,0.381);
#4745 = AXIS2_PLACEMENT_3D('',#4746,#4747,#4748);
#4746 = CARTESIAN_POINT('',(234.4955,102.827475,-4.6E-02));
#4747 = DIRECTION('',(-0.,0.,-1.));
#4748 = DIRECTION('',(0.,1.,0.));
#4749 = ADVANCED_FACE('',(#4750),#4756,.T.);
#4750 = FACE_BOUND('',#4751,.T.);
#4751 = EDGE_LOOP('',(#4752,#4753,#4754,#4755));
#4752 = ORIENTED_EDGE('',*,*,#604,.T.);
#4753 = ORIENTED_EDGE('',*,*,#4739,.T.);
#4754 = ORIENTED_EDGE('',*,*,#2450,.F.);
#4755 = ORIENTED_EDGE('',*,*,#4698,.F.);
#4756 = PLANE('',#4757);
#4757 = AXIS2_PLACEMENT_3D('',#4758,#4759,#4760);
#4758 = CARTESIAN_POINT('',(234.4955,102.446475,-4.6E-02));
#4759 = DIRECTION('',(0.,1.,0.));
#4760 = DIRECTION('',(1.,0.,0.));
#4761 = ADVANCED_FACE('',(#4762),#4773,.F.);
#4762 = FACE_BOUND('',#4763,.T.);
#4763 = EDGE_LOOP('',(#4764,#4765,#4771,#4772));
#4764 = ORIENTED_EDGE('',*,*,#629,.T.);
#4765 = ORIENTED_EDGE('',*,*,#4766,.T.);
#4766 = EDGE_CURVE('',#630,#2476,#4767,.T.);
#4767 = LINE('',#4768,#4769);
#4768 = CARTESIAN_POINT('',(248.822,96.329995,-4.6E-02));
#4769 = VECTOR('',#4770,1.);
#4770 = DIRECTION('',(0.,0.,1.));
#4771 = ORIENTED_EDGE('',*,*,#2475,.F.);
#4772 = ORIENTED_EDGE('',*,*,#4766,.F.);
#4773 = CYLINDRICAL_SURFACE('',#4774,1.5875);
#4774 = AXIS2_PLACEMENT_3D('',#4775,#4776,#4777);
#4775 = CARTESIAN_POINT('',(248.822,97.917495,-4.6E-02));
#4776 = DIRECTION('',(-0.,-0.,-1.));
#4777 = DIRECTION('',(-0.,-1.,0.));
#4778 = ADVANCED_FACE('',(#4779),#4790,.F.);
#4779 = FACE_BOUND('',#4780,.T.);
#4780 = EDGE_LOOP('',(#4781,#4782,#4788,#4789));
#4781 = ORIENTED_EDGE('',*,*,#640,.T.);
#4782 = ORIENTED_EDGE('',*,*,#4783,.T.);
#4783 = EDGE_CURVE('',#641,#2487,#4784,.T.);
#4784 = LINE('',#4785,#4786);
#4785 = CARTESIAN_POINT('',(251.14702,109.030005,-4.6E-02));
#4786 = VECTOR('',#4787,1.);
#4787 = DIRECTION('',(0.,0.,1.));
#4788 = ORIENTED_EDGE('',*,*,#2486,.F.);
#4789 = ORIENTED_EDGE('',*,*,#4783,.F.);
#4790 = CYLINDRICAL_SURFACE('',#4791,1.5875);
#4791 = AXIS2_PLACEMENT_3D('',#4792,#4793,#4794);
#4792 = CARTESIAN_POINT('',(251.14702,110.617505,-4.6E-02));
#4793 = DIRECTION('',(-0.,-0.,-1.));
#4794 = DIRECTION('',(-0.,-1.,0.));
#4795 = ADVANCED_FACE('',(#4796),#4807,.F.);
#4796 = FACE_BOUND('',#4797,.T.);
#4797 = EDGE_LOOP('',(#4798,#4799,#4805,#4806));
#4798 = ORIENTED_EDGE('',*,*,#651,.T.);
#4799 = ORIENTED_EDGE('',*,*,#4800,.T.);
#4800 = EDGE_CURVE('',#652,#2498,#4801,.T.);
#4801 = LINE('',#4802,#4803);
#4802 = CARTESIAN_POINT('',(167.24701,168.379895,-4.6E-02));
#4803 = VECTOR('',#4804,1.);
#4804 = DIRECTION('',(0.,0.,1.));
#4805 = ORIENTED_EDGE('',*,*,#2497,.F.);
#4806 = ORIENTED_EDGE('',*,*,#4800,.F.);
#4807 = CYLINDRICAL_SURFACE('',#4808,1.5875);
#4808 = AXIS2_PLACEMENT_3D('',#4809,#4810,#4811);
#4809 = CARTESIAN_POINT('',(167.24701,169.967395,-4.6E-02));
#4810 = DIRECTION('',(-0.,-0.,-1.));
#4811 = DIRECTION('',(-0.,-1.,0.));
#4812 = ADVANCED_FACE('',(#4813),#4829,.F.);
#4813 = FACE_BOUND('',#4814,.T.);
#4814 = EDGE_LOOP('',(#4815,#4816,#4822,#4823));
#4815 = ORIENTED_EDGE('',*,*,#662,.T.);
#4816 = ORIENTED_EDGE('',*,*,#4817,.T.);
#4817 = EDGE_CURVE('',#665,#2511,#4818,.T.);
#4818 = LINE('',#4819,#4820);
#4819 = CARTESIAN_POINT('',(183.38602,171.545685,-4.6E-02));
#4820 = VECTOR('',#4821,1.);
#4821 = DIRECTION('',(0.,0.,1.));
#4822 = ORIENTED_EDGE('',*,*,#2508,.F.);
#4823 = ORIENTED_EDGE('',*,*,#4824,.F.);
#4824 = EDGE_CURVE('',#663,#2509,#4825,.T.);
#4825 = LINE('',#4826,#4827);
#4826 = CARTESIAN_POINT('',(183.38602,172.307685,-4.6E-02));
#4827 = VECTOR('',#4828,1.);
#4828 = DIRECTION('',(0.,0.,1.));
#4829 = CYLINDRICAL_SURFACE('',#4830,0.381);
#4830 = AXIS2_PLACEMENT_3D('',#4831,#4832,#4833);
#4831 = CARTESIAN_POINT('',(183.38602,171.926685,-4.6E-02));
#4832 = DIRECTION('',(-0.,-0.,-1.));
#4833 = DIRECTION('',(-0.,-1.,0.));
#4834 = ADVANCED_FACE('',(#4835),#4846,.T.);
#4835 = FACE_BOUND('',#4836,.T.);
#4836 = EDGE_LOOP('',(#4837,#4838,#4839,#4840));
#4837 = ORIENTED_EDGE('',*,*,#690,.T.);
#4838 = ORIENTED_EDGE('',*,*,#4824,.T.);
#4839 = ORIENTED_EDGE('',*,*,#2536,.F.);
#4840 = ORIENTED_EDGE('',*,*,#4841,.F.);
#4841 = EDGE_CURVE('',#682,#2528,#4842,.T.);
#4842 = LINE('',#4843,#4844);
#4843 = CARTESIAN_POINT('',(175.25802,172.307685,-4.6E-02));
#4844 = VECTOR('',#4845,1.);
#4845 = DIRECTION('',(0.,0.,1.));
#4846 = PLANE('',#4847);
#4847 = AXIS2_PLACEMENT_3D('',#4848,#4849,#4850);
#4848 = CARTESIAN_POINT('',(183.38602,172.307685,-4.6E-02));
#4849 = DIRECTION('',(0.,-1.,0.));
#4850 = DIRECTION('',(-1.,0.,0.));
#4851 = ADVANCED_FACE('',(#4852),#4863,.F.);
#4852 = FACE_BOUND('',#4853,.T.);
#4853 = EDGE_LOOP('',(#4854,#4855,#4856,#4857));
#4854 = ORIENTED_EDGE('',*,*,#681,.T.);
#4855 = ORIENTED_EDGE('',*,*,#4841,.T.);
#4856 = ORIENTED_EDGE('',*,*,#2527,.F.);
#4857 = ORIENTED_EDGE('',*,*,#4858,.F.);
#4858 = EDGE_CURVE('',#674,#2520,#4859,.T.);
#4859 = LINE('',#4860,#4861);
#4860 = CARTESIAN_POINT('',(175.25802,171.545685,-4.6E-02));
#4861 = VECTOR('',#4862,1.);
#4862 = DIRECTION('',(0.,0.,1.));
#4863 = CYLINDRICAL_SURFACE('',#4864,0.381);
#4864 = AXIS2_PLACEMENT_3D('',#4865,#4866,#4867);
#4865 = CARTESIAN_POINT('',(175.25802,171.926685,-4.6E-02));
#4866 = DIRECTION('',(-0.,-0.,-1.));
#4867 = DIRECTION('',(-7.459766254699E-14,1.,0.));
#4868 = ADVANCED_FACE('',(#4869),#4875,.T.);
#4869 = FACE_BOUND('',#4870,.T.);
#4870 = EDGE_LOOP('',(#4871,#4872,#4873,#4874));
#4871 = ORIENTED_EDGE('',*,*,#673,.T.);
#4872 = ORIENTED_EDGE('',*,*,#4858,.T.);
#4873 = ORIENTED_EDGE('',*,*,#2519,.F.);
#4874 = ORIENTED_EDGE('',*,*,#4817,.F.);
#4875 = PLANE('',#4876);
#4876 = AXIS2_PLACEMENT_3D('',#4877,#4878,#4879);
#4877 = CARTESIAN_POINT('',(175.25802,171.545685,-4.6E-02));
#4878 = DIRECTION('',(0.,1.,0.));
#4879 = DIRECTION('',(1.,0.,0.));
#4880 = ADVANCED_FACE('',(#4881),#4892,.F.);
#4881 = FACE_BOUND('',#4882,.T.);
#4882 = EDGE_LOOP('',(#4883,#4884,#4890,#4891));
#4883 = ORIENTED_EDGE('',*,*,#698,.T.);
#4884 = ORIENTED_EDGE('',*,*,#4885,.T.);
#4885 = EDGE_CURVE('',#699,#2545,#4886,.T.);
#4886 = LINE('',#4887,#4888);
#4887 = CARTESIAN_POINT('',(173.32202,181.079985,-4.6E-02));
#4888 = VECTOR('',#4889,1.);
#4889 = DIRECTION('',(0.,0.,1.));
#4890 = ORIENTED_EDGE('',*,*,#2544,.F.);
#4891 = ORIENTED_EDGE('',*,*,#4885,.F.);
#4892 = CYLINDRICAL_SURFACE('',#4893,1.5875);
#4893 = AXIS2_PLACEMENT_3D('',#4894,#4895,#4896);
#4894 = CARTESIAN_POINT('',(173.32202,182.667485,-4.6E-02));
#4895 = DIRECTION('',(-0.,-0.,-1.));
#4896 = DIRECTION('',(-0.,-1.,0.));
#4897 = ADVANCED_FACE('',(#4898),#4909,.F.);
#4898 = FACE_BOUND('',#4899,.T.);
#4899 = EDGE_LOOP('',(#4900,#4901,#4907,#4908));
#4900 = ORIENTED_EDGE('',*,*,#709,.T.);
#4901 = ORIENTED_EDGE('',*,*,#4902,.T.);
#4902 = EDGE_CURVE('',#710,#2556,#4903,.T.);
#4903 = LINE('',#4904,#4905);
#4904 = CARTESIAN_POINT('',(177.66101,175.139475,-4.6E-02));
#4905 = VECTOR('',#4906,1.);
#4906 = DIRECTION('',(0.,0.,1.));
#4907 = ORIENTED_EDGE('',*,*,#2555,.F.);
#4908 = ORIENTED_EDGE('',*,*,#4902,.F.);
#4909 = CYLINDRICAL_SURFACE('',#4910,0.51);
#4910 = AXIS2_PLACEMENT_3D('',#4911,#4912,#4913);
#4911 = CARTESIAN_POINT('',(177.66101,175.649475,-4.6E-02));
#4912 = DIRECTION('',(-0.,-0.,-1.));
#4913 = DIRECTION('',(-0.,-1.,0.));
#4914 = ADVANCED_FACE('',(#4915),#4926,.F.);
#4915 = FACE_BOUND('',#4916,.T.);
#4916 = EDGE_LOOP('',(#4917,#4918,#4924,#4925));
#4917 = ORIENTED_EDGE('',*,*,#720,.T.);
#4918 = ORIENTED_EDGE('',*,*,#4919,.T.);
#4919 = EDGE_CURVE('',#721,#2567,#4920,.T.);
#4920 = LINE('',#4921,#4922);
#4921 = CARTESIAN_POINT('',(180.20101,175.139475,-4.6E-02));
#4922 = VECTOR('',#4923,1.);
#4923 = DIRECTION('',(0.,0.,1.));
#4924 = ORIENTED_EDGE('',*,*,#2566,.F.);
#4925 = ORIENTED_EDGE('',*,*,#4919,.F.);
#4926 = CYLINDRICAL_SURFACE('',#4927,0.51);
#4927 = AXIS2_PLACEMENT_3D('',#4928,#4929,#4930);
#4928 = CARTESIAN_POINT('',(180.20101,175.649475,-4.6E-02));
#4929 = DIRECTION('',(-0.,-0.,-1.));
#4930 = DIRECTION('',(-0.,-1.,0.));
#4931 = ADVANCED_FACE('',(#4932),#4943,.F.);
#4932 = FACE_BOUND('',#4933,.T.);
#4933 = EDGE_LOOP('',(#4934,#4935,#4941,#4942));
#4934 = ORIENTED_EDGE('',*,*,#731,.T.);
#4935 = ORIENTED_EDGE('',*,*,#4936,.T.);
#4936 = EDGE_CURVE('',#732,#2578,#4937,.T.);
#4937 = LINE('',#4938,#4939);
#4938 = CARTESIAN_POINT('',(177.66101,177.679475,-4.6E-02));
#4939 = VECTOR('',#4940,1.);
#4940 = DIRECTION('',(0.,0.,1.));
#4941 = ORIENTED_EDGE('',*,*,#2577,.F.);
#4942 = ORIENTED_EDGE('',*,*,#4936,.F.);
#4943 = CYLINDRICAL_SURFACE('',#4944,0.51);
#4944 = AXIS2_PLACEMENT_3D('',#4945,#4946,#4947);
#4945 = CARTESIAN_POINT('',(177.66101,178.189475,-4.6E-02));
#4946 = DIRECTION('',(-0.,-0.,-1.));
#4947 = DIRECTION('',(-0.,-1.,0.));
#4948 = ADVANCED_FACE('',(#4949),#4960,.F.);
#4949 = FACE_BOUND('',#4950,.T.);
#4950 = EDGE_LOOP('',(#4951,#4952,#4958,#4959));
#4951 = ORIENTED_EDGE('',*,*,#742,.T.);
#4952 = ORIENTED_EDGE('',*,*,#4953,.T.);
#4953 = EDGE_CURVE('',#743,#2589,#4954,.T.);
#4954 = LINE('',#4955,#4956);
#4955 = CARTESIAN_POINT('',(180.20101,177.679475,-4.6E-02));
#4956 = VECTOR('',#4957,1.);
#4957 = DIRECTION('',(0.,0.,1.));
#4958 = ORIENTED_EDGE('',*,*,#2588,.F.);
#4959 = ORIENTED_EDGE('',*,*,#4953,.F.);
#4960 = CYLINDRICAL_SURFACE('',#4961,0.51);
#4961 = AXIS2_PLACEMENT_3D('',#4962,#4963,#4964);
#4962 = CARTESIAN_POINT('',(180.20101,178.189475,-4.6E-02));
#4963 = DIRECTION('',(-0.,-0.,-1.));
#4964 = DIRECTION('',(-0.,-1.,0.));
#4965 = ADVANCED_FACE('',(#4966),#4977,.F.);
#4966 = FACE_BOUND('',#4967,.T.);
#4967 = EDGE_LOOP('',(#4968,#4969,#4975,#4976));
#4968 = ORIENTED_EDGE('',*,*,#753,.T.);
#4969 = ORIENTED_EDGE('',*,*,#4970,.T.);
#4970 = EDGE_CURVE('',#754,#2600,#4971,.T.);
#4971 = LINE('',#4972,#4973);
#4972 = CARTESIAN_POINT('',(182.74101,175.139475,-4.6E-02));
#4973 = VECTOR('',#4974,1.);
#4974 = DIRECTION('',(0.,0.,1.));
#4975 = ORIENTED_EDGE('',*,*,#2599,.F.);
#4976 = ORIENTED_EDGE('',*,*,#4970,.F.);
#4977 = CYLINDRICAL_SURFACE('',#4978,0.51);
#4978 = AXIS2_PLACEMENT_3D('',#4979,#4980,#4981);
#4979 = CARTESIAN_POINT('',(182.74101,175.649475,-4.6E-02));
#4980 = DIRECTION('',(-0.,-0.,-1.));
#4981 = DIRECTION('',(-5.57288420204E-14,-1.,0.));
#4982 = ADVANCED_FACE('',(#4983),#4994,.F.);
#4983 = FACE_BOUND('',#4984,.T.);
#4984 = EDGE_LOOP('',(#4985,#4986,#4992,#4993));
#4985 = ORIENTED_EDGE('',*,*,#764,.T.);
#4986 = ORIENTED_EDGE('',*,*,#4987,.T.);
#4987 = EDGE_CURVE('',#765,#2611,#4988,.T.);
#4988 = LINE('',#4989,#4990);
#4989 = CARTESIAN_POINT('',(185.28101,175.139475,-4.6E-02));
#4990 = VECTOR('',#4991,1.);
#4991 = DIRECTION('',(0.,0.,1.));
#4992 = ORIENTED_EDGE('',*,*,#2610,.F.);
#4993 = ORIENTED_EDGE('',*,*,#4987,.F.);
#4994 = CYLINDRICAL_SURFACE('',#4995,0.51);
#4995 = AXIS2_PLACEMENT_3D('',#4996,#4997,#4998);
#4996 = CARTESIAN_POINT('',(185.28101,175.649475,-4.6E-02));
#4997 = DIRECTION('',(-0.,0.,-1.));
#4998 = DIRECTION('',(5.57288420204E-14,-1.,-0.));
#4999 = ADVANCED_FACE('',(#5000),#5011,.F.);
#5000 = FACE_BOUND('',#5001,.T.);
#5001 = EDGE_LOOP('',(#5002,#5003,#5009,#5010));
#5002 = ORIENTED_EDGE('',*,*,#775,.T.);
#5003 = ORIENTED_EDGE('',*,*,#5004,.T.);
#5004 = EDGE_CURVE('',#776,#2622,#5005,.T.);
#5005 = LINE('',#5006,#5007);
#5006 = CARTESIAN_POINT('',(182.74101,177.679475,-4.6E-02));
#5007 = VECTOR('',#5008,1.);
#5008 = DIRECTION('',(0.,0.,1.));
#5009 = ORIENTED_EDGE('',*,*,#2621,.F.);
#5010 = ORIENTED_EDGE('',*,*,#5004,.F.);
#5011 = CYLINDRICAL_SURFACE('',#5012,0.51);
#5012 = AXIS2_PLACEMENT_3D('',#5013,#5014,#5015);
#5013 = CARTESIAN_POINT('',(182.74101,178.189475,-4.6E-02));
#5014 = DIRECTION('',(-0.,-0.,-1.));
#5015 = DIRECTION('',(-5.57288420204E-14,-1.,0.));
#5016 = ADVANCED_FACE('',(#5017),#5028,.F.);
#5017 = FACE_BOUND('',#5018,.T.);
#5018 = EDGE_LOOP('',(#5019,#5020,#5026,#5027));
#5019 = ORIENTED_EDGE('',*,*,#786,.T.);
#5020 = ORIENTED_EDGE('',*,*,#5021,.T.);
#5021 = EDGE_CURVE('',#787,#2633,#5022,.T.);
#5022 = LINE('',#5023,#5024);
#5023 = CARTESIAN_POINT('',(185.28101,177.679475,-4.6E-02));
#5024 = VECTOR('',#5025,1.);
#5025 = DIRECTION('',(0.,0.,1.));
#5026 = ORIENTED_EDGE('',*,*,#2632,.F.);
#5027 = ORIENTED_EDGE('',*,*,#5021,.F.);
#5028 = CYLINDRICAL_SURFACE('',#5029,0.51);
#5029 = AXIS2_PLACEMENT_3D('',#5030,#5031,#5032);
#5030 = CARTESIAN_POINT('',(185.28101,178.189475,-4.6E-02));
#5031 = DIRECTION('',(-0.,0.,-1.));
#5032 = DIRECTION('',(5.57288420204E-14,-1.,-0.));
#5033 = ADVANCED_FACE('',(#5034),#5045,.F.);
#5034 = FACE_BOUND('',#5035,.T.);
#5035 = EDGE_LOOP('',(#5036,#5037,#5043,#5044));
#5036 = ORIENTED_EDGE('',*,*,#797,.T.);
#5037 = ORIENTED_EDGE('',*,*,#5038,.T.);
#5038 = EDGE_CURVE('',#798,#2644,#5039,.T.);
#5039 = LINE('',#5040,#5041);
#5040 = CARTESIAN_POINT('',(177.66101,180.665445,-4.6E-02));
#5041 = VECTOR('',#5042,1.);
#5042 = DIRECTION('',(0.,0.,1.));
#5043 = ORIENTED_EDGE('',*,*,#2643,.F.);
#5044 = ORIENTED_EDGE('',*,*,#5038,.F.);
#5045 = CYLINDRICAL_SURFACE('',#5046,0.51);
#5046 = AXIS2_PLACEMENT_3D('',#5047,#5048,#5049);
#5047 = CARTESIAN_POINT('',(177.66101,181.175445,-4.6E-02));
#5048 = DIRECTION('',(-0.,-0.,-1.));
#5049 = DIRECTION('',(-0.,-1.,0.));
#5050 = ADVANCED_FACE('',(#5051),#5062,.F.);
#5051 = FACE_BOUND('',#5052,.T.);
#5052 = EDGE_LOOP('',(#5053,#5054,#5060,#5061));
#5053 = ORIENTED_EDGE('',*,*,#808,.T.);
#5054 = ORIENTED_EDGE('',*,*,#5055,.T.);
#5055 = EDGE_CURVE('',#809,#2655,#5056,.T.);
#5056 = LINE('',#5057,#5058);
#5057 = CARTESIAN_POINT('',(180.20101,180.665445,-4.6E-02));
#5058 = VECTOR('',#5059,1.);
#5059 = DIRECTION('',(0.,0.,1.));
#5060 = ORIENTED_EDGE('',*,*,#2654,.F.);
#5061 = ORIENTED_EDGE('',*,*,#5055,.F.);
#5062 = CYLINDRICAL_SURFACE('',#5063,0.51);
#5063 = AXIS2_PLACEMENT_3D('',#5064,#5065,#5066);
#5064 = CARTESIAN_POINT('',(180.20101,181.175445,-4.6E-02));
#5065 = DIRECTION('',(-0.,-0.,-1.));
#5066 = DIRECTION('',(-0.,-1.,0.));
#5067 = ADVANCED_FACE('',(#5068),#5079,.F.);
#5068 = FACE_BOUND('',#5069,.T.);
#5069 = EDGE_LOOP('',(#5070,#5071,#5077,#5078));
#5070 = ORIENTED_EDGE('',*,*,#819,.T.);
#5071 = ORIENTED_EDGE('',*,*,#5072,.T.);
#5072 = EDGE_CURVE('',#820,#2666,#5073,.T.);
#5073 = LINE('',#5074,#5075);
#5074 = CARTESIAN_POINT('',(177.66101,183.205445,-4.6E-02));
#5075 = VECTOR('',#5076,1.);
#5076 = DIRECTION('',(0.,0.,1.));
#5077 = ORIENTED_EDGE('',*,*,#2665,.F.);
#5078 = ORIENTED_EDGE('',*,*,#5072,.F.);
#5079 = CYLINDRICAL_SURFACE('',#5080,0.51);
#5080 = AXIS2_PLACEMENT_3D('',#5081,#5082,#5083);
#5081 = CARTESIAN_POINT('',(177.66101,183.715445,-4.6E-02));
#5082 = DIRECTION('',(-0.,-0.,-1.));
#5083 = DIRECTION('',(-0.,-1.,0.));
#5084 = ADVANCED_FACE('',(#5085),#5096,.F.);
#5085 = FACE_BOUND('',#5086,.T.);
#5086 = EDGE_LOOP('',(#5087,#5088,#5094,#5095));
#5087 = ORIENTED_EDGE('',*,*,#830,.T.);
#5088 = ORIENTED_EDGE('',*,*,#5089,.T.);
#5089 = EDGE_CURVE('',#831,#2677,#5090,.T.);
#5090 = LINE('',#5091,#5092);
#5091 = CARTESIAN_POINT('',(180.20101,183.205445,-4.6E-02));
#5092 = VECTOR('',#5093,1.);
#5093 = DIRECTION('',(0.,0.,1.));
#5094 = ORIENTED_EDGE('',*,*,#2676,.F.);
#5095 = ORIENTED_EDGE('',*,*,#5089,.F.);
#5096 = CYLINDRICAL_SURFACE('',#5097,0.51);
#5097 = AXIS2_PLACEMENT_3D('',#5098,#5099,#5100);
#5098 = CARTESIAN_POINT('',(180.20101,183.715445,-4.6E-02));
#5099 = DIRECTION('',(-0.,-0.,-1.));
#5100 = DIRECTION('',(-0.,-1.,0.));
#5101 = ADVANCED_FACE('',(#5102),#5113,.F.);
#5102 = FACE_BOUND('',#5103,.T.);
#5103 = EDGE_LOOP('',(#5104,#5105,#5111,#5112));
#5104 = ORIENTED_EDGE('',*,*,#841,.T.);
#5105 = ORIENTED_EDGE('',*,*,#5106,.T.);
#5106 = EDGE_CURVE('',#842,#2688,#5107,.T.);
#5107 = LINE('',#5108,#5109);
#5108 = CARTESIAN_POINT('',(182.74101,180.665445,-4.6E-02));
#5109 = VECTOR('',#5110,1.);
#5110 = DIRECTION('',(0.,0.,1.));
#5111 = ORIENTED_EDGE('',*,*,#2687,.F.);
#5112 = ORIENTED_EDGE('',*,*,#5106,.F.);
#5113 = CYLINDRICAL_SURFACE('',#5114,0.51);
#5114 = AXIS2_PLACEMENT_3D('',#5115,#5116,#5117);
#5115 = CARTESIAN_POINT('',(182.74101,181.175445,-4.6E-02));
#5116 = DIRECTION('',(-0.,-0.,-1.));
#5117 = DIRECTION('',(-5.57288420204E-14,-1.,0.));
#5118 = ADVANCED_FACE('',(#5119),#5130,.F.);
#5119 = FACE_BOUND('',#5120,.T.);
#5120 = EDGE_LOOP('',(#5121,#5122,#5128,#5129));
#5121 = ORIENTED_EDGE('',*,*,#852,.T.);
#5122 = ORIENTED_EDGE('',*,*,#5123,.T.);
#5123 = EDGE_CURVE('',#853,#2699,#5124,.T.);
#5124 = LINE('',#5125,#5126);
#5125 = CARTESIAN_POINT('',(185.28101,180.665445,-4.6E-02));
#5126 = VECTOR('',#5127,1.);
#5127 = DIRECTION('',(0.,0.,1.));
#5128 = ORIENTED_EDGE('',*,*,#2698,.F.);
#5129 = ORIENTED_EDGE('',*,*,#5123,.F.);
#5130 = CYLINDRICAL_SURFACE('',#5131,0.51);
#5131 = AXIS2_PLACEMENT_3D('',#5132,#5133,#5134);
#5132 = CARTESIAN_POINT('',(185.28101,181.175445,-4.6E-02));
#5133 = DIRECTION('',(-0.,0.,-1.));
#5134 = DIRECTION('',(5.57288420204E-14,-1.,-0.));
#5135 = ADVANCED_FACE('',(#5136),#5147,.F.);
#5136 = FACE_BOUND('',#5137,.T.);
#5137 = EDGE_LOOP('',(#5138,#5139,#5145,#5146));
#5138 = ORIENTED_EDGE('',*,*,#863,.T.);
#5139 = ORIENTED_EDGE('',*,*,#5140,.T.);
#5140 = EDGE_CURVE('',#864,#2710,#5141,.T.);
#5141 = LINE('',#5142,#5143);
#5142 = CARTESIAN_POINT('',(182.74101,183.205445,-4.6E-02));
#5143 = VECTOR('',#5144,1.);
#5144 = DIRECTION('',(0.,0.,1.));
#5145 = ORIENTED_EDGE('',*,*,#2709,.F.);
#5146 = ORIENTED_EDGE('',*,*,#5140,.F.);
#5147 = CYLINDRICAL_SURFACE('',#5148,0.51);
#5148 = AXIS2_PLACEMENT_3D('',#5149,#5150,#5151);
#5149 = CARTESIAN_POINT('',(182.74101,183.715445,-4.6E-02));
#5150 = DIRECTION('',(-0.,-0.,-1.));
#5151 = DIRECTION('',(-5.57288420204E-14,-1.,0.));
#5152 = ADVANCED_FACE('',(#5153),#5164,.F.);
#5153 = FACE_BOUND('',#5154,.T.);
#5154 = EDGE_LOOP('',(#5155,#5156,#5162,#5163));
#5155 = ORIENTED_EDGE('',*,*,#874,.T.);
#5156 = ORIENTED_EDGE('',*,*,#5157,.T.);
#5157 = EDGE_CURVE('',#875,#2721,#5158,.T.);
#5158 = LINE('',#5159,#5160);
#5159 = CARTESIAN_POINT('',(185.28101,183.205445,-4.6E-02));
#5160 = VECTOR('',#5161,1.);
#5161 = DIRECTION('',(0.,0.,1.));
#5162 = ORIENTED_EDGE('',*,*,#2720,.F.);
#5163 = ORIENTED_EDGE('',*,*,#5157,.F.);
#5164 = CYLINDRICAL_SURFACE('',#5165,0.51);
#5165 = AXIS2_PLACEMENT_3D('',#5166,#5167,#5168);
#5166 = CARTESIAN_POINT('',(185.28101,183.715445,-4.6E-02));
#5167 = DIRECTION('',(-0.,0.,-1.));
#5168 = DIRECTION('',(5.57288420204E-14,-1.,-0.));
#5169 = ADVANCED_FACE('',(#5170),#5186,.F.);
#5170 = FACE_BOUND('',#5171,.T.);
#5171 = EDGE_LOOP('',(#5172,#5173,#5179,#5180));
#5172 = ORIENTED_EDGE('',*,*,#885,.T.);
#5173 = ORIENTED_EDGE('',*,*,#5174,.T.);
#5174 = EDGE_CURVE('',#888,#2734,#5175,.T.);
#5175 = LINE('',#5176,#5177);
#5176 = CARTESIAN_POINT('',(201.53701,171.572715,-4.6E-02));
#5177 = VECTOR('',#5178,1.);
#5178 = DIRECTION('',(0.,0.,1.));
#5179 = ORIENTED_EDGE('',*,*,#2731,.F.);
#5180 = ORIENTED_EDGE('',*,*,#5181,.F.);
#5181 = EDGE_CURVE('',#886,#2732,#5182,.T.);
#5182 = LINE('',#5183,#5184);
#5183 = CARTESIAN_POINT('',(201.53701,172.334715,-4.6E-02));
#5184 = VECTOR('',#5185,1.);
#5185 = DIRECTION('',(0.,0.,1.));
#5186 = CYLINDRICAL_SURFACE('',#5187,0.381);
#5187 = AXIS2_PLACEMENT_3D('',#5188,#5189,#5190);
#5188 = CARTESIAN_POINT('',(201.53701,171.953715,-4.6E-02));
#5189 = DIRECTION('',(-0.,-0.,-1.));
#5190 = DIRECTION('',(-0.,-1.,0.));
#5191 = ADVANCED_FACE('',(#5192),#5203,.T.);
#5192 = FACE_BOUND('',#5193,.T.);
#5193 = EDGE_LOOP('',(#5194,#5195,#5196,#5197));
#5194 = ORIENTED_EDGE('',*,*,#913,.T.);
#5195 = ORIENTED_EDGE('',*,*,#5181,.T.);
#5196 = ORIENTED_EDGE('',*,*,#2759,.F.);
#5197 = ORIENTED_EDGE('',*,*,#5198,.F.);
#5198 = EDGE_CURVE('',#905,#2751,#5199,.T.);
#5199 = LINE('',#5200,#5201);
#5200 = CARTESIAN_POINT('',(193.40901,172.334715,-4.6E-02));
#5201 = VECTOR('',#5202,1.);
#5202 = DIRECTION('',(0.,0.,1.));
#5203 = PLANE('',#5204);
#5204 = AXIS2_PLACEMENT_3D('',#5205,#5206,#5207);
#5205 = CARTESIAN_POINT('',(201.53701,172.334715,-4.6E-02));
#5206 = DIRECTION('',(0.,-1.,0.));
#5207 = DIRECTION('',(-1.,0.,0.));
#5208 = ADVANCED_FACE('',(#5209),#5220,.F.);
#5209 = FACE_BOUND('',#5210,.T.);
#5210 = EDGE_LOOP('',(#5211,#5212,#5213,#5214));
#5211 = ORIENTED_EDGE('',*,*,#904,.T.);
#5212 = ORIENTED_EDGE('',*,*,#5198,.T.);
#5213 = ORIENTED_EDGE('',*,*,#2750,.F.);
#5214 = ORIENTED_EDGE('',*,*,#5215,.F.);
#5215 = EDGE_CURVE('',#897,#2743,#5216,.T.);
#5216 = LINE('',#5217,#5218);
#5217 = CARTESIAN_POINT('',(193.40901,171.572715,-4.6E-02));
#5218 = VECTOR('',#5219,1.);
#5219 = DIRECTION('',(0.,0.,1.));
#5220 = CYLINDRICAL_SURFACE('',#5221,0.381);
#5221 = AXIS2_PLACEMENT_3D('',#5222,#5223,#5224);
#5222 = CARTESIAN_POINT('',(193.40901,171.953715,-4.6E-02));
#5223 = DIRECTION('',(-0.,-0.,-1.));
#5224 = DIRECTION('',(7.459766254699E-14,1.,-0.));
#5225 = ADVANCED_FACE('',(#5226),#5232,.T.);
#5226 = FACE_BOUND('',#5227,.T.);
#5227 = EDGE_LOOP('',(#5228,#5229,#5230,#5231));
#5228 = ORIENTED_EDGE('',*,*,#896,.T.);
#5229 = ORIENTED_EDGE('',*,*,#5215,.T.);
#5230 = ORIENTED_EDGE('',*,*,#2742,.F.);
#5231 = ORIENTED_EDGE('',*,*,#5174,.F.);
#5232 = PLANE('',#5233);
#5233 = AXIS2_PLACEMENT_3D('',#5234,#5235,#5236);
#5234 = CARTESIAN_POINT('',(193.40901,171.572715,-4.6E-02));
#5235 = DIRECTION('',(0.,1.,0.));
#5236 = DIRECTION('',(1.,0.,0.));
#5237 = ADVANCED_FACE('',(#5238),#5249,.F.);
#5238 = FACE_BOUND('',#5239,.T.);
#5239 = EDGE_LOOP('',(#5240,#5241,#5247,#5248));
#5240 = ORIENTED_EDGE('',*,*,#921,.T.);
#5241 = ORIENTED_EDGE('',*,*,#5242,.T.);
#5242 = EDGE_CURVE('',#922,#2768,#5243,.T.);
#5243 = LINE('',#5244,#5245);
#5244 = CARTESIAN_POINT('',(187.82101,175.139475,-4.6E-02));
#5245 = VECTOR('',#5246,1.);
#5246 = DIRECTION('',(0.,0.,1.));
#5247 = ORIENTED_EDGE('',*,*,#2767,.F.);
#5248 = ORIENTED_EDGE('',*,*,#5242,.F.);
#5249 = CYLINDRICAL_SURFACE('',#5250,0.51);
#5250 = AXIS2_PLACEMENT_3D('',#5251,#5252,#5253);
#5251 = CARTESIAN_POINT('',(187.82101,175.649475,-4.6E-02));
#5252 = DIRECTION('',(-0.,-0.,-1.));
#5253 = DIRECTION('',(-0.,-1.,0.));
#5254 = ADVANCED_FACE('',(#5255),#5266,.F.);
#5255 = FACE_BOUND('',#5256,.T.);
#5256 = EDGE_LOOP('',(#5257,#5258,#5264,#5265));
#5257 = ORIENTED_EDGE('',*,*,#932,.T.);
#5258 = ORIENTED_EDGE('',*,*,#5259,.T.);
#5259 = EDGE_CURVE('',#933,#2779,#5260,.T.);
#5260 = LINE('',#5261,#5262);
#5261 = CARTESIAN_POINT('',(190.36101,175.139475,-4.6E-02));
#5262 = VECTOR('',#5263,1.);
#5263 = DIRECTION('',(0.,0.,1.));
#5264 = ORIENTED_EDGE('',*,*,#2778,.F.);
#5265 = ORIENTED_EDGE('',*,*,#5259,.F.);
#5266 = CYLINDRICAL_SURFACE('',#5267,0.51);
#5267 = AXIS2_PLACEMENT_3D('',#5268,#5269,#5270);
#5268 = CARTESIAN_POINT('',(190.36101,175.649475,-4.6E-02));
#5269 = DIRECTION('',(-0.,-0.,-1.));
#5270 = DIRECTION('',(-5.57288420204E-14,-1.,0.));
#5271 = ADVANCED_FACE('',(#5272),#5283,.F.);
#5272 = FACE_BOUND('',#5273,.T.);
#5273 = EDGE_LOOP('',(#5274,#5275,#5281,#5282));
#5274 = ORIENTED_EDGE('',*,*,#943,.T.);
#5275 = ORIENTED_EDGE('',*,*,#5276,.T.);
#5276 = EDGE_CURVE('',#944,#2790,#5277,.T.);
#5277 = LINE('',#5278,#5279);
#5278 = CARTESIAN_POINT('',(187.82101,177.679475,-4.6E-02));
#5279 = VECTOR('',#5280,1.);
#5280 = DIRECTION('',(0.,0.,1.));
#5281 = ORIENTED_EDGE('',*,*,#2789,.F.);
#5282 = ORIENTED_EDGE('',*,*,#5276,.F.);
#5283 = CYLINDRICAL_SURFACE('',#5284,0.51);
#5284 = AXIS2_PLACEMENT_3D('',#5285,#5286,#5287);
#5285 = CARTESIAN_POINT('',(187.82101,178.189475,-4.6E-02));
#5286 = DIRECTION('',(-0.,-0.,-1.));
#5287 = DIRECTION('',(-0.,-1.,0.));
#5288 = ADVANCED_FACE('',(#5289),#5300,.F.);
#5289 = FACE_BOUND('',#5290,.T.);
#5290 = EDGE_LOOP('',(#5291,#5292,#5298,#5299));
#5291 = ORIENTED_EDGE('',*,*,#954,.T.);
#5292 = ORIENTED_EDGE('',*,*,#5293,.T.);
#5293 = EDGE_CURVE('',#955,#2801,#5294,.T.);
#5294 = LINE('',#5295,#5296);
#5295 = CARTESIAN_POINT('',(190.36101,177.679475,-4.6E-02));
#5296 = VECTOR('',#5297,1.);
#5297 = DIRECTION('',(0.,0.,1.));
#5298 = ORIENTED_EDGE('',*,*,#2800,.F.);
#5299 = ORIENTED_EDGE('',*,*,#5293,.F.);
#5300 = CYLINDRICAL_SURFACE('',#5301,0.51);
#5301 = AXIS2_PLACEMENT_3D('',#5302,#5303,#5304);
#5302 = CARTESIAN_POINT('',(190.36101,178.189475,-4.6E-02));
#5303 = DIRECTION('',(-0.,-0.,-1.));
#5304 = DIRECTION('',(-5.57288420204E-14,-1.,0.));
#5305 = ADVANCED_FACE('',(#5306),#5317,.F.);
#5306 = FACE_BOUND('',#5307,.T.);
#5307 = EDGE_LOOP('',(#5308,#5309,#5315,#5316));
#5308 = ORIENTED_EDGE('',*,*,#965,.T.);
#5309 = ORIENTED_EDGE('',*,*,#5310,.T.);
#5310 = EDGE_CURVE('',#966,#2812,#5311,.T.);
#5311 = LINE('',#5312,#5313);
#5312 = CARTESIAN_POINT('',(192.90101,175.139475,-4.6E-02));
#5313 = VECTOR('',#5314,1.);
#5314 = DIRECTION('',(0.,0.,1.));
#5315 = ORIENTED_EDGE('',*,*,#2811,.F.);
#5316 = ORIENTED_EDGE('',*,*,#5310,.F.);
#5317 = CYLINDRICAL_SURFACE('',#5318,0.51);
#5318 = AXIS2_PLACEMENT_3D('',#5319,#5320,#5321);
#5319 = CARTESIAN_POINT('',(192.90101,175.649475,-4.6E-02));
#5320 = DIRECTION('',(-0.,0.,-1.));
#5321 = DIRECTION('',(5.57288420204E-14,-1.,-0.));
#5322 = ADVANCED_FACE('',(#5323),#5334,.F.);
#5323 = FACE_BOUND('',#5324,.T.);
#5324 = EDGE_LOOP('',(#5325,#5326,#5332,#5333));
#5325 = ORIENTED_EDGE('',*,*,#976,.T.);
#5326 = ORIENTED_EDGE('',*,*,#5327,.T.);
#5327 = EDGE_CURVE('',#977,#2823,#5328,.T.);
#5328 = LINE('',#5329,#5330);
#5329 = CARTESIAN_POINT('',(195.44101,175.139475,-4.6E-02));
#5330 = VECTOR('',#5331,1.);
#5331 = DIRECTION('',(0.,0.,1.));
#5332 = ORIENTED_EDGE('',*,*,#2822,.F.);
#5333 = ORIENTED_EDGE('',*,*,#5327,.F.);
#5334 = CYLINDRICAL_SURFACE('',#5335,0.51);
#5335 = AXIS2_PLACEMENT_3D('',#5336,#5337,#5338);
#5336 = CARTESIAN_POINT('',(195.44101,175.649475,-4.6E-02));
#5337 = DIRECTION('',(-0.,-0.,-1.));
#5338 = DIRECTION('',(-0.,-1.,0.));
#5339 = ADVANCED_FACE('',(#5340),#5351,.F.);
#5340 = FACE_BOUND('',#5341,.T.);
#5341 = EDGE_LOOP('',(#5342,#5343,#5349,#5350));
#5342 = ORIENTED_EDGE('',*,*,#987,.T.);
#5343 = ORIENTED_EDGE('',*,*,#5344,.T.);
#5344 = EDGE_CURVE('',#988,#2834,#5345,.T.);
#5345 = LINE('',#5346,#5347);
#5346 = CARTESIAN_POINT('',(197.98101,175.139475,-4.6E-02));
#5347 = VECTOR('',#5348,1.);
#5348 = DIRECTION('',(0.,0.,1.));
#5349 = ORIENTED_EDGE('',*,*,#2833,.F.);
#5350 = ORIENTED_EDGE('',*,*,#5344,.F.);
#5351 = CYLINDRICAL_SURFACE('',#5352,0.51);
#5352 = AXIS2_PLACEMENT_3D('',#5353,#5354,#5355);
#5353 = CARTESIAN_POINT('',(197.98101,175.649475,-4.6E-02));
#5354 = DIRECTION('',(-0.,-0.,-1.));
#5355 = DIRECTION('',(-0.,-1.,0.));
#5356 = ADVANCED_FACE('',(#5357),#5368,.F.);
#5357 = FACE_BOUND('',#5358,.T.);
#5358 = EDGE_LOOP('',(#5359,#5360,#5366,#5367));
#5359 = ORIENTED_EDGE('',*,*,#998,.T.);
#5360 = ORIENTED_EDGE('',*,*,#5361,.T.);
#5361 = EDGE_CURVE('',#999,#2845,#5362,.T.);
#5362 = LINE('',#5363,#5364);
#5363 = CARTESIAN_POINT('',(192.90101,177.679475,-4.6E-02));
#5364 = VECTOR('',#5365,1.);
#5365 = DIRECTION('',(0.,0.,1.));
#5366 = ORIENTED_EDGE('',*,*,#2844,.F.);
#5367 = ORIENTED_EDGE('',*,*,#5361,.F.);
#5368 = CYLINDRICAL_SURFACE('',#5369,0.51);
#5369 = AXIS2_PLACEMENT_3D('',#5370,#5371,#5372);
#5370 = CARTESIAN_POINT('',(192.90101,178.189475,-4.6E-02));
#5371 = DIRECTION('',(-0.,0.,-1.));
#5372 = DIRECTION('',(5.57288420204E-14,-1.,-0.));
#5373 = ADVANCED_FACE('',(#5374),#5385,.F.);
#5374 = FACE_BOUND('',#5375,.T.);
#5375 = EDGE_LOOP('',(#5376,#5377,#5383,#5384));
#5376 = ORIENTED_EDGE('',*,*,#1009,.T.);
#5377 = ORIENTED_EDGE('',*,*,#5378,.T.);
#5378 = EDGE_CURVE('',#1010,#2856,#5379,.T.);
#5379 = LINE('',#5380,#5381);
#5380 = CARTESIAN_POINT('',(195.44101,177.679475,-4.6E-02));
#5381 = VECTOR('',#5382,1.);
#5382 = DIRECTION('',(0.,0.,1.));
#5383 = ORIENTED_EDGE('',*,*,#2855,.F.);
#5384 = ORIENTED_EDGE('',*,*,#5378,.F.);
#5385 = CYLINDRICAL_SURFACE('',#5386,0.51);
#5386 = AXIS2_PLACEMENT_3D('',#5387,#5388,#5389);
#5387 = CARTESIAN_POINT('',(195.44101,178.189475,-4.6E-02));
#5388 = DIRECTION('',(-0.,-0.,-1.));
#5389 = DIRECTION('',(-0.,-1.,0.));
#5390 = ADVANCED_FACE('',(#5391),#5402,.F.);
#5391 = FACE_BOUND('',#5392,.T.);
#5392 = EDGE_LOOP('',(#5393,#5394,#5400,#5401));
#5393 = ORIENTED_EDGE('',*,*,#1020,.T.);
#5394 = ORIENTED_EDGE('',*,*,#5395,.T.);
#5395 = EDGE_CURVE('',#1021,#2867,#5396,.T.);
#5396 = LINE('',#5397,#5398);
#5397 = CARTESIAN_POINT('',(197.98101,177.679475,-4.6E-02));
#5398 = VECTOR('',#5399,1.);
#5399 = DIRECTION('',(0.,0.,1.));
#5400 = ORIENTED_EDGE('',*,*,#2866,.F.);
#5401 = ORIENTED_EDGE('',*,*,#5395,.F.);
#5402 = CYLINDRICAL_SURFACE('',#5403,0.51);
#5403 = AXIS2_PLACEMENT_3D('',#5404,#5405,#5406);
#5404 = CARTESIAN_POINT('',(197.98101,178.189475,-4.6E-02));
#5405 = DIRECTION('',(-0.,-0.,-1.));
#5406 = DIRECTION('',(-0.,-1.,0.));
#5407 = ADVANCED_FACE('',(#5408),#5419,.F.);
#5408 = FACE_BOUND('',#5409,.T.);
#5409 = EDGE_LOOP('',(#5410,#5411,#5417,#5418));
#5410 = ORIENTED_EDGE('',*,*,#1031,.T.);
#5411 = ORIENTED_EDGE('',*,*,#5412,.T.);
#5412 = EDGE_CURVE('',#1032,#2878,#5413,.T.);
#5413 = LINE('',#5414,#5415);
#5414 = CARTESIAN_POINT('',(187.82101,180.665445,-4.6E-02));
#5415 = VECTOR('',#5416,1.);
#5416 = DIRECTION('',(0.,0.,1.));
#5417 = ORIENTED_EDGE('',*,*,#2877,.F.);
#5418 = ORIENTED_EDGE('',*,*,#5412,.F.);
#5419 = CYLINDRICAL_SURFACE('',#5420,0.51);
#5420 = AXIS2_PLACEMENT_3D('',#5421,#5422,#5423);
#5421 = CARTESIAN_POINT('',(187.82101,181.175445,-4.6E-02));
#5422 = DIRECTION('',(-0.,-0.,-1.));
#5423 = DIRECTION('',(-0.,-1.,0.));
#5424 = ADVANCED_FACE('',(#5425),#5436,.F.);
#5425 = FACE_BOUND('',#5426,.T.);
#5426 = EDGE_LOOP('',(#5427,#5428,#5434,#5435));
#5427 = ORIENTED_EDGE('',*,*,#1042,.T.);
#5428 = ORIENTED_EDGE('',*,*,#5429,.T.);
#5429 = EDGE_CURVE('',#1043,#2889,#5430,.T.);
#5430 = LINE('',#5431,#5432);
#5431 = CARTESIAN_POINT('',(190.36101,180.665445,-4.6E-02));
#5432 = VECTOR('',#5433,1.);
#5433 = DIRECTION('',(0.,0.,1.));
#5434 = ORIENTED_EDGE('',*,*,#2888,.F.);
#5435 = ORIENTED_EDGE('',*,*,#5429,.F.);
#5436 = CYLINDRICAL_SURFACE('',#5437,0.51);
#5437 = AXIS2_PLACEMENT_3D('',#5438,#5439,#5440);
#5438 = CARTESIAN_POINT('',(190.36101,181.175445,-4.6E-02));
#5439 = DIRECTION('',(-0.,-0.,-1.));
#5440 = DIRECTION('',(-5.57288420204E-14,-1.,0.));
#5441 = ADVANCED_FACE('',(#5442),#5453,.F.);
#5442 = FACE_BOUND('',#5443,.T.);
#5443 = EDGE_LOOP('',(#5444,#5445,#5451,#5452));
#5444 = ORIENTED_EDGE('',*,*,#1053,.T.);
#5445 = ORIENTED_EDGE('',*,*,#5446,.T.);
#5446 = EDGE_CURVE('',#1054,#2900,#5447,.T.);
#5447 = LINE('',#5448,#5449);
#5448 = CARTESIAN_POINT('',(187.82101,183.205445,-4.6E-02));
#5449 = VECTOR('',#5450,1.);
#5450 = DIRECTION('',(0.,0.,1.));
#5451 = ORIENTED_EDGE('',*,*,#2899,.F.);
#5452 = ORIENTED_EDGE('',*,*,#5446,.F.);
#5453 = CYLINDRICAL_SURFACE('',#5454,0.51);
#5454 = AXIS2_PLACEMENT_3D('',#5455,#5456,#5457);
#5455 = CARTESIAN_POINT('',(187.82101,183.715445,-4.6E-02));
#5456 = DIRECTION('',(-0.,-0.,-1.));
#5457 = DIRECTION('',(-0.,-1.,0.));
#5458 = ADVANCED_FACE('',(#5459),#5470,.F.);
#5459 = FACE_BOUND('',#5460,.T.);
#5460 = EDGE_LOOP('',(#5461,#5462,#5468,#5469));
#5461 = ORIENTED_EDGE('',*,*,#1064,.T.);
#5462 = ORIENTED_EDGE('',*,*,#5463,.T.);
#5463 = EDGE_CURVE('',#1065,#2911,#5464,.T.);
#5464 = LINE('',#5465,#5466);
#5465 = CARTESIAN_POINT('',(190.36101,183.205445,-4.6E-02));
#5466 = VECTOR('',#5467,1.);
#5467 = DIRECTION('',(0.,0.,1.));
#5468 = ORIENTED_EDGE('',*,*,#2910,.F.);
#5469 = ORIENTED_EDGE('',*,*,#5463,.F.);
#5470 = CYLINDRICAL_SURFACE('',#5471,0.51);
#5471 = AXIS2_PLACEMENT_3D('',#5472,#5473,#5474);
#5472 = CARTESIAN_POINT('',(190.36101,183.715445,-4.6E-02));
#5473 = DIRECTION('',(-0.,-0.,-1.));
#5474 = DIRECTION('',(-5.57288420204E-14,-1.,0.));
#5475 = ADVANCED_FACE('',(#5476),#5487,.F.);
#5476 = FACE_BOUND('',#5477,.T.);
#5477 = EDGE_LOOP('',(#5478,#5479,#5485,#5486));
#5478 = ORIENTED_EDGE('',*,*,#1075,.T.);
#5479 = ORIENTED_EDGE('',*,*,#5480,.T.);
#5480 = EDGE_CURVE('',#1076,#2922,#5481,.T.);
#5481 = LINE('',#5482,#5483);
#5482 = CARTESIAN_POINT('',(192.90101,180.665445,-4.6E-02));
#5483 = VECTOR('',#5484,1.);
#5484 = DIRECTION('',(0.,0.,1.));
#5485 = ORIENTED_EDGE('',*,*,#2921,.F.);
#5486 = ORIENTED_EDGE('',*,*,#5480,.F.);
#5487 = CYLINDRICAL_SURFACE('',#5488,0.51);
#5488 = AXIS2_PLACEMENT_3D('',#5489,#5490,#5491);
#5489 = CARTESIAN_POINT('',(192.90101,181.175445,-4.6E-02));
#5490 = DIRECTION('',(-0.,0.,-1.));
#5491 = DIRECTION('',(5.57288420204E-14,-1.,-0.));
#5492 = ADVANCED_FACE('',(#5493),#5504,.F.);
#5493 = FACE_BOUND('',#5494,.T.);
#5494 = EDGE_LOOP('',(#5495,#5496,#5502,#5503));
#5495 = ORIENTED_EDGE('',*,*,#1086,.T.);
#5496 = ORIENTED_EDGE('',*,*,#5497,.T.);
#5497 = EDGE_CURVE('',#1087,#2933,#5498,.T.);
#5498 = LINE('',#5499,#5500);
#5499 = CARTESIAN_POINT('',(195.44101,180.665445,-4.6E-02));
#5500 = VECTOR('',#5501,1.);
#5501 = DIRECTION('',(0.,0.,1.));
#5502 = ORIENTED_EDGE('',*,*,#2932,.F.);
#5503 = ORIENTED_EDGE('',*,*,#5497,.F.);
#5504 = CYLINDRICAL_SURFACE('',#5505,0.51);
#5505 = AXIS2_PLACEMENT_3D('',#5506,#5507,#5508);
#5506 = CARTESIAN_POINT('',(195.44101,181.175445,-4.6E-02));
#5507 = DIRECTION('',(-0.,-0.,-1.));
#5508 = DIRECTION('',(-0.,-1.,0.));
#5509 = ADVANCED_FACE('',(#5510),#5521,.F.);
#5510 = FACE_BOUND('',#5511,.T.);
#5511 = EDGE_LOOP('',(#5512,#5513,#5519,#5520));
#5512 = ORIENTED_EDGE('',*,*,#1097,.T.);
#5513 = ORIENTED_EDGE('',*,*,#5514,.T.);
#5514 = EDGE_CURVE('',#1098,#2944,#5515,.T.);
#5515 = LINE('',#5516,#5517);
#5516 = CARTESIAN_POINT('',(197.98101,180.665445,-4.6E-02));
#5517 = VECTOR('',#5518,1.);
#5518 = DIRECTION('',(0.,0.,1.));
#5519 = ORIENTED_EDGE('',*,*,#2943,.F.);
#5520 = ORIENTED_EDGE('',*,*,#5514,.F.);
#5521 = CYLINDRICAL_SURFACE('',#5522,0.51);
#5522 = AXIS2_PLACEMENT_3D('',#5523,#5524,#5525);
#5523 = CARTESIAN_POINT('',(197.98101,181.175445,-4.6E-02));
#5524 = DIRECTION('',(-0.,-0.,-1.));
#5525 = DIRECTION('',(-0.,-1.,0.));
#5526 = ADVANCED_FACE('',(#5527),#5538,.F.);
#5527 = FACE_BOUND('',#5528,.T.);
#5528 = EDGE_LOOP('',(#5529,#5530,#5536,#5537));
#5529 = ORIENTED_EDGE('',*,*,#1108,.T.);
#5530 = ORIENTED_EDGE('',*,*,#5531,.T.);
#5531 = EDGE_CURVE('',#1109,#2955,#5532,.T.);
#5532 = LINE('',#5533,#5534);
#5533 = CARTESIAN_POINT('',(192.90101,183.205445,-4.6E-02));
#5534 = VECTOR('',#5535,1.);
#5535 = DIRECTION('',(0.,0.,1.));
#5536 = ORIENTED_EDGE('',*,*,#2954,.F.);
#5537 = ORIENTED_EDGE('',*,*,#5531,.F.);
#5538 = CYLINDRICAL_SURFACE('',#5539,0.51);
#5539 = AXIS2_PLACEMENT_3D('',#5540,#5541,#5542);
#5540 = CARTESIAN_POINT('',(192.90101,183.715445,-4.6E-02));
#5541 = DIRECTION('',(-0.,0.,-1.));
#5542 = DIRECTION('',(5.57288420204E-14,-1.,-0.));
#5543 = ADVANCED_FACE('',(#5544),#5555,.F.);
#5544 = FACE_BOUND('',#5545,.T.);
#5545 = EDGE_LOOP('',(#5546,#5547,#5553,#5554));
#5546 = ORIENTED_EDGE('',*,*,#1119,.T.);
#5547 = ORIENTED_EDGE('',*,*,#5548,.T.);
#5548 = EDGE_CURVE('',#1120,#2966,#5549,.T.);
#5549 = LINE('',#5550,#5551);
#5550 = CARTESIAN_POINT('',(195.44101,183.205445,-4.6E-02));
#5551 = VECTOR('',#5552,1.);
#5552 = DIRECTION('',(0.,0.,1.));
#5553 = ORIENTED_EDGE('',*,*,#2965,.F.);
#5554 = ORIENTED_EDGE('',*,*,#5548,.F.);
#5555 = CYLINDRICAL_SURFACE('',#5556,0.51);
#5556 = AXIS2_PLACEMENT_3D('',#5557,#5558,#5559);
#5557 = CARTESIAN_POINT('',(195.44101,183.715445,-4.6E-02));
#5558 = DIRECTION('',(-0.,-0.,-1.));
#5559 = DIRECTION('',(-0.,-1.,0.));
#5560 = ADVANCED_FACE('',(#5561),#5572,.F.);
#5561 = FACE_BOUND('',#5562,.T.);
#5562 = EDGE_LOOP('',(#5563,#5564,#5570,#5571));
#5563 = ORIENTED_EDGE('',*,*,#1130,.T.);
#5564 = ORIENTED_EDGE('',*,*,#5565,.T.);
#5565 = EDGE_CURVE('',#1131,#2977,#5566,.T.);
#5566 = LINE('',#5567,#5568);
#5567 = CARTESIAN_POINT('',(197.98101,183.205445,-4.6E-02));
#5568 = VECTOR('',#5569,1.);
#5569 = DIRECTION('',(0.,0.,1.));
#5570 = ORIENTED_EDGE('',*,*,#2976,.F.);
#5571 = ORIENTED_EDGE('',*,*,#5565,.F.);
#5572 = CYLINDRICAL_SURFACE('',#5573,0.51);
#5573 = AXIS2_PLACEMENT_3D('',#5574,#5575,#5576);
#5574 = CARTESIAN_POINT('',(197.98101,183.715445,-4.6E-02));
#5575 = DIRECTION('',(-0.,-0.,-1.));
#5576 = DIRECTION('',(-0.,-1.,0.));
#5577 = ADVANCED_FACE('',(#5578),#5589,.F.);
#5578 = FACE_BOUND('',#5579,.T.);
#5579 = EDGE_LOOP('',(#5580,#5581,#5587,#5588));
#5580 = ORIENTED_EDGE('',*,*,#1141,.T.);
#5581 = ORIENTED_EDGE('',*,*,#5582,.T.);
#5582 = EDGE_CURVE('',#1142,#2988,#5583,.T.);
#5583 = LINE('',#5584,#5585);
#5584 = CARTESIAN_POINT('',(200.52101,175.139475,-4.6E-02));
#5585 = VECTOR('',#5586,1.);
#5586 = DIRECTION('',(0.,0.,1.));
#5587 = ORIENTED_EDGE('',*,*,#2987,.F.);
#5588 = ORIENTED_EDGE('',*,*,#5582,.F.);
#5589 = CYLINDRICAL_SURFACE('',#5590,0.51);
#5590 = AXIS2_PLACEMENT_3D('',#5591,#5592,#5593);
#5591 = CARTESIAN_POINT('',(200.52101,175.649475,-4.6E-02));
#5592 = DIRECTION('',(-0.,-0.,-1.));
#5593 = DIRECTION('',(-0.,-1.,0.));
#5594 = ADVANCED_FACE('',(#5595),#5606,.F.);
#5595 = FACE_BOUND('',#5596,.T.);
#5596 = EDGE_LOOP('',(#5597,#5598,#5604,#5605));
#5597 = ORIENTED_EDGE('',*,*,#1152,.T.);
#5598 = ORIENTED_EDGE('',*,*,#5599,.T.);
#5599 = EDGE_CURVE('',#1153,#2999,#5600,.T.);
#5600 = LINE('',#5601,#5602);
#5601 = CARTESIAN_POINT('',(203.06101,175.139475,-4.6E-02));
#5602 = VECTOR('',#5603,1.);
#5603 = DIRECTION('',(0.,0.,1.));
#5604 = ORIENTED_EDGE('',*,*,#2998,.F.);
#5605 = ORIENTED_EDGE('',*,*,#5599,.F.);
#5606 = CYLINDRICAL_SURFACE('',#5607,0.51);
#5607 = AXIS2_PLACEMENT_3D('',#5608,#5609,#5610);
#5608 = CARTESIAN_POINT('',(203.06101,175.649475,-4.6E-02));
#5609 = DIRECTION('',(-0.,-0.,-1.));
#5610 = DIRECTION('',(-0.,-1.,0.));
#5611 = ADVANCED_FACE('',(#5612),#5623,.F.);
#5612 = FACE_BOUND('',#5613,.T.);
#5613 = EDGE_LOOP('',(#5614,#5615,#5621,#5622));
#5614 = ORIENTED_EDGE('',*,*,#1163,.T.);
#5615 = ORIENTED_EDGE('',*,*,#5616,.T.);
#5616 = EDGE_CURVE('',#1164,#3010,#5617,.T.);
#5617 = LINE('',#5618,#5619);
#5618 = CARTESIAN_POINT('',(200.52101,177.679475,-4.6E-02));
#5619 = VECTOR('',#5620,1.);
#5620 = DIRECTION('',(0.,0.,1.));
#5621 = ORIENTED_EDGE('',*,*,#3009,.F.);
#5622 = ORIENTED_EDGE('',*,*,#5616,.F.);
#5623 = CYLINDRICAL_SURFACE('',#5624,0.51);
#5624 = AXIS2_PLACEMENT_3D('',#5625,#5626,#5627);
#5625 = CARTESIAN_POINT('',(200.52101,178.189475,-4.6E-02));
#5626 = DIRECTION('',(-0.,-0.,-1.));
#5627 = DIRECTION('',(-0.,-1.,0.));
#5628 = ADVANCED_FACE('',(#5629),#5640,.F.);
#5629 = FACE_BOUND('',#5630,.T.);
#5630 = EDGE_LOOP('',(#5631,#5632,#5638,#5639));
#5631 = ORIENTED_EDGE('',*,*,#1174,.T.);
#5632 = ORIENTED_EDGE('',*,*,#5633,.T.);
#5633 = EDGE_CURVE('',#1175,#3021,#5634,.T.);
#5634 = LINE('',#5635,#5636);
#5635 = CARTESIAN_POINT('',(203.06101,177.679475,-4.6E-02));
#5636 = VECTOR('',#5637,1.);
#5637 = DIRECTION('',(0.,0.,1.));
#5638 = ORIENTED_EDGE('',*,*,#3020,.F.);
#5639 = ORIENTED_EDGE('',*,*,#5633,.F.);
#5640 = CYLINDRICAL_SURFACE('',#5641,0.51);
#5641 = AXIS2_PLACEMENT_3D('',#5642,#5643,#5644);
#5642 = CARTESIAN_POINT('',(203.06101,178.189475,-4.6E-02));
#5643 = DIRECTION('',(-0.,-0.,-1.));
#5644 = DIRECTION('',(-0.,-1.,0.));
#5645 = ADVANCED_FACE('',(#5646),#5657,.F.);
#5646 = FACE_BOUND('',#5647,.T.);
#5647 = EDGE_LOOP('',(#5648,#5649,#5655,#5656));
#5648 = ORIENTED_EDGE('',*,*,#1185,.T.);
#5649 = ORIENTED_EDGE('',*,*,#5650,.T.);
#5650 = EDGE_CURVE('',#1186,#3032,#5651,.T.);
#5651 = LINE('',#5652,#5653);
#5652 = CARTESIAN_POINT('',(205.60101,175.139475,-4.6E-02));
#5653 = VECTOR('',#5654,1.);
#5654 = DIRECTION('',(0.,0.,1.));
#5655 = ORIENTED_EDGE('',*,*,#3031,.F.);
#5656 = ORIENTED_EDGE('',*,*,#5650,.F.);
#5657 = CYLINDRICAL_SURFACE('',#5658,0.51);
#5658 = AXIS2_PLACEMENT_3D('',#5659,#5660,#5661);
#5659 = CARTESIAN_POINT('',(205.60101,175.649475,-4.6E-02));
#5660 = DIRECTION('',(-0.,-0.,-1.));
#5661 = DIRECTION('',(-0.,-1.,0.));
#5662 = ADVANCED_FACE('',(#5663),#5674,.F.);
#5663 = FACE_BOUND('',#5664,.T.);
#5664 = EDGE_LOOP('',(#5665,#5666,#5672,#5673));
#5665 = ORIENTED_EDGE('',*,*,#1196,.T.);
#5666 = ORIENTED_EDGE('',*,*,#5667,.T.);
#5667 = EDGE_CURVE('',#1197,#3043,#5668,.T.);
#5668 = LINE('',#5669,#5670);
#5669 = CARTESIAN_POINT('',(208.14101,175.139475,-4.6E-02));
#5670 = VECTOR('',#5671,1.);
#5671 = DIRECTION('',(0.,0.,1.));
#5672 = ORIENTED_EDGE('',*,*,#3042,.F.);
#5673 = ORIENTED_EDGE('',*,*,#5667,.F.);
#5674 = CYLINDRICAL_SURFACE('',#5675,0.51);
#5675 = AXIS2_PLACEMENT_3D('',#5676,#5677,#5678);
#5676 = CARTESIAN_POINT('',(208.14101,175.649475,-4.6E-02));
#5677 = DIRECTION('',(-0.,-0.,-1.));
#5678 = DIRECTION('',(-0.,-1.,0.));
#5679 = ADVANCED_FACE('',(#5680),#5691,.F.);
#5680 = FACE_BOUND('',#5681,.T.);
#5681 = EDGE_LOOP('',(#5682,#5683,#5689,#5690));
#5682 = ORIENTED_EDGE('',*,*,#1207,.T.);
#5683 = ORIENTED_EDGE('',*,*,#5684,.T.);
#5684 = EDGE_CURVE('',#1208,#3054,#5685,.T.);
#5685 = LINE('',#5686,#5687);
#5686 = CARTESIAN_POINT('',(205.60101,177.679475,-4.6E-02));
#5687 = VECTOR('',#5688,1.);
#5688 = DIRECTION('',(0.,0.,1.));
#5689 = ORIENTED_EDGE('',*,*,#3053,.F.);
#5690 = ORIENTED_EDGE('',*,*,#5684,.F.);
#5691 = CYLINDRICAL_SURFACE('',#5692,0.51);
#5692 = AXIS2_PLACEMENT_3D('',#5693,#5694,#5695);
#5693 = CARTESIAN_POINT('',(205.60101,178.189475,-4.6E-02));
#5694 = DIRECTION('',(-0.,-0.,-1.));
#5695 = DIRECTION('',(-0.,-1.,0.));
#5696 = ADVANCED_FACE('',(#5697),#5708,.F.);
#5697 = FACE_BOUND('',#5698,.T.);
#5698 = EDGE_LOOP('',(#5699,#5700,#5706,#5707));
#5699 = ORIENTED_EDGE('',*,*,#1218,.T.);
#5700 = ORIENTED_EDGE('',*,*,#5701,.T.);
#5701 = EDGE_CURVE('',#1219,#3065,#5702,.T.);
#5702 = LINE('',#5703,#5704);
#5703 = CARTESIAN_POINT('',(208.14101,177.679475,-4.6E-02));
#5704 = VECTOR('',#5705,1.);
#5705 = DIRECTION('',(0.,0.,1.));
#5706 = ORIENTED_EDGE('',*,*,#3064,.F.);
#5707 = ORIENTED_EDGE('',*,*,#5701,.F.);
#5708 = CYLINDRICAL_SURFACE('',#5709,0.51);
#5709 = AXIS2_PLACEMENT_3D('',#5710,#5711,#5712);
#5710 = CARTESIAN_POINT('',(208.14101,178.189475,-4.6E-02));
#5711 = DIRECTION('',(-0.,-0.,-1.));
#5712 = DIRECTION('',(-0.,-1.,0.));
#5713 = ADVANCED_FACE('',(#5714),#5725,.F.);
#5714 = FACE_BOUND('',#5715,.T.);
#5715 = EDGE_LOOP('',(#5716,#5717,#5723,#5724));
#5716 = ORIENTED_EDGE('',*,*,#1229,.T.);
#5717 = ORIENTED_EDGE('',*,*,#5718,.T.);
#5718 = EDGE_CURVE('',#1230,#3076,#5719,.T.);
#5719 = LINE('',#5720,#5721);
#5720 = CARTESIAN_POINT('',(200.52101,180.665445,-4.6E-02));
#5721 = VECTOR('',#5722,1.);
#5722 = DIRECTION('',(0.,0.,1.));
#5723 = ORIENTED_EDGE('',*,*,#3075,.F.);
#5724 = ORIENTED_EDGE('',*,*,#5718,.F.);
#5725 = CYLINDRICAL_SURFACE('',#5726,0.51);
#5726 = AXIS2_PLACEMENT_3D('',#5727,#5728,#5729);
#5727 = CARTESIAN_POINT('',(200.52101,181.175445,-4.6E-02));
#5728 = DIRECTION('',(-0.,-0.,-1.));
#5729 = DIRECTION('',(-0.,-1.,0.));
#5730 = ADVANCED_FACE('',(#5731),#5742,.F.);
#5731 = FACE_BOUND('',#5732,.T.);
#5732 = EDGE_LOOP('',(#5733,#5734,#5740,#5741));
#5733 = ORIENTED_EDGE('',*,*,#1240,.T.);
#5734 = ORIENTED_EDGE('',*,*,#5735,.T.);
#5735 = EDGE_CURVE('',#1241,#3087,#5736,.T.);
#5736 = LINE('',#5737,#5738);
#5737 = CARTESIAN_POINT('',(203.06101,180.665445,-4.6E-02));
#5738 = VECTOR('',#5739,1.);
#5739 = DIRECTION('',(0.,0.,1.));
#5740 = ORIENTED_EDGE('',*,*,#3086,.F.);
#5741 = ORIENTED_EDGE('',*,*,#5735,.F.);
#5742 = CYLINDRICAL_SURFACE('',#5743,0.51);
#5743 = AXIS2_PLACEMENT_3D('',#5744,#5745,#5746);
#5744 = CARTESIAN_POINT('',(203.06101,181.175445,-4.6E-02));
#5745 = DIRECTION('',(-0.,-0.,-1.));
#5746 = DIRECTION('',(-0.,-1.,0.));
#5747 = ADVANCED_FACE('',(#5748),#5759,.F.);
#5748 = FACE_BOUND('',#5749,.T.);
#5749 = EDGE_LOOP('',(#5750,#5751,#5757,#5758));
#5750 = ORIENTED_EDGE('',*,*,#1251,.T.);
#5751 = ORIENTED_EDGE('',*,*,#5752,.T.);
#5752 = EDGE_CURVE('',#1252,#3098,#5753,.T.);
#5753 = LINE('',#5754,#5755);
#5754 = CARTESIAN_POINT('',(200.52101,183.205445,-4.6E-02));
#5755 = VECTOR('',#5756,1.);
#5756 = DIRECTION('',(0.,0.,1.));
#5757 = ORIENTED_EDGE('',*,*,#3097,.F.);
#5758 = ORIENTED_EDGE('',*,*,#5752,.F.);
#5759 = CYLINDRICAL_SURFACE('',#5760,0.51);
#5760 = AXIS2_PLACEMENT_3D('',#5761,#5762,#5763);
#5761 = CARTESIAN_POINT('',(200.52101,183.715445,-4.6E-02));
#5762 = DIRECTION('',(-0.,-0.,-1.));
#5763 = DIRECTION('',(-0.,-1.,0.));
#5764 = ADVANCED_FACE('',(#5765),#5776,.F.);
#5765 = FACE_BOUND('',#5766,.T.);
#5766 = EDGE_LOOP('',(#5767,#5768,#5774,#5775));
#5767 = ORIENTED_EDGE('',*,*,#1262,.T.);
#5768 = ORIENTED_EDGE('',*,*,#5769,.T.);
#5769 = EDGE_CURVE('',#1263,#3109,#5770,.T.);
#5770 = LINE('',#5771,#5772);
#5771 = CARTESIAN_POINT('',(203.06101,183.205445,-4.6E-02));
#5772 = VECTOR('',#5773,1.);
#5773 = DIRECTION('',(0.,0.,1.));
#5774 = ORIENTED_EDGE('',*,*,#3108,.F.);
#5775 = ORIENTED_EDGE('',*,*,#5769,.F.);
#5776 = CYLINDRICAL_SURFACE('',#5777,0.51);
#5777 = AXIS2_PLACEMENT_3D('',#5778,#5779,#5780);
#5778 = CARTESIAN_POINT('',(203.06101,183.715445,-4.6E-02));
#5779 = DIRECTION('',(-0.,-0.,-1.));
#5780 = DIRECTION('',(-0.,-1.,0.));
#5781 = ADVANCED_FACE('',(#5782),#5793,.F.);
#5782 = FACE_BOUND('',#5783,.T.);
#5783 = EDGE_LOOP('',(#5784,#5785,#5791,#5792));
#5784 = ORIENTED_EDGE('',*,*,#1273,.T.);
#5785 = ORIENTED_EDGE('',*,*,#5786,.T.);
#5786 = EDGE_CURVE('',#1274,#3120,#5787,.T.);
#5787 = LINE('',#5788,#5789);
#5788 = CARTESIAN_POINT('',(205.60101,180.665445,-4.6E-02));
#5789 = VECTOR('',#5790,1.);
#5790 = DIRECTION('',(0.,0.,1.));
#5791 = ORIENTED_EDGE('',*,*,#3119,.F.);
#5792 = ORIENTED_EDGE('',*,*,#5786,.F.);
#5793 = CYLINDRICAL_SURFACE('',#5794,0.51);
#5794 = AXIS2_PLACEMENT_3D('',#5795,#5796,#5797);
#5795 = CARTESIAN_POINT('',(205.60101,181.175445,-4.6E-02));
#5796 = DIRECTION('',(-0.,-0.,-1.));
#5797 = DIRECTION('',(-0.,-1.,0.));
#5798 = ADVANCED_FACE('',(#5799),#5810,.F.);
#5799 = FACE_BOUND('',#5800,.T.);
#5800 = EDGE_LOOP('',(#5801,#5802,#5808,#5809));
#5801 = ORIENTED_EDGE('',*,*,#1284,.T.);
#5802 = ORIENTED_EDGE('',*,*,#5803,.T.);
#5803 = EDGE_CURVE('',#1285,#3131,#5804,.T.);
#5804 = LINE('',#5805,#5806);
#5805 = CARTESIAN_POINT('',(208.14101,180.665445,-4.6E-02));
#5806 = VECTOR('',#5807,1.);
#5807 = DIRECTION('',(0.,0.,1.));
#5808 = ORIENTED_EDGE('',*,*,#3130,.F.);
#5809 = ORIENTED_EDGE('',*,*,#5803,.F.);
#5810 = CYLINDRICAL_SURFACE('',#5811,0.51);
#5811 = AXIS2_PLACEMENT_3D('',#5812,#5813,#5814);
#5812 = CARTESIAN_POINT('',(208.14101,181.175445,-4.6E-02));
#5813 = DIRECTION('',(-0.,-0.,-1.));
#5814 = DIRECTION('',(-0.,-1.,0.));
#5815 = ADVANCED_FACE('',(#5816),#5827,.F.);
#5816 = FACE_BOUND('',#5817,.T.);
#5817 = EDGE_LOOP('',(#5818,#5819,#5825,#5826));
#5818 = ORIENTED_EDGE('',*,*,#1295,.T.);
#5819 = ORIENTED_EDGE('',*,*,#5820,.T.);
#5820 = EDGE_CURVE('',#1296,#3142,#5821,.T.);
#5821 = LINE('',#5822,#5823);
#5822 = CARTESIAN_POINT('',(205.60101,183.205445,-4.6E-02));
#5823 = VECTOR('',#5824,1.);
#5824 = DIRECTION('',(0.,0.,1.));
#5825 = ORIENTED_EDGE('',*,*,#3141,.F.);
#5826 = ORIENTED_EDGE('',*,*,#5820,.F.);
#5827 = CYLINDRICAL_SURFACE('',#5828,0.51);
#5828 = AXIS2_PLACEMENT_3D('',#5829,#5830,#5831);
#5829 = CARTESIAN_POINT('',(205.60101,183.715445,-4.6E-02));
#5830 = DIRECTION('',(-0.,-0.,-1.));
#5831 = DIRECTION('',(-0.,-1.,0.));
#5832 = ADVANCED_FACE('',(#5833),#5844,.F.);
#5833 = FACE_BOUND('',#5834,.T.);
#5834 = EDGE_LOOP('',(#5835,#5836,#5842,#5843));
#5835 = ORIENTED_EDGE('',*,*,#1306,.T.);
#5836 = ORIENTED_EDGE('',*,*,#5837,.T.);
#5837 = EDGE_CURVE('',#1307,#3153,#5838,.T.);
#5838 = LINE('',#5839,#5840);
#5839 = CARTESIAN_POINT('',(208.14101,183.205445,-4.6E-02));
#5840 = VECTOR('',#5841,1.);
#5841 = DIRECTION('',(0.,0.,1.));
#5842 = ORIENTED_EDGE('',*,*,#3152,.F.);
#5843 = ORIENTED_EDGE('',*,*,#5837,.F.);
#5844 = CYLINDRICAL_SURFACE('',#5845,0.51);
#5845 = AXIS2_PLACEMENT_3D('',#5846,#5847,#5848);
#5846 = CARTESIAN_POINT('',(208.14101,183.715445,-4.6E-02));
#5847 = DIRECTION('',(-0.,-0.,-1.));
#5848 = DIRECTION('',(-0.,-1.,0.));
#5849 = ADVANCED_FACE('',(#5850),#5866,.F.);
#5850 = FACE_BOUND('',#5851,.T.);
#5851 = EDGE_LOOP('',(#5852,#5853,#5859,#5860));
#5852 = ORIENTED_EDGE('',*,*,#1317,.T.);
#5853 = ORIENTED_EDGE('',*,*,#5854,.T.);
#5854 = EDGE_CURVE('',#1320,#3166,#5855,.T.);
#5855 = LINE('',#5856,#5857);
#5856 = CARTESIAN_POINT('',(224.09841,171.255215,-4.6E-02));
#5857 = VECTOR('',#5858,1.);
#5858 = DIRECTION('',(0.,0.,1.));
#5859 = ORIENTED_EDGE('',*,*,#3163,.F.);
#5860 = ORIENTED_EDGE('',*,*,#5861,.F.);
#5861 = EDGE_CURVE('',#1318,#3164,#5862,.T.);
#5862 = LINE('',#5863,#5864);
#5863 = CARTESIAN_POINT('',(224.09841,172.017215,-4.6E-02));
#5864 = VECTOR('',#5865,1.);
#5865 = DIRECTION('',(0.,0.,1.));
#5866 = CYLINDRICAL_SURFACE('',#5867,0.381);
#5867 = AXIS2_PLACEMENT_3D('',#5868,#5869,#5870);
#5868 = CARTESIAN_POINT('',(224.09841,171.636215,-4.6E-02));
#5869 = DIRECTION('',(-0.,-0.,-1.));
#5870 = DIRECTION('',(-0.,-1.,0.));
#5871 = ADVANCED_FACE('',(#5872),#5883,.T.);
#5872 = FACE_BOUND('',#5873,.T.);
#5873 = EDGE_LOOP('',(#5874,#5875,#5876,#5877));
#5874 = ORIENTED_EDGE('',*,*,#1345,.T.);
#5875 = ORIENTED_EDGE('',*,*,#5861,.T.);
#5876 = ORIENTED_EDGE('',*,*,#3191,.F.);
#5877 = ORIENTED_EDGE('',*,*,#5878,.F.);
#5878 = EDGE_CURVE('',#1337,#3183,#5879,.T.);
#5879 = LINE('',#5880,#5881);
#5880 = CARTESIAN_POINT('',(215.97041,172.017215,-4.6E-02));
#5881 = VECTOR('',#5882,1.);
#5882 = DIRECTION('',(0.,0.,1.));
#5883 = PLANE('',#5884);
#5884 = AXIS2_PLACEMENT_3D('',#5885,#5886,#5887);
#5885 = CARTESIAN_POINT('',(224.09841,172.017215,-4.6E-02));
#5886 = DIRECTION('',(0.,-1.,0.));
#5887 = DIRECTION('',(-1.,0.,0.));
#5888 = ADVANCED_FACE('',(#5889),#5900,.F.);
#5889 = FACE_BOUND('',#5890,.T.);
#5890 = EDGE_LOOP('',(#5891,#5892,#5893,#5894));
#5891 = ORIENTED_EDGE('',*,*,#1336,.T.);
#5892 = ORIENTED_EDGE('',*,*,#5878,.T.);
#5893 = ORIENTED_EDGE('',*,*,#3182,.F.);
#5894 = ORIENTED_EDGE('',*,*,#5895,.F.);
#5895 = EDGE_CURVE('',#1329,#3175,#5896,.T.);
#5896 = LINE('',#5897,#5898);
#5897 = CARTESIAN_POINT('',(215.97041,171.255215,-4.6E-02));
#5898 = VECTOR('',#5899,1.);
#5899 = DIRECTION('',(0.,0.,1.));
#5900 = CYLINDRICAL_SURFACE('',#5901,0.381);
#5901 = AXIS2_PLACEMENT_3D('',#5902,#5903,#5904);
#5902 = CARTESIAN_POINT('',(215.97041,171.636215,-4.6E-02));
#5903 = DIRECTION('',(-0.,-0.,-1.));
#5904 = DIRECTION('',(7.459766254699E-14,1.,-0.));
#5905 = ADVANCED_FACE('',(#5906),#5912,.T.);
#5906 = FACE_BOUND('',#5907,.T.);
#5907 = EDGE_LOOP('',(#5908,#5909,#5910,#5911));
#5908 = ORIENTED_EDGE('',*,*,#1328,.T.);
#5909 = ORIENTED_EDGE('',*,*,#5895,.T.);
#5910 = ORIENTED_EDGE('',*,*,#3174,.F.);
#5911 = ORIENTED_EDGE('',*,*,#5854,.F.);
#5912 = PLANE('',#5913);
#5913 = AXIS2_PLACEMENT_3D('',#5914,#5915,#5916);
#5914 = CARTESIAN_POINT('',(215.97041,171.255215,-4.6E-02));
#5915 = DIRECTION('',(0.,1.,0.));
#5916 = DIRECTION('',(1.,0.,0.));
#5917 = ADVANCED_FACE('',(#5918),#5929,.F.);
#5918 = FACE_BOUND('',#5919,.T.);
#5919 = EDGE_LOOP('',(#5920,#5921,#5927,#5928));
#5920 = ORIENTED_EDGE('',*,*,#1353,.T.);
#5921 = ORIENTED_EDGE('',*,*,#5922,.T.);
#5922 = EDGE_CURVE('',#1354,#3200,#5923,.T.);
#5923 = LINE('',#5924,#5925);
#5924 = CARTESIAN_POINT('',(210.68101,175.139475,-4.6E-02));
#5925 = VECTOR('',#5926,1.);
#5926 = DIRECTION('',(0.,0.,1.));
#5927 = ORIENTED_EDGE('',*,*,#3199,.F.);
#5928 = ORIENTED_EDGE('',*,*,#5922,.F.);
#5929 = CYLINDRICAL_SURFACE('',#5930,0.51);
#5930 = AXIS2_PLACEMENT_3D('',#5931,#5932,#5933);
#5931 = CARTESIAN_POINT('',(210.68101,175.649475,-4.6E-02));
#5932 = DIRECTION('',(-0.,-0.,-1.));
#5933 = DIRECTION('',(-5.57288420204E-14,-1.,0.));
#5934 = ADVANCED_FACE('',(#5935),#5946,.F.);
#5935 = FACE_BOUND('',#5936,.T.);
#5936 = EDGE_LOOP('',(#5937,#5938,#5944,#5945));
#5937 = ORIENTED_EDGE('',*,*,#1364,.T.);
#5938 = ORIENTED_EDGE('',*,*,#5939,.T.);
#5939 = EDGE_CURVE('',#1365,#3211,#5940,.T.);
#5940 = LINE('',#5941,#5942);
#5941 = CARTESIAN_POINT('',(213.22101,175.139475,-4.6E-02));
#5942 = VECTOR('',#5943,1.);
#5943 = DIRECTION('',(0.,0.,1.));
#5944 = ORIENTED_EDGE('',*,*,#3210,.F.);
#5945 = ORIENTED_EDGE('',*,*,#5939,.F.);
#5946 = CYLINDRICAL_SURFACE('',#5947,0.51);
#5947 = AXIS2_PLACEMENT_3D('',#5948,#5949,#5950);
#5948 = CARTESIAN_POINT('',(213.22101,175.649475,-4.6E-02));
#5949 = DIRECTION('',(-0.,0.,-1.));
#5950 = DIRECTION('',(5.57288420204E-14,-1.,-0.));
#5951 = ADVANCED_FACE('',(#5952),#5963,.F.);
#5952 = FACE_BOUND('',#5953,.T.);
#5953 = EDGE_LOOP('',(#5954,#5955,#5961,#5962));
#5954 = ORIENTED_EDGE('',*,*,#1375,.T.);
#5955 = ORIENTED_EDGE('',*,*,#5956,.T.);
#5956 = EDGE_CURVE('',#1376,#3222,#5957,.T.);
#5957 = LINE('',#5958,#5959);
#5958 = CARTESIAN_POINT('',(210.68101,177.679475,-4.6E-02));
#5959 = VECTOR('',#5960,1.);
#5960 = DIRECTION('',(0.,0.,1.));
#5961 = ORIENTED_EDGE('',*,*,#3221,.F.);
#5962 = ORIENTED_EDGE('',*,*,#5956,.F.);
#5963 = CYLINDRICAL_SURFACE('',#5964,0.51);
#5964 = AXIS2_PLACEMENT_3D('',#5965,#5966,#5967);
#5965 = CARTESIAN_POINT('',(210.68101,178.189475,-4.6E-02));
#5966 = DIRECTION('',(-0.,-0.,-1.));
#5967 = DIRECTION('',(-5.57288420204E-14,-1.,0.));
#5968 = ADVANCED_FACE('',(#5969),#5980,.F.);
#5969 = FACE_BOUND('',#5970,.T.);
#5970 = EDGE_LOOP('',(#5971,#5972,#5978,#5979));
#5971 = ORIENTED_EDGE('',*,*,#1386,.T.);
#5972 = ORIENTED_EDGE('',*,*,#5973,.T.);
#5973 = EDGE_CURVE('',#1387,#3233,#5974,.T.);
#5974 = LINE('',#5975,#5976);
#5975 = CARTESIAN_POINT('',(213.22101,177.679475,-4.6E-02));
#5976 = VECTOR('',#5977,1.);
#5977 = DIRECTION('',(0.,0.,1.));
#5978 = ORIENTED_EDGE('',*,*,#3232,.F.);
#5979 = ORIENTED_EDGE('',*,*,#5973,.F.);
#5980 = CYLINDRICAL_SURFACE('',#5981,0.51);
#5981 = AXIS2_PLACEMENT_3D('',#5982,#5983,#5984);
#5982 = CARTESIAN_POINT('',(213.22101,178.189475,-4.6E-02));
#5983 = DIRECTION('',(-0.,0.,-1.));
#5984 = DIRECTION('',(5.57288420204E-14,-1.,-0.));
#5985 = ADVANCED_FACE('',(#5986),#5997,.F.);
#5986 = FACE_BOUND('',#5987,.T.);
#5987 = EDGE_LOOP('',(#5988,#5989,#5995,#5996));
#5988 = ORIENTED_EDGE('',*,*,#1397,.T.);
#5989 = ORIENTED_EDGE('',*,*,#5990,.T.);
#5990 = EDGE_CURVE('',#1398,#3244,#5991,.T.);
#5991 = LINE('',#5992,#5993);
#5992 = CARTESIAN_POINT('',(215.76101,175.139475,-4.6E-02));
#5993 = VECTOR('',#5994,1.);
#5994 = DIRECTION('',(0.,0.,1.));
#5995 = ORIENTED_EDGE('',*,*,#3243,.F.);
#5996 = ORIENTED_EDGE('',*,*,#5990,.F.);
#5997 = CYLINDRICAL_SURFACE('',#5998,0.51);
#5998 = AXIS2_PLACEMENT_3D('',#5999,#6000,#6001);
#5999 = CARTESIAN_POINT('',(215.76101,175.649475,-4.6E-02));
#6000 = DIRECTION('',(-0.,-0.,-1.));
#6001 = DIRECTION('',(-0.,-1.,0.));
#6002 = ADVANCED_FACE('',(#6003),#6014,.F.);
#6003 = FACE_BOUND('',#6004,.T.);
#6004 = EDGE_LOOP('',(#6005,#6006,#6012,#6013));
#6005 = ORIENTED_EDGE('',*,*,#1408,.T.);
#6006 = ORIENTED_EDGE('',*,*,#6007,.T.);
#6007 = EDGE_CURVE('',#1409,#3255,#6008,.T.);
#6008 = LINE('',#6009,#6010);
#6009 = CARTESIAN_POINT('',(218.30101,175.139475,-4.6E-02));
#6010 = VECTOR('',#6011,1.);
#6011 = DIRECTION('',(0.,0.,1.));
#6012 = ORIENTED_EDGE('',*,*,#3254,.F.);
#6013 = ORIENTED_EDGE('',*,*,#6007,.F.);
#6014 = CYLINDRICAL_SURFACE('',#6015,0.51);
#6015 = AXIS2_PLACEMENT_3D('',#6016,#6017,#6018);
#6016 = CARTESIAN_POINT('',(218.30101,175.649475,-4.6E-02));
#6017 = DIRECTION('',(-0.,-0.,-1.));
#6018 = DIRECTION('',(-5.57288420204E-14,-1.,0.));
#6019 = ADVANCED_FACE('',(#6020),#6031,.F.);
#6020 = FACE_BOUND('',#6021,.T.);
#6021 = EDGE_LOOP('',(#6022,#6023,#6029,#6030));
#6022 = ORIENTED_EDGE('',*,*,#1419,.T.);
#6023 = ORIENTED_EDGE('',*,*,#6024,.T.);
#6024 = EDGE_CURVE('',#1420,#3266,#6025,.T.);
#6025 = LINE('',#6026,#6027);
#6026 = CARTESIAN_POINT('',(215.76101,177.679475,-4.6E-02));
#6027 = VECTOR('',#6028,1.);
#6028 = DIRECTION('',(0.,0.,1.));
#6029 = ORIENTED_EDGE('',*,*,#3265,.F.);
#6030 = ORIENTED_EDGE('',*,*,#6024,.F.);
#6031 = CYLINDRICAL_SURFACE('',#6032,0.51);
#6032 = AXIS2_PLACEMENT_3D('',#6033,#6034,#6035);
#6033 = CARTESIAN_POINT('',(215.76101,178.189475,-4.6E-02));
#6034 = DIRECTION('',(-0.,-0.,-1.));
#6035 = DIRECTION('',(-0.,-1.,0.));
#6036 = ADVANCED_FACE('',(#6037),#6048,.F.);
#6037 = FACE_BOUND('',#6038,.T.);
#6038 = EDGE_LOOP('',(#6039,#6040,#6046,#6047));
#6039 = ORIENTED_EDGE('',*,*,#1430,.T.);
#6040 = ORIENTED_EDGE('',*,*,#6041,.T.);
#6041 = EDGE_CURVE('',#1431,#3277,#6042,.T.);
#6042 = LINE('',#6043,#6044);
#6043 = CARTESIAN_POINT('',(218.30101,177.679475,-4.6E-02));
#6044 = VECTOR('',#6045,1.);
#6045 = DIRECTION('',(0.,0.,1.));
#6046 = ORIENTED_EDGE('',*,*,#3276,.F.);
#6047 = ORIENTED_EDGE('',*,*,#6041,.F.);
#6048 = CYLINDRICAL_SURFACE('',#6049,0.51);
#6049 = AXIS2_PLACEMENT_3D('',#6050,#6051,#6052);
#6050 = CARTESIAN_POINT('',(218.30101,178.189475,-4.6E-02));
#6051 = DIRECTION('',(-0.,-0.,-1.));
#6052 = DIRECTION('',(-5.57288420204E-14,-1.,0.));
#6053 = ADVANCED_FACE('',(#6054),#6065,.F.);
#6054 = FACE_BOUND('',#6055,.T.);
#6055 = EDGE_LOOP('',(#6056,#6057,#6063,#6064));
#6056 = ORIENTED_EDGE('',*,*,#1441,.T.);
#6057 = ORIENTED_EDGE('',*,*,#6058,.T.);
#6058 = EDGE_CURVE('',#1442,#3288,#6059,.T.);
#6059 = LINE('',#6060,#6061);
#6060 = CARTESIAN_POINT('',(210.68101,180.665445,-4.6E-02));
#6061 = VECTOR('',#6062,1.);
#6062 = DIRECTION('',(0.,0.,1.));
#6063 = ORIENTED_EDGE('',*,*,#3287,.F.);
#6064 = ORIENTED_EDGE('',*,*,#6058,.F.);
#6065 = CYLINDRICAL_SURFACE('',#6066,0.51);
#6066 = AXIS2_PLACEMENT_3D('',#6067,#6068,#6069);
#6067 = CARTESIAN_POINT('',(210.68101,181.175445,-4.6E-02));
#6068 = DIRECTION('',(-0.,-0.,-1.));
#6069 = DIRECTION('',(-5.57288420204E-14,-1.,0.));
#6070 = ADVANCED_FACE('',(#6071),#6082,.F.);
#6071 = FACE_BOUND('',#6072,.T.);
#6072 = EDGE_LOOP('',(#6073,#6074,#6080,#6081));
#6073 = ORIENTED_EDGE('',*,*,#1452,.T.);
#6074 = ORIENTED_EDGE('',*,*,#6075,.T.);
#6075 = EDGE_CURVE('',#1453,#3299,#6076,.T.);
#6076 = LINE('',#6077,#6078);
#6077 = CARTESIAN_POINT('',(213.22101,180.665445,-4.6E-02));
#6078 = VECTOR('',#6079,1.);
#6079 = DIRECTION('',(0.,0.,1.));
#6080 = ORIENTED_EDGE('',*,*,#3298,.F.);
#6081 = ORIENTED_EDGE('',*,*,#6075,.F.);
#6082 = CYLINDRICAL_SURFACE('',#6083,0.51);
#6083 = AXIS2_PLACEMENT_3D('',#6084,#6085,#6086);
#6084 = CARTESIAN_POINT('',(213.22101,181.175445,-4.6E-02));
#6085 = DIRECTION('',(-0.,0.,-1.));
#6086 = DIRECTION('',(5.57288420204E-14,-1.,-0.));
#6087 = ADVANCED_FACE('',(#6088),#6099,.F.);
#6088 = FACE_BOUND('',#6089,.T.);
#6089 = EDGE_LOOP('',(#6090,#6091,#6097,#6098));
#6090 = ORIENTED_EDGE('',*,*,#1463,.T.);
#6091 = ORIENTED_EDGE('',*,*,#6092,.T.);
#6092 = EDGE_CURVE('',#1464,#3310,#6093,.T.);
#6093 = LINE('',#6094,#6095);
#6094 = CARTESIAN_POINT('',(210.68101,183.205445,-4.6E-02));
#6095 = VECTOR('',#6096,1.);
#6096 = DIRECTION('',(0.,0.,1.));
#6097 = ORIENTED_EDGE('',*,*,#3309,.F.);
#6098 = ORIENTED_EDGE('',*,*,#6092,.F.);
#6099 = CYLINDRICAL_SURFACE('',#6100,0.51);
#6100 = AXIS2_PLACEMENT_3D('',#6101,#6102,#6103);
#6101 = CARTESIAN_POINT('',(210.68101,183.715445,-4.6E-02));
#6102 = DIRECTION('',(-0.,-0.,-1.));
#6103 = DIRECTION('',(-5.57288420204E-14,-1.,0.));
#6104 = ADVANCED_FACE('',(#6105),#6116,.F.);
#6105 = FACE_BOUND('',#6106,.T.);
#6106 = EDGE_LOOP('',(#6107,#6108,#6114,#6115));
#6107 = ORIENTED_EDGE('',*,*,#1474,.T.);
#6108 = ORIENTED_EDGE('',*,*,#6109,.T.);
#6109 = EDGE_CURVE('',#1475,#3321,#6110,.T.);
#6110 = LINE('',#6111,#6112);
#6111 = CARTESIAN_POINT('',(213.22101,183.205445,-4.6E-02));
#6112 = VECTOR('',#6113,1.);
#6113 = DIRECTION('',(0.,0.,1.));
#6114 = ORIENTED_EDGE('',*,*,#3320,.F.);
#6115 = ORIENTED_EDGE('',*,*,#6109,.F.);
#6116 = CYLINDRICAL_SURFACE('',#6117,0.51);
#6117 = AXIS2_PLACEMENT_3D('',#6118,#6119,#6120);
#6118 = CARTESIAN_POINT('',(213.22101,183.715445,-4.6E-02));
#6119 = DIRECTION('',(-0.,0.,-1.));
#6120 = DIRECTION('',(5.57288420204E-14,-1.,-0.));
#6121 = ADVANCED_FACE('',(#6122),#6133,.F.);
#6122 = FACE_BOUND('',#6123,.T.);
#6123 = EDGE_LOOP('',(#6124,#6125,#6131,#6132));
#6124 = ORIENTED_EDGE('',*,*,#1485,.T.);
#6125 = ORIENTED_EDGE('',*,*,#6126,.T.);
#6126 = EDGE_CURVE('',#1486,#3332,#6127,.T.);
#6127 = LINE('',#6128,#6129);
#6128 = CARTESIAN_POINT('',(215.76101,180.665445,-4.6E-02));
#6129 = VECTOR('',#6130,1.);
#6130 = DIRECTION('',(0.,0.,1.));
#6131 = ORIENTED_EDGE('',*,*,#3331,.F.);
#6132 = ORIENTED_EDGE('',*,*,#6126,.F.);
#6133 = CYLINDRICAL_SURFACE('',#6134,0.51);
#6134 = AXIS2_PLACEMENT_3D('',#6135,#6136,#6137);
#6135 = CARTESIAN_POINT('',(215.76101,181.175445,-4.6E-02));
#6136 = DIRECTION('',(-0.,-0.,-1.));
#6137 = DIRECTION('',(-0.,-1.,0.));
#6138 = ADVANCED_FACE('',(#6139),#6150,.F.);
#6139 = FACE_BOUND('',#6140,.T.);
#6140 = EDGE_LOOP('',(#6141,#6142,#6148,#6149));
#6141 = ORIENTED_EDGE('',*,*,#1496,.T.);
#6142 = ORIENTED_EDGE('',*,*,#6143,.T.);
#6143 = EDGE_CURVE('',#1497,#3343,#6144,.T.);
#6144 = LINE('',#6145,#6146);
#6145 = CARTESIAN_POINT('',(218.30101,180.665445,-4.6E-02));
#6146 = VECTOR('',#6147,1.);
#6147 = DIRECTION('',(0.,0.,1.));
#6148 = ORIENTED_EDGE('',*,*,#3342,.F.);
#6149 = ORIENTED_EDGE('',*,*,#6143,.F.);
#6150 = CYLINDRICAL_SURFACE('',#6151,0.51);
#6151 = AXIS2_PLACEMENT_3D('',#6152,#6153,#6154);
#6152 = CARTESIAN_POINT('',(218.30101,181.175445,-4.6E-02));
#6153 = DIRECTION('',(-0.,-0.,-1.));
#6154 = DIRECTION('',(-5.57288420204E-14,-1.,0.));
#6155 = ADVANCED_FACE('',(#6156),#6167,.F.);
#6156 = FACE_BOUND('',#6157,.T.);
#6157 = EDGE_LOOP('',(#6158,#6159,#6165,#6166));
#6158 = ORIENTED_EDGE('',*,*,#1507,.T.);
#6159 = ORIENTED_EDGE('',*,*,#6160,.T.);
#6160 = EDGE_CURVE('',#1508,#3354,#6161,.T.);
#6161 = LINE('',#6162,#6163);
#6162 = CARTESIAN_POINT('',(215.76101,183.205445,-4.6E-02));
#6163 = VECTOR('',#6164,1.);
#6164 = DIRECTION('',(0.,0.,1.));
#6165 = ORIENTED_EDGE('',*,*,#3353,.F.);
#6166 = ORIENTED_EDGE('',*,*,#6160,.F.);
#6167 = CYLINDRICAL_SURFACE('',#6168,0.51);
#6168 = AXIS2_PLACEMENT_3D('',#6169,#6170,#6171);
#6169 = CARTESIAN_POINT('',(215.76101,183.715445,-4.6E-02));
#6170 = DIRECTION('',(-0.,-0.,-1.));
#6171 = DIRECTION('',(-0.,-1.,0.));
#6172 = ADVANCED_FACE('',(#6173),#6184,.F.);
#6173 = FACE_BOUND('',#6174,.T.);
#6174 = EDGE_LOOP('',(#6175,#6176,#6182,#6183));
#6175 = ORIENTED_EDGE('',*,*,#1518,.T.);
#6176 = ORIENTED_EDGE('',*,*,#6177,.T.);
#6177 = EDGE_CURVE('',#1519,#3365,#6178,.T.);
#6178 = LINE('',#6179,#6180);
#6179 = CARTESIAN_POINT('',(218.30101,183.205445,-4.6E-02));
#6180 = VECTOR('',#6181,1.);
#6181 = DIRECTION('',(0.,0.,1.));
#6182 = ORIENTED_EDGE('',*,*,#3364,.F.);
#6183 = ORIENTED_EDGE('',*,*,#6177,.F.);
#6184 = CYLINDRICAL_SURFACE('',#6185,0.51);
#6185 = AXIS2_PLACEMENT_3D('',#6186,#6187,#6188);
#6186 = CARTESIAN_POINT('',(218.30101,183.715445,-4.6E-02));
#6187 = DIRECTION('',(-0.,-0.,-1.));
#6188 = DIRECTION('',(-5.57288420204E-14,-1.,0.));
#6189 = ADVANCED_FACE('',(#6190),#6201,.F.);
#6190 = FACE_BOUND('',#6191,.T.);
#6191 = EDGE_LOOP('',(#6192,#6193,#6199,#6200));
#6192 = ORIENTED_EDGE('',*,*,#1529,.T.);
#6193 = ORIENTED_EDGE('',*,*,#6194,.T.);
#6194 = EDGE_CURVE('',#1530,#3376,#6195,.T.);
#6195 = LINE('',#6196,#6197);
#6196 = CARTESIAN_POINT('',(220.84101,175.139475,-4.6E-02));
#6197 = VECTOR('',#6198,1.);
#6198 = DIRECTION('',(0.,0.,1.));
#6199 = ORIENTED_EDGE('',*,*,#3375,.F.);
#6200 = ORIENTED_EDGE('',*,*,#6194,.F.);
#6201 = CYLINDRICAL_SURFACE('',#6202,0.51);
#6202 = AXIS2_PLACEMENT_3D('',#6203,#6204,#6205);
#6203 = CARTESIAN_POINT('',(220.84101,175.649475,-4.6E-02));
#6204 = DIRECTION('',(-0.,0.,-1.));
#6205 = DIRECTION('',(5.57288420204E-14,-1.,-0.));
#6206 = ADVANCED_FACE('',(#6207),#6218,.F.);
#6207 = FACE_BOUND('',#6208,.T.);
#6208 = EDGE_LOOP('',(#6209,#6210,#6216,#6217));
#6209 = ORIENTED_EDGE('',*,*,#1540,.T.);
#6210 = ORIENTED_EDGE('',*,*,#6211,.T.);
#6211 = EDGE_CURVE('',#1541,#3387,#6212,.T.);
#6212 = LINE('',#6213,#6214);
#6213 = CARTESIAN_POINT('',(223.38101,175.139475,-4.6E-02));
#6214 = VECTOR('',#6215,1.);
#6215 = DIRECTION('',(0.,0.,1.));
#6216 = ORIENTED_EDGE('',*,*,#3386,.F.);
#6217 = ORIENTED_EDGE('',*,*,#6211,.F.);
#6218 = CYLINDRICAL_SURFACE('',#6219,0.51);
#6219 = AXIS2_PLACEMENT_3D('',#6220,#6221,#6222);
#6220 = CARTESIAN_POINT('',(223.38101,175.649475,-4.6E-02));
#6221 = DIRECTION('',(-0.,-0.,-1.));
#6222 = DIRECTION('',(-0.,-1.,0.));
#6223 = ADVANCED_FACE('',(#6224),#6235,.F.);
#6224 = FACE_BOUND('',#6225,.T.);
#6225 = EDGE_LOOP('',(#6226,#6227,#6233,#6234));
#6226 = ORIENTED_EDGE('',*,*,#1551,.T.);
#6227 = ORIENTED_EDGE('',*,*,#6228,.T.);
#6228 = EDGE_CURVE('',#1552,#3398,#6229,.T.);
#6229 = LINE('',#6230,#6231);
#6230 = CARTESIAN_POINT('',(220.84101,177.679475,-4.6E-02));
#6231 = VECTOR('',#6232,1.);
#6232 = DIRECTION('',(0.,0.,1.));
#6233 = ORIENTED_EDGE('',*,*,#3397,.F.);
#6234 = ORIENTED_EDGE('',*,*,#6228,.F.);
#6235 = CYLINDRICAL_SURFACE('',#6236,0.51);
#6236 = AXIS2_PLACEMENT_3D('',#6237,#6238,#6239);
#6237 = CARTESIAN_POINT('',(220.84101,178.189475,-4.6E-02));
#6238 = DIRECTION('',(-0.,0.,-1.));
#6239 = DIRECTION('',(5.57288420204E-14,-1.,-0.));
#6240 = ADVANCED_FACE('',(#6241),#6252,.F.);
#6241 = FACE_BOUND('',#6242,.T.);
#6242 = EDGE_LOOP('',(#6243,#6244,#6250,#6251));
#6243 = ORIENTED_EDGE('',*,*,#1562,.T.);
#6244 = ORIENTED_EDGE('',*,*,#6245,.T.);
#6245 = EDGE_CURVE('',#1563,#3409,#6246,.T.);
#6246 = LINE('',#6247,#6248);
#6247 = CARTESIAN_POINT('',(223.38101,177.679475,-4.6E-02));
#6248 = VECTOR('',#6249,1.);
#6249 = DIRECTION('',(0.,0.,1.));
#6250 = ORIENTED_EDGE('',*,*,#3408,.F.);
#6251 = ORIENTED_EDGE('',*,*,#6245,.F.);
#6252 = CYLINDRICAL_SURFACE('',#6253,0.51);
#6253 = AXIS2_PLACEMENT_3D('',#6254,#6255,#6256);
#6254 = CARTESIAN_POINT('',(223.38101,178.189475,-4.6E-02));
#6255 = DIRECTION('',(-0.,-0.,-1.));
#6256 = DIRECTION('',(-0.,-1.,0.));
#6257 = ADVANCED_FACE('',(#6258),#6269,.F.);
#6258 = FACE_BOUND('',#6259,.T.);
#6259 = EDGE_LOOP('',(#6260,#6261,#6267,#6268));
#6260 = ORIENTED_EDGE('',*,*,#1573,.T.);
#6261 = ORIENTED_EDGE('',*,*,#6262,.T.);
#6262 = EDGE_CURVE('',#1574,#3420,#6263,.T.);
#6263 = LINE('',#6264,#6265);
#6264 = CARTESIAN_POINT('',(225.92101,175.139475,-4.6E-02));
#6265 = VECTOR('',#6266,1.);
#6266 = DIRECTION('',(0.,0.,1.));
#6267 = ORIENTED_EDGE('',*,*,#3419,.F.);
#6268 = ORIENTED_EDGE('',*,*,#6262,.F.);
#6269 = CYLINDRICAL_SURFACE('',#6270,0.51);
#6270 = AXIS2_PLACEMENT_3D('',#6271,#6272,#6273);
#6271 = CARTESIAN_POINT('',(225.92101,175.649475,-4.6E-02));
#6272 = DIRECTION('',(-0.,-0.,-1.));
#6273 = DIRECTION('',(-0.,-1.,0.));
#6274 = ADVANCED_FACE('',(#6275),#6286,.F.);
#6275 = FACE_BOUND('',#6276,.T.);
#6276 = EDGE_LOOP('',(#6277,#6278,#6284,#6285));
#6277 = ORIENTED_EDGE('',*,*,#1584,.T.);
#6278 = ORIENTED_EDGE('',*,*,#6279,.T.);
#6279 = EDGE_CURVE('',#1585,#3431,#6280,.T.);
#6280 = LINE('',#6281,#6282);
#6281 = CARTESIAN_POINT('',(228.46101,175.139475,-4.6E-02));
#6282 = VECTOR('',#6283,1.);
#6283 = DIRECTION('',(0.,0.,1.));
#6284 = ORIENTED_EDGE('',*,*,#3430,.F.);
#6285 = ORIENTED_EDGE('',*,*,#6279,.F.);
#6286 = CYLINDRICAL_SURFACE('',#6287,0.51);
#6287 = AXIS2_PLACEMENT_3D('',#6288,#6289,#6290);
#6288 = CARTESIAN_POINT('',(228.46101,175.649475,-4.6E-02));
#6289 = DIRECTION('',(-0.,-0.,-1.));
#6290 = DIRECTION('',(-0.,-1.,0.));
#6291 = ADVANCED_FACE('',(#6292),#6303,.F.);
#6292 = FACE_BOUND('',#6293,.T.);
#6293 = EDGE_LOOP('',(#6294,#6295,#6301,#6302));
#6294 = ORIENTED_EDGE('',*,*,#1595,.T.);
#6295 = ORIENTED_EDGE('',*,*,#6296,.T.);
#6296 = EDGE_CURVE('',#1596,#3442,#6297,.T.);
#6297 = LINE('',#6298,#6299);
#6298 = CARTESIAN_POINT('',(225.92101,177.679475,-4.6E-02));
#6299 = VECTOR('',#6300,1.);
#6300 = DIRECTION('',(0.,0.,1.));
#6301 = ORIENTED_EDGE('',*,*,#3441,.F.);
#6302 = ORIENTED_EDGE('',*,*,#6296,.F.);
#6303 = CYLINDRICAL_SURFACE('',#6304,0.51);
#6304 = AXIS2_PLACEMENT_3D('',#6305,#6306,#6307);
#6305 = CARTESIAN_POINT('',(225.92101,178.189475,-4.6E-02));
#6306 = DIRECTION('',(-0.,-0.,-1.));
#6307 = DIRECTION('',(-0.,-1.,0.));
#6308 = ADVANCED_FACE('',(#6309),#6320,.F.);
#6309 = FACE_BOUND('',#6310,.T.);
#6310 = EDGE_LOOP('',(#6311,#6312,#6318,#6319));
#6311 = ORIENTED_EDGE('',*,*,#1606,.T.);
#6312 = ORIENTED_EDGE('',*,*,#6313,.T.);
#6313 = EDGE_CURVE('',#1607,#3453,#6314,.T.);
#6314 = LINE('',#6315,#6316);
#6315 = CARTESIAN_POINT('',(228.46101,177.679475,-4.6E-02));
#6316 = VECTOR('',#6317,1.);
#6317 = DIRECTION('',(0.,0.,1.));
#6318 = ORIENTED_EDGE('',*,*,#3452,.F.);
#6319 = ORIENTED_EDGE('',*,*,#6313,.F.);
#6320 = CYLINDRICAL_SURFACE('',#6321,0.51);
#6321 = AXIS2_PLACEMENT_3D('',#6322,#6323,#6324);
#6322 = CARTESIAN_POINT('',(228.46101,178.189475,-4.6E-02));
#6323 = DIRECTION('',(-0.,-0.,-1.));
#6324 = DIRECTION('',(-0.,-1.,0.));
#6325 = ADVANCED_FACE('',(#6326),#6337,.F.);
#6326 = FACE_BOUND('',#6327,.T.);
#6327 = EDGE_LOOP('',(#6328,#6329,#6335,#6336));
#6328 = ORIENTED_EDGE('',*,*,#1617,.T.);
#6329 = ORIENTED_EDGE('',*,*,#6330,.T.);
#6330 = EDGE_CURVE('',#1618,#3464,#6331,.T.);
#6331 = LINE('',#6332,#6333);
#6332 = CARTESIAN_POINT('',(220.84101,180.665445,-4.6E-02));
#6333 = VECTOR('',#6334,1.);
#6334 = DIRECTION('',(0.,0.,1.));
#6335 = ORIENTED_EDGE('',*,*,#3463,.F.);
#6336 = ORIENTED_EDGE('',*,*,#6330,.F.);
#6337 = CYLINDRICAL_SURFACE('',#6338,0.51);
#6338 = AXIS2_PLACEMENT_3D('',#6339,#6340,#6341);
#6339 = CARTESIAN_POINT('',(220.84101,181.175445,-4.6E-02));
#6340 = DIRECTION('',(-0.,0.,-1.));
#6341 = DIRECTION('',(5.57288420204E-14,-1.,-0.));
#6342 = ADVANCED_FACE('',(#6343),#6354,.F.);
#6343 = FACE_BOUND('',#6344,.T.);
#6344 = EDGE_LOOP('',(#6345,#6346,#6352,#6353));
#6345 = ORIENTED_EDGE('',*,*,#1628,.T.);
#6346 = ORIENTED_EDGE('',*,*,#6347,.T.);
#6347 = EDGE_CURVE('',#1629,#3475,#6348,.T.);
#6348 = LINE('',#6349,#6350);
#6349 = CARTESIAN_POINT('',(223.38101,180.665445,-4.6E-02));
#6350 = VECTOR('',#6351,1.);
#6351 = DIRECTION('',(0.,0.,1.));
#6352 = ORIENTED_EDGE('',*,*,#3474,.F.);
#6353 = ORIENTED_EDGE('',*,*,#6347,.F.);
#6354 = CYLINDRICAL_SURFACE('',#6355,0.51);
#6355 = AXIS2_PLACEMENT_3D('',#6356,#6357,#6358);
#6356 = CARTESIAN_POINT('',(223.38101,181.175445,-4.6E-02));
#6357 = DIRECTION('',(-0.,-0.,-1.));
#6358 = DIRECTION('',(-0.,-1.,0.));
#6359 = ADVANCED_FACE('',(#6360),#6371,.F.);
#6360 = FACE_BOUND('',#6361,.T.);
#6361 = EDGE_LOOP('',(#6362,#6363,#6369,#6370));
#6362 = ORIENTED_EDGE('',*,*,#1639,.T.);
#6363 = ORIENTED_EDGE('',*,*,#6364,.T.);
#6364 = EDGE_CURVE('',#1640,#3486,#6365,.T.);
#6365 = LINE('',#6366,#6367);
#6366 = CARTESIAN_POINT('',(220.84101,183.205445,-4.6E-02));
#6367 = VECTOR('',#6368,1.);
#6368 = DIRECTION('',(0.,0.,1.));
#6369 = ORIENTED_EDGE('',*,*,#3485,.F.);
#6370 = ORIENTED_EDGE('',*,*,#6364,.F.);
#6371 = CYLINDRICAL_SURFACE('',#6372,0.51);
#6372 = AXIS2_PLACEMENT_3D('',#6373,#6374,#6375);
#6373 = CARTESIAN_POINT('',(220.84101,183.715445,-4.6E-02));
#6374 = DIRECTION('',(-0.,0.,-1.));
#6375 = DIRECTION('',(5.57288420204E-14,-1.,-0.));
#6376 = ADVANCED_FACE('',(#6377),#6388,.F.);
#6377 = FACE_BOUND('',#6378,.T.);
#6378 = EDGE_LOOP('',(#6379,#6380,#6386,#6387));
#6379 = ORIENTED_EDGE('',*,*,#1650,.T.);
#6380 = ORIENTED_EDGE('',*,*,#6381,.T.);
#6381 = EDGE_CURVE('',#1651,#3497,#6382,.T.);
#6382 = LINE('',#6383,#6384);
#6383 = CARTESIAN_POINT('',(223.38101,183.205445,-4.6E-02));
#6384 = VECTOR('',#6385,1.);
#6385 = DIRECTION('',(0.,0.,1.));
#6386 = ORIENTED_EDGE('',*,*,#3496,.F.);
#6387 = ORIENTED_EDGE('',*,*,#6381,.F.);
#6388 = CYLINDRICAL_SURFACE('',#6389,0.51);
#6389 = AXIS2_PLACEMENT_3D('',#6390,#6391,#6392);
#6390 = CARTESIAN_POINT('',(223.38101,183.715445,-4.6E-02));
#6391 = DIRECTION('',(-0.,-0.,-1.));
#6392 = DIRECTION('',(-0.,-1.,0.));
#6393 = ADVANCED_FACE('',(#6394),#6405,.F.);
#6394 = FACE_BOUND('',#6395,.T.);
#6395 = EDGE_LOOP('',(#6396,#6397,#6403,#6404));
#6396 = ORIENTED_EDGE('',*,*,#1661,.T.);
#6397 = ORIENTED_EDGE('',*,*,#6398,.T.);
#6398 = EDGE_CURVE('',#1662,#3508,#6399,.T.);
#6399 = LINE('',#6400,#6401);
#6400 = CARTESIAN_POINT('',(225.92101,180.665445,-4.6E-02));
#6401 = VECTOR('',#6402,1.);
#6402 = DIRECTION('',(0.,0.,1.));
#6403 = ORIENTED_EDGE('',*,*,#3507,.F.);
#6404 = ORIENTED_EDGE('',*,*,#6398,.F.);
#6405 = CYLINDRICAL_SURFACE('',#6406,0.51);
#6406 = AXIS2_PLACEMENT_3D('',#6407,#6408,#6409);
#6407 = CARTESIAN_POINT('',(225.92101,181.175445,-4.6E-02));
#6408 = DIRECTION('',(-0.,-0.,-1.));
#6409 = DIRECTION('',(-0.,-1.,0.));
#6410 = ADVANCED_FACE('',(#6411),#6422,.F.);
#6411 = FACE_BOUND('',#6412,.T.);
#6412 = EDGE_LOOP('',(#6413,#6414,#6420,#6421));
#6413 = ORIENTED_EDGE('',*,*,#1672,.T.);
#6414 = ORIENTED_EDGE('',*,*,#6415,.T.);
#6415 = EDGE_CURVE('',#1673,#3519,#6416,.T.);
#6416 = LINE('',#6417,#6418);
#6417 = CARTESIAN_POINT('',(228.46101,180.665445,-4.6E-02));
#6418 = VECTOR('',#6419,1.);
#6419 = DIRECTION('',(0.,0.,1.));
#6420 = ORIENTED_EDGE('',*,*,#3518,.F.);
#6421 = ORIENTED_EDGE('',*,*,#6415,.F.);
#6422 = CYLINDRICAL_SURFACE('',#6423,0.51);
#6423 = AXIS2_PLACEMENT_3D('',#6424,#6425,#6426);
#6424 = CARTESIAN_POINT('',(228.46101,181.175445,-4.6E-02));
#6425 = DIRECTION('',(-0.,-0.,-1.));
#6426 = DIRECTION('',(-0.,-1.,0.));
#6427 = ADVANCED_FACE('',(#6428),#6439,.F.);
#6428 = FACE_BOUND('',#6429,.T.);
#6429 = EDGE_LOOP('',(#6430,#6431,#6437,#6438));
#6430 = ORIENTED_EDGE('',*,*,#1683,.T.);
#6431 = ORIENTED_EDGE('',*,*,#6432,.T.);
#6432 = EDGE_CURVE('',#1684,#3530,#6433,.T.);
#6433 = LINE('',#6434,#6435);
#6434 = CARTESIAN_POINT('',(225.92101,183.205445,-4.6E-02));
#6435 = VECTOR('',#6436,1.);
#6436 = DIRECTION('',(0.,0.,1.));
#6437 = ORIENTED_EDGE('',*,*,#3529,.F.);
#6438 = ORIENTED_EDGE('',*,*,#6432,.F.);
#6439 = CYLINDRICAL_SURFACE('',#6440,0.51);
#6440 = AXIS2_PLACEMENT_3D('',#6441,#6442,#6443);
#6441 = CARTESIAN_POINT('',(225.92101,183.715445,-4.6E-02));
#6442 = DIRECTION('',(-0.,-0.,-1.));
#6443 = DIRECTION('',(-0.,-1.,0.));
#6444 = ADVANCED_FACE('',(#6445),#6456,.F.);
#6445 = FACE_BOUND('',#6446,.T.);
#6446 = EDGE_LOOP('',(#6447,#6448,#6454,#6455));
#6447 = ORIENTED_EDGE('',*,*,#1694,.T.);
#6448 = ORIENTED_EDGE('',*,*,#6449,.T.);
#6449 = EDGE_CURVE('',#1695,#3541,#6450,.T.);
#6450 = LINE('',#6451,#6452);
#6451 = CARTESIAN_POINT('',(228.46101,183.205445,-4.6E-02));
#6452 = VECTOR('',#6453,1.);
#6453 = DIRECTION('',(0.,0.,1.));
#6454 = ORIENTED_EDGE('',*,*,#3540,.F.);
#6455 = ORIENTED_EDGE('',*,*,#6449,.F.);
#6456 = CYLINDRICAL_SURFACE('',#6457,0.51);
#6457 = AXIS2_PLACEMENT_3D('',#6458,#6459,#6460);
#6458 = CARTESIAN_POINT('',(228.46101,183.715445,-4.6E-02));
#6459 = DIRECTION('',(-0.,-0.,-1.));
#6460 = DIRECTION('',(-0.,-1.,0.));
#6461 = ADVANCED_FACE('',(#6462),#6478,.F.);
#6462 = FACE_BOUND('',#6463,.T.);
#6463 = EDGE_LOOP('',(#6464,#6465,#6471,#6472));
#6464 = ORIENTED_EDGE('',*,*,#1705,.T.);
#6465 = ORIENTED_EDGE('',*,*,#6466,.T.);
#6466 = EDGE_CURVE('',#1708,#3554,#6467,.T.);
#6467 = LINE('',#6468,#6469);
#6468 = CARTESIAN_POINT('',(243.95501,171.280475,-4.6E-02));
#6469 = VECTOR('',#6470,1.);
#6470 = DIRECTION('',(0.,0.,1.));
#6471 = ORIENTED_EDGE('',*,*,#3551,.F.);
#6472 = ORIENTED_EDGE('',*,*,#6473,.F.);
#6473 = EDGE_CURVE('',#1706,#3552,#6474,.T.);
#6474 = LINE('',#6475,#6476);
#6475 = CARTESIAN_POINT('',(243.95501,172.042475,-4.6E-02));
#6476 = VECTOR('',#6477,1.);
#6477 = DIRECTION('',(0.,0.,1.));
#6478 = CYLINDRICAL_SURFACE('',#6479,0.381);
#6479 = AXIS2_PLACEMENT_3D('',#6480,#6481,#6482);
#6480 = CARTESIAN_POINT('',(243.95501,171.661475,-4.6E-02));
#6481 = DIRECTION('',(-0.,-0.,-1.));
#6482 = DIRECTION('',(-7.459766254699E-14,-1.,0.));
#6483 = ADVANCED_FACE('',(#6484),#6495,.T.);
#6484 = FACE_BOUND('',#6485,.T.);
#6485 = EDGE_LOOP('',(#6486,#6487,#6488,#6489));
#6486 = ORIENTED_EDGE('',*,*,#1733,.T.);
#6487 = ORIENTED_EDGE('',*,*,#6473,.T.);
#6488 = ORIENTED_EDGE('',*,*,#3579,.F.);
#6489 = ORIENTED_EDGE('',*,*,#6490,.F.);
#6490 = EDGE_CURVE('',#1725,#3571,#6491,.T.);
#6491 = LINE('',#6492,#6493);
#6492 = CARTESIAN_POINT('',(235.82701,172.042475,-4.6E-02));
#6493 = VECTOR('',#6494,1.);
#6494 = DIRECTION('',(0.,0.,1.));
#6495 = PLANE('',#6496);
#6496 = AXIS2_PLACEMENT_3D('',#6497,#6498,#6499);
#6497 = CARTESIAN_POINT('',(243.95501,172.042475,-4.6E-02));
#6498 = DIRECTION('',(0.,-1.,0.));
#6499 = DIRECTION('',(-1.,0.,0.));
#6500 = ADVANCED_FACE('',(#6501),#6512,.F.);
#6501 = FACE_BOUND('',#6502,.T.);
#6502 = EDGE_LOOP('',(#6503,#6504,#6505,#6506));
#6503 = ORIENTED_EDGE('',*,*,#1724,.T.);
#6504 = ORIENTED_EDGE('',*,*,#6490,.T.);
#6505 = ORIENTED_EDGE('',*,*,#3570,.F.);
#6506 = ORIENTED_EDGE('',*,*,#6507,.F.);
#6507 = EDGE_CURVE('',#1717,#3563,#6508,.T.);
#6508 = LINE('',#6509,#6510);
#6509 = CARTESIAN_POINT('',(235.82701,171.280475,-4.6E-02));
#6510 = VECTOR('',#6511,1.);
#6511 = DIRECTION('',(0.,0.,1.));
#6512 = CYLINDRICAL_SURFACE('',#6513,0.381);
#6513 = AXIS2_PLACEMENT_3D('',#6514,#6515,#6516);
#6514 = CARTESIAN_POINT('',(235.82701,171.661475,-4.6E-02));
#6515 = DIRECTION('',(-0.,-0.,-1.));
#6516 = DIRECTION('',(7.459766254699E-14,1.,-0.));
#6517 = ADVANCED_FACE('',(#6518),#6524,.T.);
#6518 = FACE_BOUND('',#6519,.T.);
#6519 = EDGE_LOOP('',(#6520,#6521,#6522,#6523));
#6520 = ORIENTED_EDGE('',*,*,#1716,.T.);
#6521 = ORIENTED_EDGE('',*,*,#6507,.T.);
#6522 = ORIENTED_EDGE('',*,*,#3562,.F.);
#6523 = ORIENTED_EDGE('',*,*,#6466,.F.);
#6524 = PLANE('',#6525);
#6525 = AXIS2_PLACEMENT_3D('',#6526,#6527,#6528);
#6526 = CARTESIAN_POINT('',(235.82701,171.280475,-4.6E-02));
#6527 = DIRECTION('',(0.,1.,0.));
#6528 = DIRECTION('',(1.,0.,0.));
#6529 = ADVANCED_FACE('',(#6530),#6541,.F.);
#6530 = FACE_BOUND('',#6531,.T.);
#6531 = EDGE_LOOP('',(#6532,#6533,#6539,#6540));
#6532 = ORIENTED_EDGE('',*,*,#1741,.T.);
#6533 = ORIENTED_EDGE('',*,*,#6534,.T.);
#6534 = EDGE_CURVE('',#1742,#3588,#6535,.T.);
#6535 = LINE('',#6536,#6537);
#6536 = CARTESIAN_POINT('',(246.64703,168.549975,-4.6E-02));
#6537 = VECTOR('',#6538,1.);
#6538 = DIRECTION('',(0.,0.,1.));
#6539 = ORIENTED_EDGE('',*,*,#3587,.F.);
#6540 = ORIENTED_EDGE('',*,*,#6534,.F.);
#6541 = CYLINDRICAL_SURFACE('',#6542,1.5875);
#6542 = AXIS2_PLACEMENT_3D('',#6543,#6544,#6545);
#6543 = CARTESIAN_POINT('',(246.64703,170.137475,-4.6E-02));
#6544 = DIRECTION('',(-0.,-0.,-1.));
#6545 = DIRECTION('',(-0.,-1.,0.));
#6546 = ADVANCED_FACE('',(#6547),#6558,.F.);
#6547 = FACE_BOUND('',#6548,.T.);
#6548 = EDGE_LOOP('',(#6549,#6550,#6556,#6557));
#6549 = ORIENTED_EDGE('',*,*,#1752,.T.);
#6550 = ORIENTED_EDGE('',*,*,#6551,.T.);
#6551 = EDGE_CURVE('',#1753,#3599,#6552,.T.);
#6552 = LINE('',#6553,#6554);
#6553 = CARTESIAN_POINT('',(231.00101,175.139475,-4.6E-02));
#6554 = VECTOR('',#6555,1.);
#6555 = DIRECTION('',(0.,0.,1.));
#6556 = ORIENTED_EDGE('',*,*,#3598,.F.);
#6557 = ORIENTED_EDGE('',*,*,#6551,.F.);
#6558 = CYLINDRICAL_SURFACE('',#6559,0.51);
#6559 = AXIS2_PLACEMENT_3D('',#6560,#6561,#6562);
#6560 = CARTESIAN_POINT('',(231.00101,175.649475,-4.6E-02));
#6561 = DIRECTION('',(-0.,-0.,-1.));
#6562 = DIRECTION('',(-0.,-1.,0.));
#6563 = ADVANCED_FACE('',(#6564),#6575,.F.);
#6564 = FACE_BOUND('',#6565,.T.);
#6565 = EDGE_LOOP('',(#6566,#6567,#6573,#6574));
#6566 = ORIENTED_EDGE('',*,*,#1763,.T.);
#6567 = ORIENTED_EDGE('',*,*,#6568,.T.);
#6568 = EDGE_CURVE('',#1764,#3610,#6569,.T.);
#6569 = LINE('',#6570,#6571);
#6570 = CARTESIAN_POINT('',(233.54101,175.139475,-4.6E-02));
#6571 = VECTOR('',#6572,1.);
#6572 = DIRECTION('',(0.,0.,1.));
#6573 = ORIENTED_EDGE('',*,*,#3609,.F.);
#6574 = ORIENTED_EDGE('',*,*,#6568,.F.);
#6575 = CYLINDRICAL_SURFACE('',#6576,0.51);
#6576 = AXIS2_PLACEMENT_3D('',#6577,#6578,#6579);
#6577 = CARTESIAN_POINT('',(233.54101,175.649475,-4.6E-02));
#6578 = DIRECTION('',(-0.,-0.,-1.));
#6579 = DIRECTION('',(-0.,-1.,0.));
#6580 = ADVANCED_FACE('',(#6581),#6592,.F.);
#6581 = FACE_BOUND('',#6582,.T.);
#6582 = EDGE_LOOP('',(#6583,#6584,#6590,#6591));
#6583 = ORIENTED_EDGE('',*,*,#1774,.T.);
#6584 = ORIENTED_EDGE('',*,*,#6585,.T.);
#6585 = EDGE_CURVE('',#1775,#3621,#6586,.T.);
#6586 = LINE('',#6587,#6588);
#6587 = CARTESIAN_POINT('',(236.08101,175.139475,-4.6E-02));
#6588 = VECTOR('',#6589,1.);
#6589 = DIRECTION('',(0.,0.,1.));
#6590 = ORIENTED_EDGE('',*,*,#3620,.F.);
#6591 = ORIENTED_EDGE('',*,*,#6585,.F.);
#6592 = CYLINDRICAL_SURFACE('',#6593,0.51);
#6593 = AXIS2_PLACEMENT_3D('',#6594,#6595,#6596);
#6594 = CARTESIAN_POINT('',(236.08101,175.649475,-4.6E-02));
#6595 = DIRECTION('',(-0.,-0.,-1.));
#6596 = DIRECTION('',(-0.,-1.,0.));
#6597 = ADVANCED_FACE('',(#6598),#6609,.F.);
#6598 = FACE_BOUND('',#6599,.T.);
#6599 = EDGE_LOOP('',(#6600,#6601,#6607,#6608));
#6600 = ORIENTED_EDGE('',*,*,#1785,.T.);
#6601 = ORIENTED_EDGE('',*,*,#6602,.T.);
#6602 = EDGE_CURVE('',#1786,#3632,#6603,.T.);
#6603 = LINE('',#6604,#6605);
#6604 = CARTESIAN_POINT('',(231.00101,177.679475,-4.6E-02));
#6605 = VECTOR('',#6606,1.);
#6606 = DIRECTION('',(0.,0.,1.));
#6607 = ORIENTED_EDGE('',*,*,#3631,.F.);
#6608 = ORIENTED_EDGE('',*,*,#6602,.F.);
#6609 = CYLINDRICAL_SURFACE('',#6610,0.51);
#6610 = AXIS2_PLACEMENT_3D('',#6611,#6612,#6613);
#6611 = CARTESIAN_POINT('',(231.00101,178.189475,-4.6E-02));
#6612 = DIRECTION('',(-0.,-0.,-1.));
#6613 = DIRECTION('',(-0.,-1.,0.));
#6614 = ADVANCED_FACE('',(#6615),#6626,.F.);
#6615 = FACE_BOUND('',#6616,.T.);
#6616 = EDGE_LOOP('',(#6617,#6618,#6624,#6625));
#6617 = ORIENTED_EDGE('',*,*,#1796,.T.);
#6618 = ORIENTED_EDGE('',*,*,#6619,.T.);
#6619 = EDGE_CURVE('',#1797,#3643,#6620,.T.);
#6620 = LINE('',#6621,#6622);
#6621 = CARTESIAN_POINT('',(233.54101,177.679475,-4.6E-02));
#6622 = VECTOR('',#6623,1.);
#6623 = DIRECTION('',(0.,0.,1.));
#6624 = ORIENTED_EDGE('',*,*,#3642,.F.);
#6625 = ORIENTED_EDGE('',*,*,#6619,.F.);
#6626 = CYLINDRICAL_SURFACE('',#6627,0.51);
#6627 = AXIS2_PLACEMENT_3D('',#6628,#6629,#6630);
#6628 = CARTESIAN_POINT('',(233.54101,178.189475,-4.6E-02));
#6629 = DIRECTION('',(-0.,-0.,-1.));
#6630 = DIRECTION('',(-0.,-1.,0.));
#6631 = ADVANCED_FACE('',(#6632),#6643,.F.);
#6632 = FACE_BOUND('',#6633,.T.);
#6633 = EDGE_LOOP('',(#6634,#6635,#6641,#6642));
#6634 = ORIENTED_EDGE('',*,*,#1807,.T.);
#6635 = ORIENTED_EDGE('',*,*,#6636,.T.);
#6636 = EDGE_CURVE('',#1808,#3654,#6637,.T.);
#6637 = LINE('',#6638,#6639);
#6638 = CARTESIAN_POINT('',(236.08101,177.679475,-4.6E-02));
#6639 = VECTOR('',#6640,1.);
#6640 = DIRECTION('',(0.,0.,1.));
#6641 = ORIENTED_EDGE('',*,*,#3653,.F.);
#6642 = ORIENTED_EDGE('',*,*,#6636,.F.);
#6643 = CYLINDRICAL_SURFACE('',#6644,0.51);
#6644 = AXIS2_PLACEMENT_3D('',#6645,#6646,#6647);
#6645 = CARTESIAN_POINT('',(236.08101,178.189475,-4.6E-02));
#6646 = DIRECTION('',(-0.,-0.,-1.));
#6647 = DIRECTION('',(-0.,-1.,0.));
#6648 = ADVANCED_FACE('',(#6649),#6660,.F.);
#6649 = FACE_BOUND('',#6650,.T.);
#6650 = EDGE_LOOP('',(#6651,#6652,#6658,#6659));
#6651 = ORIENTED_EDGE('',*,*,#1818,.T.);
#6652 = ORIENTED_EDGE('',*,*,#6653,.T.);
#6653 = EDGE_CURVE('',#1819,#3665,#6654,.T.);
#6654 = LINE('',#6655,#6656);
#6655 = CARTESIAN_POINT('',(238.62101,175.139475,-4.6E-02));
#6656 = VECTOR('',#6657,1.);
#6657 = DIRECTION('',(0.,0.,1.));
#6658 = ORIENTED_EDGE('',*,*,#3664,.F.);
#6659 = ORIENTED_EDGE('',*,*,#6653,.F.);
#6660 = CYLINDRICAL_SURFACE('',#6661,0.51);
#6661 = AXIS2_PLACEMENT_3D('',#6662,#6663,#6664);
#6662 = CARTESIAN_POINT('',(238.62101,175.649475,-4.6E-02));
#6663 = DIRECTION('',(-0.,-0.,-1.));
#6664 = DIRECTION('',(-0.,-1.,0.));
#6665 = ADVANCED_FACE('',(#6666),#6677,.F.);
#6666 = FACE_BOUND('',#6667,.T.);
#6667 = EDGE_LOOP('',(#6668,#6669,#6675,#6676));
#6668 = ORIENTED_EDGE('',*,*,#1829,.T.);
#6669 = ORIENTED_EDGE('',*,*,#6670,.T.);
#6670 = EDGE_CURVE('',#1830,#3676,#6671,.T.);
#6671 = LINE('',#6672,#6673);
#6672 = CARTESIAN_POINT('',(241.16101,175.139475,-4.6E-02));
#6673 = VECTOR('',#6674,1.);
#6674 = DIRECTION('',(0.,0.,1.));
#6675 = ORIENTED_EDGE('',*,*,#3675,.F.);
#6676 = ORIENTED_EDGE('',*,*,#6670,.F.);
#6677 = CYLINDRICAL_SURFACE('',#6678,0.51);
#6678 = AXIS2_PLACEMENT_3D('',#6679,#6680,#6681);
#6679 = CARTESIAN_POINT('',(241.16101,175.649475,-4.6E-02));
#6680 = DIRECTION('',(-0.,-0.,-1.));
#6681 = DIRECTION('',(-0.,-1.,0.));
#6682 = ADVANCED_FACE('',(#6683),#6694,.F.);
#6683 = FACE_BOUND('',#6684,.T.);
#6684 = EDGE_LOOP('',(#6685,#6686,#6692,#6693));
#6685 = ORIENTED_EDGE('',*,*,#1840,.T.);
#6686 = ORIENTED_EDGE('',*,*,#6687,.T.);
#6687 = EDGE_CURVE('',#1841,#3687,#6688,.T.);
#6688 = LINE('',#6689,#6690);
#6689 = CARTESIAN_POINT('',(238.62101,177.679475,-4.6E-02));
#6690 = VECTOR('',#6691,1.);
#6691 = DIRECTION('',(0.,0.,1.));
#6692 = ORIENTED_EDGE('',*,*,#3686,.F.);
#6693 = ORIENTED_EDGE('',*,*,#6687,.F.);
#6694 = CYLINDRICAL_SURFACE('',#6695,0.51);
#6695 = AXIS2_PLACEMENT_3D('',#6696,#6697,#6698);
#6696 = CARTESIAN_POINT('',(238.62101,178.189475,-4.6E-02));
#6697 = DIRECTION('',(-0.,-0.,-1.));
#6698 = DIRECTION('',(-0.,-1.,0.));
#6699 = ADVANCED_FACE('',(#6700),#6711,.F.);
#6700 = FACE_BOUND('',#6701,.T.);
#6701 = EDGE_LOOP('',(#6702,#6703,#6709,#6710));
#6702 = ORIENTED_EDGE('',*,*,#1851,.T.);
#6703 = ORIENTED_EDGE('',*,*,#6704,.T.);
#6704 = EDGE_CURVE('',#1852,#3698,#6705,.T.);
#6705 = LINE('',#6706,#6707);
#6706 = CARTESIAN_POINT('',(241.16101,177.679475,-4.6E-02));
#6707 = VECTOR('',#6708,1.);
#6708 = DIRECTION('',(0.,0.,1.));
#6709 = ORIENTED_EDGE('',*,*,#3697,.F.);
#6710 = ORIENTED_EDGE('',*,*,#6704,.F.);
#6711 = CYLINDRICAL_SURFACE('',#6712,0.51);
#6712 = AXIS2_PLACEMENT_3D('',#6713,#6714,#6715);
#6713 = CARTESIAN_POINT('',(241.16101,178.189475,-4.6E-02));
#6714 = DIRECTION('',(-0.,-0.,-1.));
#6715 = DIRECTION('',(-0.,-1.,0.));
#6716 = ADVANCED_FACE('',(#6717),#6728,.F.);
#6717 = FACE_BOUND('',#6718,.T.);
#6718 = EDGE_LOOP('',(#6719,#6720,#6726,#6727));
#6719 = ORIENTED_EDGE('',*,*,#1862,.T.);
#6720 = ORIENTED_EDGE('',*,*,#6721,.T.);
#6721 = EDGE_CURVE('',#1863,#3709,#6722,.T.);
#6722 = LINE('',#6723,#6724);
#6723 = CARTESIAN_POINT('',(231.00101,180.665445,-4.6E-02));
#6724 = VECTOR('',#6725,1.);
#6725 = DIRECTION('',(0.,0.,1.));
#6726 = ORIENTED_EDGE('',*,*,#3708,.F.);
#6727 = ORIENTED_EDGE('',*,*,#6721,.F.);
#6728 = CYLINDRICAL_SURFACE('',#6729,0.51);
#6729 = AXIS2_PLACEMENT_3D('',#6730,#6731,#6732);
#6730 = CARTESIAN_POINT('',(231.00101,181.175445,-4.6E-02));
#6731 = DIRECTION('',(-0.,-0.,-1.));
#6732 = DIRECTION('',(-0.,-1.,0.));
#6733 = ADVANCED_FACE('',(#6734),#6745,.F.);
#6734 = FACE_BOUND('',#6735,.T.);
#6735 = EDGE_LOOP('',(#6736,#6737,#6743,#6744));
#6736 = ORIENTED_EDGE('',*,*,#1873,.T.);
#6737 = ORIENTED_EDGE('',*,*,#6738,.T.);
#6738 = EDGE_CURVE('',#1874,#3720,#6739,.T.);
#6739 = LINE('',#6740,#6741);
#6740 = CARTESIAN_POINT('',(233.54101,180.665445,-4.6E-02));
#6741 = VECTOR('',#6742,1.);
#6742 = DIRECTION('',(0.,0.,1.));
#6743 = ORIENTED_EDGE('',*,*,#3719,.F.);
#6744 = ORIENTED_EDGE('',*,*,#6738,.F.);
#6745 = CYLINDRICAL_SURFACE('',#6746,0.51);
#6746 = AXIS2_PLACEMENT_3D('',#6747,#6748,#6749);
#6747 = CARTESIAN_POINT('',(233.54101,181.175445,-4.6E-02));
#6748 = DIRECTION('',(-0.,-0.,-1.));
#6749 = DIRECTION('',(-0.,-1.,0.));
#6750 = ADVANCED_FACE('',(#6751),#6762,.F.);
#6751 = FACE_BOUND('',#6752,.T.);
#6752 = EDGE_LOOP('',(#6753,#6754,#6760,#6761));
#6753 = ORIENTED_EDGE('',*,*,#1884,.T.);
#6754 = ORIENTED_EDGE('',*,*,#6755,.T.);
#6755 = EDGE_CURVE('',#1885,#3731,#6756,.T.);
#6756 = LINE('',#6757,#6758);
#6757 = CARTESIAN_POINT('',(236.08101,180.665445,-4.6E-02));
#6758 = VECTOR('',#6759,1.);
#6759 = DIRECTION('',(0.,0.,1.));
#6760 = ORIENTED_EDGE('',*,*,#3730,.F.);
#6761 = ORIENTED_EDGE('',*,*,#6755,.F.);
#6762 = CYLINDRICAL_SURFACE('',#6763,0.51);
#6763 = AXIS2_PLACEMENT_3D('',#6764,#6765,#6766);
#6764 = CARTESIAN_POINT('',(236.08101,181.175445,-4.6E-02));
#6765 = DIRECTION('',(-0.,-0.,-1.));
#6766 = DIRECTION('',(-0.,-1.,0.));
#6767 = ADVANCED_FACE('',(#6768),#6779,.F.);
#6768 = FACE_BOUND('',#6769,.T.);
#6769 = EDGE_LOOP('',(#6770,#6771,#6777,#6778));
#6770 = ORIENTED_EDGE('',*,*,#1895,.T.);
#6771 = ORIENTED_EDGE('',*,*,#6772,.T.);
#6772 = EDGE_CURVE('',#1896,#3742,#6773,.T.);
#6773 = LINE('',#6774,#6775);
#6774 = CARTESIAN_POINT('',(231.00101,183.205445,-4.6E-02));
#6775 = VECTOR('',#6776,1.);
#6776 = DIRECTION('',(0.,0.,1.));
#6777 = ORIENTED_EDGE('',*,*,#3741,.F.);
#6778 = ORIENTED_EDGE('',*,*,#6772,.F.);
#6779 = CYLINDRICAL_SURFACE('',#6780,0.51);
#6780 = AXIS2_PLACEMENT_3D('',#6781,#6782,#6783);
#6781 = CARTESIAN_POINT('',(231.00101,183.715445,-4.6E-02));
#6782 = DIRECTION('',(-0.,-0.,-1.));
#6783 = DIRECTION('',(-0.,-1.,0.));
#6784 = ADVANCED_FACE('',(#6785),#6796,.F.);
#6785 = FACE_BOUND('',#6786,.T.);
#6786 = EDGE_LOOP('',(#6787,#6788,#6794,#6795));
#6787 = ORIENTED_EDGE('',*,*,#1906,.T.);
#6788 = ORIENTED_EDGE('',*,*,#6789,.T.);
#6789 = EDGE_CURVE('',#1907,#3753,#6790,.T.);
#6790 = LINE('',#6791,#6792);
#6791 = CARTESIAN_POINT('',(233.54101,183.205445,-4.6E-02));
#6792 = VECTOR('',#6793,1.);
#6793 = DIRECTION('',(0.,0.,1.));
#6794 = ORIENTED_EDGE('',*,*,#3752,.F.);
#6795 = ORIENTED_EDGE('',*,*,#6789,.F.);
#6796 = CYLINDRICAL_SURFACE('',#6797,0.51);
#6797 = AXIS2_PLACEMENT_3D('',#6798,#6799,#6800);
#6798 = CARTESIAN_POINT('',(233.54101,183.715445,-4.6E-02));
#6799 = DIRECTION('',(-0.,-0.,-1.));
#6800 = DIRECTION('',(-0.,-1.,0.));
#6801 = ADVANCED_FACE('',(#6802),#6813,.F.);
#6802 = FACE_BOUND('',#6803,.T.);
#6803 = EDGE_LOOP('',(#6804,#6805,#6811,#6812));
#6804 = ORIENTED_EDGE('',*,*,#1917,.T.);
#6805 = ORIENTED_EDGE('',*,*,#6806,.T.);
#6806 = EDGE_CURVE('',#1918,#3764,#6807,.T.);
#6807 = LINE('',#6808,#6809);
#6808 = CARTESIAN_POINT('',(236.08101,183.205445,-4.6E-02));
#6809 = VECTOR('',#6810,1.);
#6810 = DIRECTION('',(0.,0.,1.));
#6811 = ORIENTED_EDGE('',*,*,#3763,.F.);
#6812 = ORIENTED_EDGE('',*,*,#6806,.F.);
#6813 = CYLINDRICAL_SURFACE('',#6814,0.51);
#6814 = AXIS2_PLACEMENT_3D('',#6815,#6816,#6817);
#6815 = CARTESIAN_POINT('',(236.08101,183.715445,-4.6E-02));
#6816 = DIRECTION('',(-0.,-0.,-1.));
#6817 = DIRECTION('',(-0.,-1.,0.));
#6818 = ADVANCED_FACE('',(#6819),#6830,.F.);
#6819 = FACE_BOUND('',#6820,.T.);
#6820 = EDGE_LOOP('',(#6821,#6822,#6828,#6829));
#6821 = ORIENTED_EDGE('',*,*,#1928,.T.);
#6822 = ORIENTED_EDGE('',*,*,#6823,.T.);
#6823 = EDGE_CURVE('',#1929,#3775,#6824,.T.);
#6824 = LINE('',#6825,#6826);
#6825 = CARTESIAN_POINT('',(238.62101,180.665445,-4.6E-02));
#6826 = VECTOR('',#6827,1.);
#6827 = DIRECTION('',(0.,0.,1.));
#6828 = ORIENTED_EDGE('',*,*,#3774,.F.);
#6829 = ORIENTED_EDGE('',*,*,#6823,.F.);
#6830 = CYLINDRICAL_SURFACE('',#6831,0.51);
#6831 = AXIS2_PLACEMENT_3D('',#6832,#6833,#6834);
#6832 = CARTESIAN_POINT('',(238.62101,181.175445,-4.6E-02));
#6833 = DIRECTION('',(-0.,-0.,-1.));
#6834 = DIRECTION('',(-0.,-1.,0.));
#6835 = ADVANCED_FACE('',(#6836),#6847,.F.);
#6836 = FACE_BOUND('',#6837,.T.);
#6837 = EDGE_LOOP('',(#6838,#6839,#6845,#6846));
#6838 = ORIENTED_EDGE('',*,*,#1939,.T.);
#6839 = ORIENTED_EDGE('',*,*,#6840,.T.);
#6840 = EDGE_CURVE('',#1940,#3786,#6841,.T.);
#6841 = LINE('',#6842,#6843);
#6842 = CARTESIAN_POINT('',(241.16101,180.665445,-4.6E-02));
#6843 = VECTOR('',#6844,1.);
#6844 = DIRECTION('',(0.,0.,1.));
#6845 = ORIENTED_EDGE('',*,*,#3785,.F.);
#6846 = ORIENTED_EDGE('',*,*,#6840,.F.);
#6847 = CYLINDRICAL_SURFACE('',#6848,0.51);
#6848 = AXIS2_PLACEMENT_3D('',#6849,#6850,#6851);
#6849 = CARTESIAN_POINT('',(241.16101,181.175445,-4.6E-02));
#6850 = DIRECTION('',(-0.,-0.,-1.));
#6851 = DIRECTION('',(-0.,-1.,0.));
#6852 = ADVANCED_FACE('',(#6853),#6864,.F.);
#6853 = FACE_BOUND('',#6854,.T.);
#6854 = EDGE_LOOP('',(#6855,#6856,#6862,#6863));
#6855 = ORIENTED_EDGE('',*,*,#1950,.T.);
#6856 = ORIENTED_EDGE('',*,*,#6857,.T.);
#6857 = EDGE_CURVE('',#1951,#3797,#6858,.T.);
#6858 = LINE('',#6859,#6860);
#6859 = CARTESIAN_POINT('',(238.62101,183.205445,-4.6E-02));
#6860 = VECTOR('',#6861,1.);
#6861 = DIRECTION('',(0.,0.,1.));
#6862 = ORIENTED_EDGE('',*,*,#3796,.F.);
#6863 = ORIENTED_EDGE('',*,*,#6857,.F.);
#6864 = CYLINDRICAL_SURFACE('',#6865,0.51);
#6865 = AXIS2_PLACEMENT_3D('',#6866,#6867,#6868);
#6866 = CARTESIAN_POINT('',(238.62101,183.715445,-4.6E-02));
#6867 = DIRECTION('',(-0.,-0.,-1.));
#6868 = DIRECTION('',(-0.,-1.,0.));
#6869 = ADVANCED_FACE('',(#6870),#6881,.F.);
#6870 = FACE_BOUND('',#6871,.T.);
#6871 = EDGE_LOOP('',(#6872,#6873,#6879,#6880));
#6872 = ORIENTED_EDGE('',*,*,#1961,.T.);
#6873 = ORIENTED_EDGE('',*,*,#6874,.T.);
#6874 = EDGE_CURVE('',#1962,#3808,#6875,.T.);
#6875 = LINE('',#6876,#6877);
#6876 = CARTESIAN_POINT('',(241.16101,183.205445,-4.6E-02));
#6877 = VECTOR('',#6878,1.);
#6878 = DIRECTION('',(0.,0.,1.));
#6879 = ORIENTED_EDGE('',*,*,#3807,.F.);
#6880 = ORIENTED_EDGE('',*,*,#6874,.F.);
#6881 = CYLINDRICAL_SURFACE('',#6882,0.51);
#6882 = AXIS2_PLACEMENT_3D('',#6883,#6884,#6885);
#6883 = CARTESIAN_POINT('',(241.16101,183.715445,-4.6E-02));
#6884 = DIRECTION('',(-0.,-0.,-1.));
#6885 = DIRECTION('',(-0.,-1.,0.));
#6886 = ADVANCED_FACE('',(#6887),#6898,.F.);
#6887 = FACE_BOUND('',#6888,.T.);
#6888 = EDGE_LOOP('',(#6889,#6890,#6896,#6897));
#6889 = ORIENTED_EDGE('',*,*,#1972,.T.);
#6890 = ORIENTED_EDGE('',*,*,#6891,.T.);
#6891 = EDGE_CURVE('',#1973,#3819,#6892,.T.);
#6892 = LINE('',#6893,#6894);
#6893 = CARTESIAN_POINT('',(246.64703,181.503975,-4.6E-02));
#6894 = VECTOR('',#6895,1.);
#6895 = DIRECTION('',(0.,0.,1.));
#6896 = ORIENTED_EDGE('',*,*,#3818,.F.);
#6897 = ORIENTED_EDGE('',*,*,#6891,.F.);
#6898 = CYLINDRICAL_SURFACE('',#6899,1.5875);
#6899 = AXIS2_PLACEMENT_3D('',#6900,#6901,#6902);
#6900 = CARTESIAN_POINT('',(246.64703,183.091475,-4.6E-02));
#6901 = DIRECTION('',(-0.,-0.,-1.));
#6902 = DIRECTION('',(-0.,-1.,0.));
#6903 = ( GEOMETRIC_REPRESENTATION_CONTEXT(3) 
GLOBAL_UNCERTAINTY_ASSIGNED_CONTEXT((#6907)) 
GLOBAL_UNIT_ASSIGNED_CONTEXT((#6904,#6905,#6906)) REPRESENTATION_CONTEXT
('Context #1','3D Context with UNIT and UNCERTAINTY') );
#6904 = ( LENGTH_UNIT() NAMED_UNIT(*) SI_UNIT(.MILLI.,.METRE.) );
#6905 = ( NAMED_UNIT(*) PLANE_ANGLE_UNIT() SI_UNIT($,.RADIAN.) );
#6906 = ( NAMED_UNIT(*) SI_UNIT($,.STERADIAN.) SOLID_ANGLE_UNIT() );
#6907 = UNCERTAINTY_MEASURE_WITH_UNIT(LENGTH_MEASURE(1.E-07),#6904,
  'distance_accuracy_value','confusion accuracy');
#6908 = CONTEXT_DEPENDENT_SHAPE_REPRESENTATION(#6909,#6911);
#6909 = ( REPRESENTATION_RELATIONSHIP('','',#32,#10) 
REPRESENTATION_RELATIONSHIP_WITH_TRANSFORMATION(#6910) 
SHAPE_REPRESENTATION_RELATIONSHIP() );
#6910 = ITEM_DEFINED_TRANSFORMATION('','',#11,#15);
#6911 = PRODUCT_DEFINITION_SHAPE('Placement','Placement of an item',
  #6912);
#6912 = NEXT_ASSEMBLY_USAGE_OCCURRENCE('1','=>[0:1:1:2]','',#5,#27,$);
#6913 = PRODUCT_RELATED_PRODUCT_CATEGORY('part',$,(#29));
#6914 = MECHANICAL_DESIGN_GEOMETRIC_PRESENTATION_REPRESENTATION('',(
    #6915),#6903);
#6915 = STYLED_ITEM('color',(#6916),#33);
#6916 = PRESENTATION_STYLE_ASSIGNMENT((#6917));
#6917 = SURFACE_STYLE_USAGE(.BOTH.,#6918);
#6918 = SURFACE_SIDE_STYLE('',(#6919));
#6919 = SURFACE_STYLE_FILL_AREA(#6920);
#6920 = FILL_AREA_STYLE('',(#6921));
#6921 = FILL_AREA_STYLE_COLOUR('',#6922);
#6922 = COLOUR_RGB('',0.313304153717,0.484529207832,0.410020903123);
ENDSEC;
END-ISO-10303-21;
